PyQUDA INFO: Using default grid mapping
PyQUDA INFO: Using grid size [1, 1, 1, 1]
PyQUDA INFO: Using cupy with cuda as Array API
PyQUDA INFO: Using device 0
PyQUDA INFO: Using QUDA_RESOURCE_PATH=.cache
Disabling GPU-Direct RDMA access
Enabling peer-to-peer copy engine and direct load/store access
QUDA 1.1.0 (git 1.1.0-e23cd7e4f-sm_86)
CUDA Driver version = 12020
CUDA Runtime version = 12020
Graphic driver version = 535.288.01
Found device 0: NVIDIA GeForce RTX 3060
Using device 0: NVIDIA GeForce RTX 3060
Initializing monitoring on device 0: NVIDIA GeForce RTX 3060
WARNING: Data reordering done on GPU (set with QUDA_REORDER_LOCATION=GPU/CPU)
Loaded 250 sets of cached parameters from .cache/tunecache.tsv
WARNING: Using device memory pool allocator
WARNING: Using pinned memory pool allocator
cublasCreated successfully
Processing configurations:   0%|          | 0/50 [00:00<?, ?it/s]BiCGstab: Convergence at 30 iterations, L2 relative residual: iterated = 7.121815e-13, true = 7.121815e-13 (requested = 1.000000e-12)
PyQUDA INFO: Time = 0.409 secs, Performance = 124.735 GFLOPS
BiCGstab: Convergence at 29 iterations, L2 relative residual: iterated = 7.778573e-13, true = 7.778573e-13 (requested = 1.000000e-12)
PyQUDA INFO: Time = 0.150 secs, Performance = 321.321 GFLOPS
BiCGstab: Convergence at 30 iterations, L2 relative residual: iterated = 4.702904e-13, true = 4.702904e-13 (requested = 1.000000e-12)
PyQUDA INFO: Time = 0.156 secs, Performance = 323.231 GFLOPS
BiCGstab: Convergence at 30 iterations, L2 relative residual: iterated = 3.429196e-13, true = 3.429196e-13 (requested = 1.000000e-12)
PyQUDA INFO: Time = 0.156 secs, Performance = 322.113 GFLOPS
BiCGstab: Convergence at 30 iterations, L2 relative residual: iterated = 4.350965e-13, true = 4.350965e-13 (requested = 1.000000e-12)
PyQUDA INFO: Time = 0.149 secs, Performance = 334.154 GFLOPS
BiCGstab: Convergence at 30 iterations, L2 relative residual: iterated = 4.305718e-13, true = 4.305718e-13 (requested = 1.000000e-12)
PyQUDA INFO: Time = 0.148 secs, Performance = 334.796 GFLOPS
BiCGstab: Convergence at 30 iterations, L2 relative residual: iterated = 3.464692e-13, true = 3.464692e-13 (requested = 1.000000e-12)
PyQUDA INFO: Time = 0.156 secs, Performance = 322.287 GFLOPS
BiCGstab: Convergence at 29 iterations, L2 relative residual: iterated = 6.745167e-13, true = 6.745167e-13 (requested = 1.000000e-12)
PyQUDA INFO: Time = 0.154 secs, Performance = 317.668 GFLOPS
BiCGstab: Convergence at 29 iterations, L2 relative residual: iterated = 7.549543e-13, true = 7.549543e-13 (requested = 1.000000e-12)
PyQUDA INFO: Time = 0.146 secs, Performance = 329.399 GFLOPS
BiCGstab: Convergence at 30 iterations, L2 relative residual: iterated = 4.908927e-13, true = 4.908927e-13 (requested = 1.000000e-12)
PyQUDA INFO: Time = 0.156 secs, Performance = 322.252 GFLOPS
BiCGstab: Convergence at 30 iterations, L2 relative residual: iterated = 3.116839e-13, true = 3.116839e-13 (requested = 1.000000e-12)
PyQUDA INFO: Time = 0.156 secs, Performance = 322.085 GFLOPS
BiCGstab: Convergence at 30 iterations, L2 relative residual: iterated = 4.928395e-13, true = 4.928395e-13 (requested = 1.000000e-12)
PyQUDA INFO: Time = 0.156 secs, Performance = 322.215 GFLOPS
BiCGstab: Convergence at 28 iterations, L2 relative residual: iterated = 8.587357e-13, true = 8.587357e-13 (requested = 1.000000e-12)
PyQUDA INFO: Time = 0.171 secs, Performance = 282.114 GFLOPS
BiCGstab: Convergence at 29 iterations, L2 relative residual: iterated = 4.817532e-13, true = 4.817532e-13 (requested = 1.000000e-12)
PyQUDA INFO: Time = 0.154 secs, Performance = 318.440 GFLOPS
BiCGstab: Convergence at 28 iterations, L2 relative residual: iterated = 7.783022e-13, true = 7.783022e-13 (requested = 1.000000e-12)
PyQUDA INFO: Time = 0.151 secs, Performance = 313.544 GFLOPS
BiCGstab: Convergence at 28 iterations, L2 relative residual: iterated = 4.287866e-13, true = 4.287866e-13 (requested = 1.000000e-12)
PyQUDA INFO: Time = 0.151 secs, Performance = 313.635 GFLOPS
BiCGstab: Convergence at 28 iterations, L2 relative residual: iterated = 6.476039e-13, true = 6.476039e-13 (requested = 1.000000e-12)
PyQUDA INFO: Time = 0.152 secs, Performance = 313.182 GFLOPS
BiCGstab: Convergence at 28 iterations, L2 relative residual: iterated = 8.011391e-13, true = 8.011391e-13 (requested = 1.000000e-12)
PyQUDA INFO: Time = 0.152 secs, Performance = 313.091 GFLOPS
BiCGstab: Convergence at 28 iterations, L2 relative residual: iterated = 6.101963e-13, true = 6.101963e-13 (requested = 1.000000e-12)
PyQUDA INFO: Time = 0.148 secs, Performance = 321.641 GFLOPS
BiCGstab: Convergence at 29 iterations, L2 relative residual: iterated = 5.949038e-13, true = 5.949038e-13 (requested = 1.000000e-12)
PyQUDA INFO: Time = 0.154 secs, Performance = 317.868 GFLOPS
BiCGstab: Convergence at 29 iterations, L2 relative residual: iterated = 2.807198e-13, true = 2.807198e-13 (requested = 1.000000e-12)
PyQUDA INFO: Time = 0.146 secs, Performance = 329.448 GFLOPS
BiCGstab: Convergence at 29 iterations, L2 relative residual: iterated = 6.163300e-13, true = 6.163300e-13 (requested = 1.000000e-12)
PyQUDA INFO: Time = 0.154 secs, Performance = 318.398 GFLOPS
BiCGstab: Convergence at 28 iterations, L2 relative residual: iterated = 7.267370e-13, true = 7.267370e-13 (requested = 1.000000e-12)
PyQUDA INFO: Time = 0.144 secs, Performance = 325.211 GFLOPS
BiCGstab: Convergence at 28 iterations, L2 relative residual: iterated = 5.395486e-13, true = 5.395486e-13 (requested = 1.000000e-12)
PyQUDA INFO: Time = 0.152 secs, Performance = 313.074 GFLOPS
BiCGstab: Convergence at 27 iterations, L2 relative residual: iterated = 4.356491e-13, true = 4.356491e-13 (requested = 1.000000e-12)
PyQUDA INFO: Time = 0.161 secs, Performance = 286.368 GFLOPS
BiCGstab: Convergence at 28 iterations, L2 relative residual: iterated = 1.142177e-13, true = 1.142177e-13 (requested = 1.000000e-12)
PyQUDA INFO: Time = 0.152 secs, Performance = 313.050 GFLOPS
BiCGstab: Convergence at 27 iterations, L2 relative residual: iterated = 4.298175e-13, true = 4.298175e-13 (requested = 1.000000e-12)
PyQUDA INFO: Time = 0.149 secs, Performance = 308.364 GFLOPS
BiCGstab: Convergence at 27 iterations, L2 relative residual: iterated = 7.755165e-13, true = 7.755165e-13 (requested = 1.000000e-12)
PyQUDA INFO: Time = 0.157 secs, Performance = 297.616 GFLOPS
BiCGstab: Convergence at 27 iterations, L2 relative residual: iterated = 9.894974e-13, true = 9.894974e-13 (requested = 1.000000e-12)
PyQUDA INFO: Time = 0.149 secs, Performance = 308.027 GFLOPS
BiCGstab: Convergence at 27 iterations, L2 relative residual: iterated = 9.635050e-13, true = 9.635050e-13 (requested = 1.000000e-12)
PyQUDA INFO: Time = 0.149 secs, Performance = 308.750 GFLOPS
BiCGstab: Convergence at 27 iterations, L2 relative residual: iterated = 3.796659e-13, true = 3.796659e-13 (requested = 1.000000e-12)
PyQUDA INFO: Time = 0.149 secs, Performance = 308.225 GFLOPS
BiCGstab: Convergence at 26 iterations, L2 relative residual: iterated = 7.624502e-13, true = 7.624502e-13 (requested = 1.000000e-12)
PyQUDA INFO: Time = 0.147 secs, Performance = 303.061 GFLOPS
BiCGstab: Convergence at 27 iterations, L2 relative residual: iterated = 7.856266e-13, true = 7.856266e-13 (requested = 1.000000e-12)
PyQUDA INFO: Time = 0.157 secs, Performance = 298.020 GFLOPS
BiCGstab: Convergence at 27 iterations, L2 relative residual: iterated = 8.343264e-13, true = 8.343264e-13 (requested = 1.000000e-12)
PyQUDA INFO: Time = 0.149 secs, Performance = 308.283 GFLOPS
BiCGstab: Convergence at 27 iterations, L2 relative residual: iterated = 5.095296e-13, true = 5.095296e-13 (requested = 1.000000e-12)
PyQUDA INFO: Time = 0.142 secs, Performance = 319.758 GFLOPS
BiCGstab: Convergence at 27 iterations, L2 relative residual: iterated = 4.016813e-13, true = 4.016813e-13 (requested = 1.000000e-12)
PyQUDA INFO: Time = 0.149 secs, Performance = 308.225 GFLOPS
BiCGstab: Convergence at 27 iterations, L2 relative residual: iterated = 9.749542e-13, true = 9.749542e-13 (requested = 1.000000e-12)
PyQUDA INFO: Time = 0.161 secs, Performance = 286.378 GFLOPS
BiCGstab: Convergence at 27 iterations, L2 relative residual: iterated = 5.502845e-13, true = 5.502845e-13 (requested = 1.000000e-12)
PyQUDA INFO: Time = 0.149 secs, Performance = 308.236 GFLOPS
BiCGstab: Convergence at 27 iterations, L2 relative residual: iterated = 5.809770e-13, true = 5.809770e-13 (requested = 1.000000e-12)
PyQUDA INFO: Time = 0.142 secs, Performance = 319.904 GFLOPS
BiCGstab: Convergence at 27 iterations, L2 relative residual: iterated = 5.335668e-13, true = 5.335668e-13 (requested = 1.000000e-12)
PyQUDA INFO: Time = 0.149 secs, Performance = 308.124 GFLOPS
BiCGstab: Convergence at 27 iterations, L2 relative residual: iterated = 3.862946e-13, true = 3.862946e-13 (requested = 1.000000e-12)
PyQUDA INFO: Time = 0.149 secs, Performance = 308.180 GFLOPS
BiCGstab: Convergence at 28 iterations, L2 relative residual: iterated = 3.660098e-13, true = 3.660098e-13 (requested = 1.000000e-12)
PyQUDA INFO: Time = 0.144 secs, Performance = 324.782 GFLOPS
BiCGstab: Convergence at 28 iterations, L2 relative residual: iterated = 3.420359e-13, true = 3.420359e-13 (requested = 1.000000e-12)
PyQUDA INFO: Time = 0.151 secs, Performance = 313.513 GFLOPS
BiCGstab: Convergence at 27 iterations, L2 relative residual: iterated = 5.359190e-13, true = 5.359190e-13 (requested = 1.000000e-12)
PyQUDA INFO: Time = 0.142 secs, Performance = 319.814 GFLOPS
BiCGstab: Convergence at 27 iterations, L2 relative residual: iterated = 6.931417e-13, true = 6.931417e-13 (requested = 1.000000e-12)
PyQUDA INFO: Time = 0.142 secs, Performance = 319.823 GFLOPS
BiCGstab: Convergence at 28 iterations, L2 relative residual: iterated = 4.125011e-13, true = 4.125011e-13 (requested = 1.000000e-12)
PyQUDA INFO: Time = 0.152 secs, Performance = 313.039 GFLOPS
BiCGstab: Convergence at 28 iterations, L2 relative residual: iterated = 4.599155e-13, true = 4.599155e-13 (requested = 1.000000e-12)
PyQUDA INFO: Time = 0.152 secs, Performance = 312.538 GFLOPS
BiCGstab: Convergence at 27 iterations, L2 relative residual: iterated = 6.647247e-13, true = 6.647247e-13 (requested = 1.000000e-12)
PyQUDA INFO: Time = 0.149 secs, Performance = 308.213 GFLOPS
Processing configurations:   2%|▏         | 1/50 [00:09<07:38,  9.35s/it]BiCGstab: Convergence at 29 iterations, L2 relative residual: iterated = 9.050642e-13, true = 9.050642e-13 (requested = 1.000000e-12)
PyQUDA INFO: Time = 0.165 secs, Performance = 295.934 GFLOPS
BiCGstab: Convergence at 30 iterations, L2 relative residual: iterated = 6.422228e-13, true = 6.422228e-13 (requested = 1.000000e-12)
PyQUDA INFO: Time = 0.149 secs, Performance = 334.201 GFLOPS
BiCGstab: Convergence at 29 iterations, L2 relative residual: iterated = 8.535936e-13, true = 8.535936e-13 (requested = 1.000000e-12)
PyQUDA INFO: Time = 0.154 secs, Performance = 318.259 GFLOPS
BiCGstab: Convergence at 29 iterations, L2 relative residual: iterated = 6.667929e-13, true = 6.667929e-13 (requested = 1.000000e-12)
PyQUDA INFO: Time = 0.154 secs, Performance = 317.823 GFLOPS
BiCGstab: Convergence at 29 iterations, L2 relative residual: iterated = 6.614418e-13, true = 6.614418e-13 (requested = 1.000000e-12)
PyQUDA INFO: Time = 0.154 secs, Performance = 317.860 GFLOPS
BiCGstab: Convergence at 30 iterations, L2 relative residual: iterated = 3.922734e-13, true = 3.922734e-13 (requested = 1.000000e-12)
PyQUDA INFO: Time = 0.164 secs, Performance = 311.481 GFLOPS
BiCGstab: Convergence at 30 iterations, L2 relative residual: iterated = 8.411791e-13, true = 8.411791e-13 (requested = 1.000000e-12)
PyQUDA INFO: Time = 0.164 secs, Performance = 311.367 GFLOPS
BiCGstab: Convergence at 29 iterations, L2 relative residual: iterated = 7.781204e-13, true = 7.781204e-13 (requested = 1.000000e-12)
PyQUDA INFO: Time = 0.154 secs, Performance = 318.150 GFLOPS
BiCGstab: Convergence at 30 iterations, L2 relative residual: iterated = 3.877200e-13, true = 3.877200e-13 (requested = 1.000000e-12)
PyQUDA INFO: Time = 0.156 secs, Performance = 322.801 GFLOPS
BiCGstab: Convergence at 30 iterations, L2 relative residual: iterated = 4.342945e-13, true = 4.342945e-13 (requested = 1.000000e-12)
PyQUDA INFO: Time = 0.149 secs, Performance = 333.478 GFLOPS
BiCGstab: Convergence at 30 iterations, L2 relative residual: iterated = 5.143785e-13, true = 5.143785e-13 (requested = 1.000000e-12)
PyQUDA INFO: Time = 0.149 secs, Performance = 333.958 GFLOPS
BiCGstab: Convergence at 30 iterations, L2 relative residual: iterated = 2.926113e-13, true = 2.926113e-13 (requested = 1.000000e-12)
PyQUDA INFO: Time = 0.156 secs, Performance = 322.278 GFLOPS
BiCGstab: Convergence at 28 iterations, L2 relative residual: iterated = 3.332729e-13, true = 3.332729e-13 (requested = 1.000000e-12)
PyQUDA INFO: Time = 0.155 secs, Performance = 301.032 GFLOPS
BiCGstab: Convergence at 28 iterations, L2 relative residual: iterated = 4.815391e-13, true = 4.815391e-13 (requested = 1.000000e-12)
PyQUDA INFO: Time = 0.152 secs, Performance = 312.973 GFLOPS
BiCGstab: Convergence at 28 iterations, L2 relative residual: iterated = 8.015414e-13, true = 8.015414e-13 (requested = 1.000000e-12)
PyQUDA INFO: Time = 0.144 secs, Performance = 324.710 GFLOPS
BiCGstab: Convergence at 29 iterations, L2 relative residual: iterated = 1.562488e-13, true = 1.562488e-13 (requested = 1.000000e-12)
PyQUDA INFO: Time = 0.145 secs, Performance = 331.998 GFLOPS
BiCGstab: Convergence at 28 iterations, L2 relative residual: iterated = 5.167900e-13, true = 5.167900e-13 (requested = 1.000000e-12)
PyQUDA INFO: Time = 0.150 secs, Performance = 315.518 GFLOPS
BiCGstab: Convergence at 28 iterations, L2 relative residual: iterated = 6.224109e-13, true = 6.224109e-13 (requested = 1.000000e-12)
PyQUDA INFO: Time = 0.150 secs, Performance = 315.440 GFLOPS
BiCGstab: Convergence at 28 iterations, L2 relative residual: iterated = 4.038294e-13, true = 4.038294e-13 (requested = 1.000000e-12)
PyQUDA INFO: Time = 0.150 secs, Performance = 315.453 GFLOPS
BiCGstab: Convergence at 29 iterations, L2 relative residual: iterated = 3.229052e-13, true = 3.229052e-13 (requested = 1.000000e-12)
PyQUDA INFO: Time = 0.153 secs, Performance = 320.200 GFLOPS
BiCGstab: Convergence at 27 iterations, L2 relative residual: iterated = 9.634317e-13, true = 9.634317e-13 (requested = 1.000000e-12)
PyQUDA INFO: Time = 0.141 secs, Performance = 322.298 GFLOPS
BiCGstab: Convergence at 28 iterations, L2 relative residual: iterated = 5.016214e-13, true = 5.016214e-13 (requested = 1.000000e-12)
PyQUDA INFO: Time = 0.150 secs, Performance = 315.595 GFLOPS
BiCGstab: Convergence at 29 iterations, L2 relative residual: iterated = 1.948714e-13, true = 1.948714e-13 (requested = 1.000000e-12)
PyQUDA INFO: Time = 0.153 secs, Performance = 320.099 GFLOPS
BiCGstab: Convergence at 27 iterations, L2 relative residual: iterated = 8.043571e-13, true = 8.043571e-13 (requested = 1.000000e-12)
PyQUDA INFO: Time = 0.148 secs, Performance = 310.697 GFLOPS
BiCGstab: Convergence at 27 iterations, L2 relative residual: iterated = 3.614080e-13, true = 3.614080e-13 (requested = 1.000000e-12)
PyQUDA INFO: Time = 0.152 secs, Performance = 298.172 GFLOPS
BiCGstab: Convergence at 27 iterations, L2 relative residual: iterated = 3.874970e-13, true = 3.874970e-13 (requested = 1.000000e-12)
PyQUDA INFO: Time = 0.155 secs, Performance = 300.395 GFLOPS
BiCGstab: Convergence at 27 iterations, L2 relative residual: iterated = 2.853506e-13, true = 2.853506e-13 (requested = 1.000000e-12)
PyQUDA INFO: Time = 0.148 secs, Performance = 310.646 GFLOPS
BiCGstab: Convergence at 27 iterations, L2 relative residual: iterated = 9.809183e-13, true = 9.809183e-13 (requested = 1.000000e-12)
PyQUDA INFO: Time = 0.148 secs, Performance = 310.341 GFLOPS
BiCGstab: Convergence at 27 iterations, L2 relative residual: iterated = 4.125847e-13, true = 4.125847e-13 (requested = 1.000000e-12)
PyQUDA INFO: Time = 0.148 secs, Performance = 311.222 GFLOPS
BiCGstab: Convergence at 27 iterations, L2 relative residual: iterated = 5.730719e-13, true = 5.730719e-13 (requested = 1.000000e-12)
PyQUDA INFO: Time = 0.148 secs, Performance = 310.508 GFLOPS
BiCGstab: Convergence at 27 iterations, L2 relative residual: iterated = 4.750601e-13, true = 4.750601e-13 (requested = 1.000000e-12)
PyQUDA INFO: Time = 0.148 secs, Performance = 310.433 GFLOPS
BiCGstab: Convergence at 28 iterations, L2 relative residual: iterated = 7.559819e-13, true = 7.559819e-13 (requested = 1.000000e-12)
PyQUDA INFO: Time = 0.143 secs, Performance = 327.142 GFLOPS
BiCGstab: Convergence at 27 iterations, L2 relative residual: iterated = 7.238533e-13, true = 7.238533e-13 (requested = 1.000000e-12)
PyQUDA INFO: Time = 0.148 secs, Performance = 310.510 GFLOPS
BiCGstab: Convergence at 27 iterations, L2 relative residual: iterated = 3.518591e-13, true = 3.518591e-13 (requested = 1.000000e-12)
PyQUDA INFO: Time = 0.148 secs, Performance = 310.558 GFLOPS
BiCGstab: Convergence at 27 iterations, L2 relative residual: iterated = 3.737769e-13, true = 3.737769e-13 (requested = 1.000000e-12)
PyQUDA INFO: Time = 0.156 secs, Performance = 299.747 GFLOPS
BiCGstab: Convergence at 27 iterations, L2 relative residual: iterated = 4.338538e-13, true = 4.338538e-13 (requested = 1.000000e-12)
PyQUDA INFO: Time = 0.155 secs, Performance = 300.445 GFLOPS
BiCGstab: Convergence at 27 iterations, L2 relative residual: iterated = 3.990112e-13, true = 3.990112e-13 (requested = 1.000000e-12)
PyQUDA INFO: Time = 0.167 secs, Performance = 279.514 GFLOPS
BiCGstab: Convergence at 27 iterations, L2 relative residual: iterated = 5.298196e-13, true = 5.298196e-13 (requested = 1.000000e-12)
PyQUDA INFO: Time = 0.148 secs, Performance = 310.521 GFLOPS
BiCGstab: Convergence at 27 iterations, L2 relative residual: iterated = 5.049247e-13, true = 5.049247e-13 (requested = 1.000000e-12)
PyQUDA INFO: Time = 0.148 secs, Performance = 310.127 GFLOPS
BiCGstab: Convergence at 27 iterations, L2 relative residual: iterated = 4.318021e-13, true = 4.318021e-13 (requested = 1.000000e-12)
PyQUDA INFO: Time = 0.148 secs, Performance = 310.477 GFLOPS
BiCGstab: Convergence at 28 iterations, L2 relative residual: iterated = 6.379624e-13, true = 6.379624e-13 (requested = 1.000000e-12)
PyQUDA INFO: Time = 0.150 secs, Performance = 315.469 GFLOPS
BiCGstab: Convergence at 27 iterations, L2 relative residual: iterated = 9.758118e-13, true = 9.758118e-13 (requested = 1.000000e-12)
PyQUDA INFO: Time = 0.148 secs, Performance = 310.468 GFLOPS
BiCGstab: Convergence at 28 iterations, L2 relative residual: iterated = 2.723796e-13, true = 2.723796e-13 (requested = 1.000000e-12)
PyQUDA INFO: Time = 0.151 secs, Performance = 315.341 GFLOPS
BiCGstab: Convergence at 28 iterations, L2 relative residual: iterated = 4.586776e-13, true = 4.586776e-13 (requested = 1.000000e-12)
PyQUDA INFO: Time = 0.151 secs, Performance = 315.371 GFLOPS
BiCGstab: Convergence at 28 iterations, L2 relative residual: iterated = 2.559993e-13, true = 2.559993e-13 (requested = 1.000000e-12)
PyQUDA INFO: Time = 0.151 secs, Performance = 315.251 GFLOPS
BiCGstab: Convergence at 28 iterations, L2 relative residual: iterated = 5.997093e-13, true = 5.997093e-13 (requested = 1.000000e-12)
PyQUDA INFO: Time = 0.151 secs, Performance = 315.379 GFLOPS
BiCGstab: Convergence at 27 iterations, L2 relative residual: iterated = 6.371972e-13, true = 6.371972e-13 (requested = 1.000000e-12)
PyQUDA INFO: Time = 0.148 secs, Performance = 310.502 GFLOPS
BiCGstab: Convergence at 28 iterations, L2 relative residual: iterated = 2.346782e-13, true = 2.346782e-13 (requested = 1.000000e-12)
PyQUDA INFO: Time = 0.143 secs, Performance = 327.155 GFLOPS
Processing configurations:   4%|▍         | 2/50 [00:17<07:00,  8.75s/it]BiCGstab: Convergence at 30 iterations, L2 relative residual: iterated = 8.628091e-13, true = 8.628091e-13 (requested = 1.000000e-12)
PyQUDA INFO: Time = 0.166 secs, Performance = 302.396 GFLOPS
BiCGstab: Convergence at 29 iterations, L2 relative residual: iterated = 8.693152e-13, true = 8.693152e-13 (requested = 1.000000e-12)
PyQUDA INFO: Time = 0.153 secs, Performance = 320.443 GFLOPS
BiCGstab: Convergence at 29 iterations, L2 relative residual: iterated = 8.460583e-13, true = 8.460583e-13 (requested = 1.000000e-12)
PyQUDA INFO: Time = 0.145 secs, Performance = 332.206 GFLOPS
BiCGstab: Convergence at 29 iterations, L2 relative residual: iterated = 9.776253e-13, true = 9.776253e-13 (requested = 1.000000e-12)
PyQUDA INFO: Time = 0.146 secs, Performance = 330.800 GFLOPS
BiCGstab: Convergence at 30 iterations, L2 relative residual: iterated = 4.207252e-13, true = 4.207252e-13 (requested = 1.000000e-12)
PyQUDA INFO: Time = 0.147 secs, Performance = 337.752 GFLOPS
BiCGstab: Convergence at 29 iterations, L2 relative residual: iterated = 7.520919e-13, true = 7.520919e-13 (requested = 1.000000e-12)
PyQUDA INFO: Time = 0.145 secs, Performance = 332.192 GFLOPS
BiCGstab: Convergence at 30 iterations, L2 relative residual: iterated = 3.327333e-13, true = 3.327333e-13 (requested = 1.000000e-12)
PyQUDA INFO: Time = 0.147 secs, Performance = 336.799 GFLOPS
BiCGstab: Convergence at 30 iterations, L2 relative residual: iterated = 4.732030e-13, true = 4.732030e-13 (requested = 1.000000e-12)
PyQUDA INFO: Time = 0.148 secs, Performance = 336.585 GFLOPS
BiCGstab: Convergence at 31 iterations, L2 relative residual: iterated = 2.673638e-13, true = 2.673638e-13 (requested = 1.000000e-12)
PyQUDA INFO: Time = 0.157 secs, Performance = 328.643 GFLOPS
BiCGstab: Convergence at 30 iterations, L2 relative residual: iterated = 3.934211e-13, true = 3.934211e-13 (requested = 1.000000e-12)
PyQUDA INFO: Time = 0.155 secs, Performance = 325.573 GFLOPS
BiCGstab: Convergence at 30 iterations, L2 relative residual: iterated = 1.915993e-13, true = 1.915993e-13 (requested = 1.000000e-12)
PyQUDA INFO: Time = 0.148 secs, Performance = 336.589 GFLOPS
BiCGstab: Convergence at 30 iterations, L2 relative residual: iterated = 3.659281e-13, true = 3.659281e-13 (requested = 1.000000e-12)
PyQUDA INFO: Time = 0.155 secs, Performance = 324.699 GFLOPS
BiCGstab: Convergence at 28 iterations, L2 relative residual: iterated = 3.657318e-13, true = 3.657318e-13 (requested = 1.000000e-12)
PyQUDA INFO: Time = 0.170 secs, Performance = 283.856 GFLOPS
BiCGstab: Convergence at 28 iterations, L2 relative residual: iterated = 5.657332e-13, true = 5.657332e-13 (requested = 1.000000e-12)
PyQUDA INFO: Time = 0.143 secs, Performance = 327.636 GFLOPS
BiCGstab: Convergence at 28 iterations, L2 relative residual: iterated = 5.221241e-13, true = 5.221241e-13 (requested = 1.000000e-12)
PyQUDA INFO: Time = 0.143 secs, Performance = 327.861 GFLOPS
BiCGstab: Convergence at 29 iterations, L2 relative residual: iterated = 1.634959e-13, true = 1.634959e-13 (requested = 1.000000e-12)
PyQUDA INFO: Time = 0.153 secs, Performance = 320.326 GFLOPS
BiCGstab: Convergence at 27 iterations, L2 relative residual: iterated = 8.534569e-13, true = 8.534569e-13 (requested = 1.000000e-12)
PyQUDA INFO: Time = 0.148 secs, Performance = 310.510 GFLOPS
BiCGstab: Convergence at 27 iterations, L2 relative residual: iterated = 9.586934e-13, true = 9.586934e-13 (requested = 1.000000e-12)
PyQUDA INFO: Time = 0.148 secs, Performance = 310.399 GFLOPS
BiCGstab: Convergence at 28 iterations, L2 relative residual: iterated = 4.364611e-13, true = 4.364611e-13 (requested = 1.000000e-12)
PyQUDA INFO: Time = 0.143 secs, Performance = 327.142 GFLOPS
BiCGstab: Convergence at 28 iterations, L2 relative residual: iterated = 8.007622e-13, true = 8.007622e-13 (requested = 1.000000e-12)
PyQUDA INFO: Time = 0.151 secs, Performance = 315.379 GFLOPS
BiCGstab: Convergence at 28 iterations, L2 relative residual: iterated = 8.629905e-13, true = 8.629905e-13 (requested = 1.000000e-12)
PyQUDA INFO: Time = 0.151 secs, Performance = 315.199 GFLOPS
BiCGstab: Convergence at 28 iterations, L2 relative residual: iterated = 4.477171e-13, true = 4.477171e-13 (requested = 1.000000e-12)
PyQUDA INFO: Time = 0.151 secs, Performance = 315.337 GFLOPS
BiCGstab: Convergence at 27 iterations, L2 relative residual: iterated = 8.955457e-13, true = 8.955457e-13 (requested = 1.000000e-12)
PyQUDA INFO: Time = 0.133 secs, Performance = 335.255 GFLOPS
BiCGstab: Convergence at 27 iterations, L2 relative residual: iterated = 9.710238e-13, true = 9.710238e-13 (requested = 1.000000e-12)
PyQUDA INFO: Time = 0.148 secs, Performance = 310.602 GFLOPS
BiCGstab: Convergence at 27 iterations, L2 relative residual: iterated = 3.133513e-13, true = 3.133513e-13 (requested = 1.000000e-12)
PyQUDA INFO: Time = 0.160 secs, Performance = 288.279 GFLOPS
BiCGstab: Convergence at 27 iterations, L2 relative residual: iterated = 4.923050e-13, true = 4.923050e-13 (requested = 1.000000e-12)
PyQUDA INFO: Time = 0.148 secs, Performance = 310.554 GFLOPS
BiCGstab: Convergence at 26 iterations, L2 relative residual: iterated = 7.620301e-13, true = 7.620301e-13 (requested = 1.000000e-12)
PyQUDA INFO: Time = 0.146 secs, Performance = 305.585 GFLOPS
BiCGstab: Convergence at 26 iterations, L2 relative residual: iterated = 9.658645e-13, true = 9.658645e-13 (requested = 1.000000e-12)
PyQUDA INFO: Time = 0.153 secs, Performance = 295.046 GFLOPS
BiCGstab: Convergence at 27 iterations, L2 relative residual: iterated = 4.578914e-13, true = 4.578914e-13 (requested = 1.000000e-12)
PyQUDA INFO: Time = 0.148 secs, Performance = 310.443 GFLOPS
BiCGstab: Convergence at 27 iterations, L2 relative residual: iterated = 4.042956e-13, true = 4.042956e-13 (requested = 1.000000e-12)
PyQUDA INFO: Time = 0.148 secs, Performance = 310.477 GFLOPS
BiCGstab: Convergence at 26 iterations, L2 relative residual: iterated = 7.299511e-13, true = 7.299511e-13 (requested = 1.000000e-12)
PyQUDA INFO: Time = 0.153 secs, Performance = 295.021 GFLOPS
BiCGstab: Convergence at 28 iterations, L2 relative residual: iterated = 2.724753e-13, true = 2.724753e-13 (requested = 1.000000e-12)
PyQUDA INFO: Time = 0.158 secs, Performance = 304.469 GFLOPS
BiCGstab: Convergence at 27 iterations, L2 relative residual: iterated = 6.308610e-13, true = 6.308610e-13 (requested = 1.000000e-12)
PyQUDA INFO: Time = 0.148 secs, Performance = 310.495 GFLOPS
BiCGstab: Convergence at 26 iterations, L2 relative residual: iterated = 7.563591e-13, true = 7.563591e-13 (requested = 1.000000e-12)
PyQUDA INFO: Time = 0.153 secs, Performance = 295.034 GFLOPS
BiCGstab: Convergence at 27 iterations, L2 relative residual: iterated = 5.235641e-13, true = 5.235641e-13 (requested = 1.000000e-12)
PyQUDA INFO: Time = 0.149 secs, Performance = 309.622 GFLOPS
BiCGstab: Convergence at 28 iterations, L2 relative residual: iterated = 3.958885e-13, true = 3.958885e-13 (requested = 1.000000e-12)
PyQUDA INFO: Time = 0.158 secs, Performance = 305.382 GFLOPS
BiCGstab: Convergence at 27 iterations, L2 relative residual: iterated = 7.529377e-13, true = 7.529377e-13 (requested = 1.000000e-12)
PyQUDA INFO: Time = 0.160 secs, Performance = 288.382 GFLOPS
BiCGstab: Convergence at 28 iterations, L2 relative residual: iterated = 6.773135e-13, true = 6.773135e-13 (requested = 1.000000e-12)
PyQUDA INFO: Time = 0.158 secs, Performance = 304.660 GFLOPS
BiCGstab: Convergence at 27 iterations, L2 relative residual: iterated = 6.827333e-13, true = 6.827333e-13 (requested = 1.000000e-12)
PyQUDA INFO: Time = 0.156 secs, Performance = 300.104 GFLOPS
BiCGstab: Convergence at 28 iterations, L2 relative residual: iterated = 2.553799e-13, true = 2.553799e-13 (requested = 1.000000e-12)
PyQUDA INFO: Time = 0.150 secs, Performance = 315.392 GFLOPS
BiCGstab: Convergence at 27 iterations, L2 relative residual: iterated = 6.686072e-13, true = 6.686072e-13 (requested = 1.000000e-12)
PyQUDA INFO: Time = 0.141 secs, Performance = 322.337 GFLOPS
BiCGstab: Convergence at 27 iterations, L2 relative residual: iterated = 5.183036e-13, true = 5.183036e-13 (requested = 1.000000e-12)
PyQUDA INFO: Time = 0.148 secs, Performance = 310.565 GFLOPS
BiCGstab: Convergence at 28 iterations, L2 relative residual: iterated = 2.401208e-13, true = 2.401208e-13 (requested = 1.000000e-12)
PyQUDA INFO: Time = 0.150 secs, Performance = 315.459 GFLOPS
BiCGstab: Convergence at 28 iterations, L2 relative residual: iterated = 2.697659e-13, true = 2.697659e-13 (requested = 1.000000e-12)
PyQUDA INFO: Time = 0.150 secs, Performance = 315.404 GFLOPS
BiCGstab: Convergence at 27 iterations, L2 relative residual: iterated = 5.668674e-13, true = 5.668674e-13 (requested = 1.000000e-12)
PyQUDA INFO: Time = 0.148 secs, Performance = 310.516 GFLOPS
BiCGstab: Convergence at 29 iterations, L2 relative residual: iterated = 1.285144e-13, true = 1.285144e-13 (requested = 1.000000e-12)
PyQUDA INFO: Time = 0.153 secs, Performance = 320.082 GFLOPS
BiCGstab: Convergence at 27 iterations, L2 relative residual: iterated = 6.084831e-13, true = 6.084831e-13 (requested = 1.000000e-12)
PyQUDA INFO: Time = 0.148 secs, Performance = 310.602 GFLOPS
BiCGstab: Convergence at 27 iterations, L2 relative residual: iterated = 7.293012e-13, true = 7.293012e-13 (requested = 1.000000e-12)
PyQUDA INFO: Time = 0.148 secs, Performance = 310.640 GFLOPS
Processing configurations:   6%|▌         | 3/50 [00:25<06:41,  8.54s/it]BiCGstab: Convergence at 30 iterations, L2 relative residual: iterated = 5.816405e-13, true = 5.816405e-13 (requested = 1.000000e-12)
PyQUDA INFO: Time = 0.166 secs, Performance = 302.343 GFLOPS
BiCGstab: Convergence at 29 iterations, L2 relative residual: iterated = 6.336138e-13, true = 6.336138e-13 (requested = 1.000000e-12)
PyQUDA INFO: Time = 0.145 secs, Performance = 332.685 GFLOPS
BiCGstab: Convergence at 29 iterations, L2 relative residual: iterated = 7.923113e-13, true = 7.923113e-13 (requested = 1.000000e-12)
PyQUDA INFO: Time = 0.145 secs, Performance = 332.634 GFLOPS
BiCGstab: Convergence at 31 iterations, L2 relative residual: iterated = 6.463915e-13, true = 6.463915e-13 (requested = 1.000000e-12)
PyQUDA INFO: Time = 0.150 secs, Performance = 341.106 GFLOPS
BiCGstab: Convergence at 29 iterations, L2 relative residual: iterated = 6.974782e-13, true = 6.974782e-13 (requested = 1.000000e-12)
PyQUDA INFO: Time = 0.153 secs, Performance = 320.110 GFLOPS
BiCGstab: Convergence at 31 iterations, L2 relative residual: iterated = 9.148701e-14, true = 9.148701e-14 (requested = 1.000000e-12)
PyQUDA INFO: Time = 0.157 secs, Performance = 329.467 GFLOPS
BiCGstab: Convergence at 29 iterations, L2 relative residual: iterated = 8.329147e-13, true = 8.329147e-13 (requested = 1.000000e-12)
PyQUDA INFO: Time = 0.145 secs, Performance = 332.075 GFLOPS
BiCGstab: Convergence at 29 iterations, L2 relative residual: iterated = 6.364104e-13, true = 6.364104e-13 (requested = 1.000000e-12)
PyQUDA INFO: Time = 0.153 secs, Performance = 320.158 GFLOPS
BiCGstab: Convergence at 30 iterations, L2 relative residual: iterated = 8.440121e-13, true = 8.440121e-13 (requested = 1.000000e-12)
PyQUDA INFO: Time = 0.155 secs, Performance = 324.665 GFLOPS
BiCGstab: Convergence at 29 iterations, L2 relative residual: iterated = 9.817303e-13, true = 9.817303e-13 (requested = 1.000000e-12)
PyQUDA INFO: Time = 0.153 secs, Performance = 320.431 GFLOPS
BiCGstab: Convergence at 30 iterations, L2 relative residual: iterated = 8.570973e-13, true = 8.570973e-13 (requested = 1.000000e-12)
PyQUDA INFO: Time = 0.155 secs, Performance = 324.630 GFLOPS
BiCGstab: Convergence at 30 iterations, L2 relative residual: iterated = 4.857184e-13, true = 4.857184e-13 (requested = 1.000000e-12)
PyQUDA INFO: Time = 0.155 secs, Performance = 324.695 GFLOPS
BiCGstab: Convergence at 29 iterations, L2 relative residual: iterated = 2.086307e-13, true = 2.086307e-13 (requested = 1.000000e-12)
PyQUDA INFO: Time = 0.164 secs, Performance = 297.883 GFLOPS
BiCGstab: Convergence at 28 iterations, L2 relative residual: iterated = 4.924780e-13, true = 4.924780e-13 (requested = 1.000000e-12)
PyQUDA INFO: Time = 0.150 secs, Performance = 315.486 GFLOPS
BiCGstab: Convergence at 27 iterations, L2 relative residual: iterated = 8.852246e-13, true = 8.852246e-13 (requested = 1.000000e-12)
PyQUDA INFO: Time = 0.148 secs, Performance = 310.678 GFLOPS
BiCGstab: Convergence at 31 iterations, L2 relative residual: iterated = 4.052622e-14, true = 4.052622e-14 (requested = 1.000000e-12)
PyQUDA INFO: Time = 0.150 secs, Performance = 340.924 GFLOPS
BiCGstab: Convergence at 28 iterations, L2 relative residual: iterated = 4.894973e-13, true = 4.894973e-13 (requested = 1.000000e-12)
PyQUDA INFO: Time = 0.150 secs, Performance = 315.419 GFLOPS
BiCGstab: Convergence at 28 iterations, L2 relative residual: iterated = 3.349232e-13, true = 3.349232e-13 (requested = 1.000000e-12)
PyQUDA INFO: Time = 0.143 secs, Performance = 327.233 GFLOPS
BiCGstab: Convergence at 28 iterations, L2 relative residual: iterated = 4.100479e-13, true = 4.100479e-13 (requested = 1.000000e-12)
PyQUDA INFO: Time = 0.151 secs, Performance = 315.350 GFLOPS
BiCGstab: Convergence at 27 iterations, L2 relative residual: iterated = 8.015120e-13, true = 8.015120e-13 (requested = 1.000000e-12)
PyQUDA INFO: Time = 0.141 secs, Performance = 322.234 GFLOPS
BiCGstab: Convergence at 28 iterations, L2 relative residual: iterated = 7.380153e-13, true = 7.380153e-13 (requested = 1.000000e-12)
PyQUDA INFO: Time = 0.158 secs, Performance = 304.550 GFLOPS
BiCGstab: Convergence at 28 iterations, L2 relative residual: iterated = 3.314533e-13, true = 3.314533e-13 (requested = 1.000000e-12)
PyQUDA INFO: Time = 0.150 secs, Performance = 316.258 GFLOPS
BiCGstab: Convergence at 27 iterations, L2 relative residual: iterated = 9.221020e-13, true = 9.221020e-13 (requested = 1.000000e-12)
PyQUDA INFO: Time = 0.141 secs, Performance = 322.341 GFLOPS
BiCGstab: Convergence at 28 iterations, L2 relative residual: iterated = 5.135152e-13, true = 5.135152e-13 (requested = 1.000000e-12)
PyQUDA INFO: Time = 0.151 secs, Performance = 313.797 GFLOPS
BiCGstab: Convergence at 27 iterations, L2 relative residual: iterated = 5.134314e-13, true = 5.134314e-13 (requested = 1.000000e-12)
PyQUDA INFO: Time = 0.160 secs, Performance = 286.892 GFLOPS
BiCGstab: Convergence at 26 iterations, L2 relative residual: iterated = 8.670815e-13, true = 8.670815e-13 (requested = 1.000000e-12)
PyQUDA INFO: Time = 0.147 secs, Performance = 304.276 GFLOPS
BiCGstab: Convergence at 27 iterations, L2 relative residual: iterated = 6.026512e-13, true = 6.026512e-13 (requested = 1.000000e-12)
PyQUDA INFO: Time = 0.149 secs, Performance = 309.269 GFLOPS
BiCGstab: Convergence at 27 iterations, L2 relative residual: iterated = 7.229441e-13, true = 7.229441e-13 (requested = 1.000000e-12)
PyQUDA INFO: Time = 0.149 secs, Performance = 309.061 GFLOPS
BiCGstab: Convergence at 27 iterations, L2 relative residual: iterated = 6.548705e-13, true = 6.548705e-13 (requested = 1.000000e-12)
PyQUDA INFO: Time = 0.149 secs, Performance = 309.219 GFLOPS
BiCGstab: Convergence at 27 iterations, L2 relative residual: iterated = 4.277474e-13, true = 4.277474e-13 (requested = 1.000000e-12)
PyQUDA INFO: Time = 0.156 secs, Performance = 298.600 GFLOPS
BiCGstab: Convergence at 27 iterations, L2 relative residual: iterated = 3.547075e-13, true = 3.547075e-13 (requested = 1.000000e-12)
PyQUDA INFO: Time = 0.149 secs, Performance = 309.101 GFLOPS
BiCGstab: Convergence at 27 iterations, L2 relative residual: iterated = 3.195635e-13, true = 3.195635e-13 (requested = 1.000000e-12)
PyQUDA INFO: Time = 0.149 secs, Performance = 309.070 GFLOPS
BiCGstab: Convergence at 26 iterations, L2 relative residual: iterated = 8.135911e-13, true = 8.135911e-13 (requested = 1.000000e-12)
PyQUDA INFO: Time = 0.139 secs, Performance = 315.759 GFLOPS
BiCGstab: Convergence at 27 iterations, L2 relative residual: iterated = 3.182722e-13, true = 3.182722e-13 (requested = 1.000000e-12)
PyQUDA INFO: Time = 0.149 secs, Performance = 309.223 GFLOPS
BiCGstab: Convergence at 28 iterations, L2 relative residual: iterated = 2.507306e-13, true = 2.507306e-13 (requested = 1.000000e-12)
PyQUDA INFO: Time = 0.144 secs, Performance = 325.598 GFLOPS
BiCGstab: Convergence at 27 iterations, L2 relative residual: iterated = 3.108067e-13, true = 3.108067e-13 (requested = 1.000000e-12)
PyQUDA INFO: Time = 0.157 secs, Performance = 298.418 GFLOPS
BiCGstab: Convergence at 27 iterations, L2 relative residual: iterated = 2.962577e-13, true = 2.962577e-13 (requested = 1.000000e-12)
PyQUDA INFO: Time = 0.160 secs, Performance = 287.134 GFLOPS
BiCGstab: Convergence at 27 iterations, L2 relative residual: iterated = 9.644634e-13, true = 9.644634e-13 (requested = 1.000000e-12)
PyQUDA INFO: Time = 0.141 secs, Performance = 320.802 GFLOPS
BiCGstab: Convergence at 27 iterations, L2 relative residual: iterated = 8.016512e-13, true = 8.016512e-13 (requested = 1.000000e-12)
PyQUDA INFO: Time = 0.145 secs, Performance = 317.862 GFLOPS
BiCGstab: Convergence at 27 iterations, L2 relative residual: iterated = 5.233486e-13, true = 5.233486e-13 (requested = 1.000000e-12)
PyQUDA INFO: Time = 0.157 secs, Performance = 298.378 GFLOPS
BiCGstab: Convergence at 27 iterations, L2 relative residual: iterated = 5.391984e-13, true = 5.391984e-13 (requested = 1.000000e-12)
PyQUDA INFO: Time = 0.149 secs, Performance = 309.003 GFLOPS
BiCGstab: Convergence at 27 iterations, L2 relative residual: iterated = 6.629940e-13, true = 6.629940e-13 (requested = 1.000000e-12)
PyQUDA INFO: Time = 0.149 secs, Performance = 309.346 GFLOPS
BiCGstab: Convergence at 27 iterations, L2 relative residual: iterated = 3.523564e-13, true = 3.523564e-13 (requested = 1.000000e-12)
PyQUDA INFO: Time = 0.149 secs, Performance = 309.562 GFLOPS
BiCGstab: Convergence at 28 iterations, L2 relative residual: iterated = 4.014140e-13, true = 4.014140e-13 (requested = 1.000000e-12)
PyQUDA INFO: Time = 0.151 secs, Performance = 313.730 GFLOPS
BiCGstab: Convergence at 27 iterations, L2 relative residual: iterated = 6.272823e-13, true = 6.272823e-13 (requested = 1.000000e-12)
PyQUDA INFO: Time = 0.157 secs, Performance = 298.396 GFLOPS
BiCGstab: Convergence at 28 iterations, L2 relative residual: iterated = 1.303165e-13, true = 1.303165e-13 (requested = 1.000000e-12)
PyQUDA INFO: Time = 0.151 secs, Performance = 313.950 GFLOPS
BiCGstab: Convergence at 28 iterations, L2 relative residual: iterated = 5.484130e-13, true = 5.484130e-13 (requested = 1.000000e-12)
PyQUDA INFO: Time = 0.151 secs, Performance = 313.824 GFLOPS
BiCGstab: Convergence at 27 iterations, L2 relative residual: iterated = 3.855031e-13, true = 3.855031e-13 (requested = 1.000000e-12)
PyQUDA INFO: Time = 0.156 secs, Performance = 298.466 GFLOPS
Processing configurations:   8%|▊         | 4/50 [00:34<06:29,  8.46s/it]BiCGstab: Convergence at 30 iterations, L2 relative residual: iterated = 8.415957e-13, true = 8.415957e-13 (requested = 1.000000e-12)
PyQUDA INFO: Time = 0.167 secs, Performance = 300.870 GFLOPS
BiCGstab: Convergence at 30 iterations, L2 relative residual: iterated = 6.814203e-13, true = 6.814203e-13 (requested = 1.000000e-12)
PyQUDA INFO: Time = 0.148 secs, Performance = 335.754 GFLOPS
BiCGstab: Convergence at 29 iterations, L2 relative residual: iterated = 5.347544e-13, true = 5.347544e-13 (requested = 1.000000e-12)
PyQUDA INFO: Time = 0.153 secs, Performance = 318.855 GFLOPS
BiCGstab: Convergence at 29 iterations, L2 relative residual: iterated = 6.014905e-13, true = 6.014905e-13 (requested = 1.000000e-12)
PyQUDA INFO: Time = 0.153 secs, Performance = 318.714 GFLOPS
BiCGstab: Convergence at 30 iterations, L2 relative residual: iterated = 4.305806e-13, true = 4.305806e-13 (requested = 1.000000e-12)
PyQUDA INFO: Time = 0.148 secs, Performance = 335.241 GFLOPS
BiCGstab: Convergence at 29 iterations, L2 relative residual: iterated = 5.610820e-13, true = 5.610820e-13 (requested = 1.000000e-12)
PyQUDA INFO: Time = 0.146 secs, Performance = 330.414 GFLOPS
BiCGstab: Convergence at 29 iterations, L2 relative residual: iterated = 5.585633e-13, true = 5.585633e-13 (requested = 1.000000e-12)
PyQUDA INFO: Time = 0.154 secs, Performance = 318.442 GFLOPS
BiCGstab: Convergence at 31 iterations, L2 relative residual: iterated = 1.958065e-13, true = 1.958065e-13 (requested = 1.000000e-12)
PyQUDA INFO: Time = 0.158 secs, Performance = 328.162 GFLOPS
BiCGstab: Convergence at 29 iterations, L2 relative residual: iterated = 8.421471e-13, true = 8.421471e-13 (requested = 1.000000e-12)
PyQUDA INFO: Time = 0.153 secs, Performance = 318.971 GFLOPS
BiCGstab: Convergence at 29 iterations, L2 relative residual: iterated = 6.656382e-13, true = 6.656382e-13 (requested = 1.000000e-12)
PyQUDA INFO: Time = 0.154 secs, Performance = 318.506 GFLOPS
BiCGstab: Convergence at 29 iterations, L2 relative residual: iterated = 7.909732e-13, true = 7.909732e-13 (requested = 1.000000e-12)
PyQUDA INFO: Time = 0.153 secs, Performance = 318.597 GFLOPS
BiCGstab: Convergence at 29 iterations, L2 relative residual: iterated = 5.364166e-13, true = 5.364166e-13 (requested = 1.000000e-12)
PyQUDA INFO: Time = 0.153 secs, Performance = 318.589 GFLOPS
BiCGstab: Convergence at 29 iterations, L2 relative residual: iterated = 1.470875e-13, true = 1.470875e-13 (requested = 1.000000e-12)
PyQUDA INFO: Time = 0.165 secs, Performance = 296.627 GFLOPS
BiCGstab: Convergence at 27 iterations, L2 relative residual: iterated = 7.125271e-13, true = 7.125271e-13 (requested = 1.000000e-12)
PyQUDA INFO: Time = 0.141 secs, Performance = 320.839 GFLOPS
BiCGstab: Convergence at 29 iterations, L2 relative residual: iterated = 2.142101e-13, true = 2.142101e-13 (requested = 1.000000e-12)
PyQUDA INFO: Time = 0.153 secs, Performance = 318.595 GFLOPS
BiCGstab: Convergence at 28 iterations, L2 relative residual: iterated = 8.442333e-13, true = 8.442333e-13 (requested = 1.000000e-12)
PyQUDA INFO: Time = 0.144 secs, Performance = 325.662 GFLOPS
BiCGstab: Convergence at 27 iterations, L2 relative residual: iterated = 8.478587e-13, true = 8.478587e-13 (requested = 1.000000e-12)
PyQUDA INFO: Time = 0.149 secs, Performance = 308.887 GFLOPS
BiCGstab: Convergence at 28 iterations, L2 relative residual: iterated = 7.146433e-13, true = 7.146433e-13 (requested = 1.000000e-12)
PyQUDA INFO: Time = 0.144 secs, Performance = 325.564 GFLOPS
BiCGstab: Convergence at 28 iterations, L2 relative residual: iterated = 7.895478e-13, true = 7.895478e-13 (requested = 1.000000e-12)
PyQUDA INFO: Time = 0.151 secs, Performance = 313.822 GFLOPS
BiCGstab: Convergence at 28 iterations, L2 relative residual: iterated = 9.314646e-13, true = 9.314646e-13 (requested = 1.000000e-12)
PyQUDA INFO: Time = 0.144 secs, Performance = 325.643 GFLOPS
BiCGstab: Convergence at 28 iterations, L2 relative residual: iterated = 7.783006e-13, true = 7.783006e-13 (requested = 1.000000e-12)
PyQUDA INFO: Time = 0.151 secs, Performance = 313.871 GFLOPS
BiCGstab: Convergence at 28 iterations, L2 relative residual: iterated = 4.753974e-13, true = 4.753974e-13 (requested = 1.000000e-12)
PyQUDA INFO: Time = 0.151 secs, Performance = 313.871 GFLOPS
BiCGstab: Convergence at 28 iterations, L2 relative residual: iterated = 3.558307e-13, true = 3.558307e-13 (requested = 1.000000e-12)
PyQUDA INFO: Time = 0.151 secs, Performance = 313.842 GFLOPS
BiCGstab: Convergence at 29 iterations, L2 relative residual: iterated = 1.589589e-13, true = 1.589589e-13 (requested = 1.000000e-12)
PyQUDA INFO: Time = 0.161 secs, Performance = 307.906 GFLOPS
BiCGstab: Convergence at 27 iterations, L2 relative residual: iterated = 9.286238e-13, true = 9.286238e-13 (requested = 1.000000e-12)
PyQUDA INFO: Time = 0.160 secs, Performance = 287.109 GFLOPS
BiCGstab: Convergence at 27 iterations, L2 relative residual: iterated = 7.040136e-13, true = 7.040136e-13 (requested = 1.000000e-12)
PyQUDA INFO: Time = 0.156 secs, Performance = 298.548 GFLOPS
BiCGstab: Convergence at 26 iterations, L2 relative residual: iterated = 7.566060e-13, true = 7.566060e-13 (requested = 1.000000e-12)
PyQUDA INFO: Time = 0.147 secs, Performance = 304.011 GFLOPS
BiCGstab: Convergence at 27 iterations, L2 relative residual: iterated = 8.129660e-13, true = 8.129660e-13 (requested = 1.000000e-12)
PyQUDA INFO: Time = 0.149 secs, Performance = 309.439 GFLOPS
BiCGstab: Convergence at 27 iterations, L2 relative residual: iterated = 4.521289e-13, true = 4.521289e-13 (requested = 1.000000e-12)
PyQUDA INFO: Time = 0.149 secs, Performance = 309.704 GFLOPS
BiCGstab: Convergence at 26 iterations, L2 relative residual: iterated = 9.640514e-13, true = 9.640514e-13 (requested = 1.000000e-12)
PyQUDA INFO: Time = 0.147 secs, Performance = 304.245 GFLOPS
BiCGstab: Convergence at 26 iterations, L2 relative residual: iterated = 7.067979e-13, true = 7.067979e-13 (requested = 1.000000e-12)
PyQUDA INFO: Time = 0.147 secs, Performance = 304.050 GFLOPS
BiCGstab: Convergence at 27 iterations, L2 relative residual: iterated = 3.441682e-13, true = 3.441682e-13 (requested = 1.000000e-12)
PyQUDA INFO: Time = 0.164 secs, Performance = 288.798 GFLOPS
BiCGstab: Convergence at 27 iterations, L2 relative residual: iterated = 4.577349e-13, true = 4.577349e-13 (requested = 1.000000e-12)
PyQUDA INFO: Time = 0.149 secs, Performance = 309.277 GFLOPS
BiCGstab: Convergence at 26 iterations, L2 relative residual: iterated = 9.796470e-13, true = 9.796470e-13 (requested = 1.000000e-12)
PyQUDA INFO: Time = 0.147 secs, Performance = 304.175 GFLOPS
BiCGstab: Convergence at 27 iterations, L2 relative residual: iterated = 3.736965e-13, true = 3.736965e-13 (requested = 1.000000e-12)
PyQUDA INFO: Time = 0.149 secs, Performance = 309.022 GFLOPS
BiCGstab: Convergence at 27 iterations, L2 relative residual: iterated = 4.230594e-13, true = 4.230594e-13 (requested = 1.000000e-12)
PyQUDA INFO: Time = 0.156 secs, Performance = 298.489 GFLOPS
BiCGstab: Convergence at 27 iterations, L2 relative residual: iterated = 4.327663e-13, true = 4.327663e-13 (requested = 1.000000e-12)
PyQUDA INFO: Time = 0.160 secs, Performance = 287.177 GFLOPS
BiCGstab: Convergence at 29 iterations, L2 relative residual: iterated = 1.138848e-13, true = 1.138848e-13 (requested = 1.000000e-12)
PyQUDA INFO: Time = 0.153 secs, Performance = 318.579 GFLOPS
BiCGstab: Convergence at 27 iterations, L2 relative residual: iterated = 6.584765e-13, true = 6.584765e-13 (requested = 1.000000e-12)
PyQUDA INFO: Time = 0.141 secs, Performance = 320.771 GFLOPS
BiCGstab: Convergence at 27 iterations, L2 relative residual: iterated = 8.304217e-13, true = 8.304217e-13 (requested = 1.000000e-12)
PyQUDA INFO: Time = 0.149 secs, Performance = 309.182 GFLOPS
BiCGstab: Convergence at 27 iterations, L2 relative residual: iterated = 4.791775e-13, true = 4.791775e-13 (requested = 1.000000e-12)
PyQUDA INFO: Time = 0.149 secs, Performance = 309.446 GFLOPS
BiCGstab: Convergence at 28 iterations, L2 relative residual: iterated = 1.153180e-13, true = 1.153180e-13 (requested = 1.000000e-12)
PyQUDA INFO: Time = 0.151 secs, Performance = 313.647 GFLOPS
BiCGstab: Convergence at 27 iterations, L2 relative residual: iterated = 8.380585e-13, true = 8.380585e-13 (requested = 1.000000e-12)
PyQUDA INFO: Time = 0.149 secs, Performance = 309.246 GFLOPS
BiCGstab: Convergence at 27 iterations, L2 relative residual: iterated = 5.466323e-13, true = 5.466323e-13 (requested = 1.000000e-12)
PyQUDA INFO: Time = 0.149 secs, Performance = 309.144 GFLOPS
BiCGstab: Convergence at 28 iterations, L2 relative residual: iterated = 6.631700e-13, true = 6.631700e-13 (requested = 1.000000e-12)
PyQUDA INFO: Time = 0.159 secs, Performance = 303.423 GFLOPS
BiCGstab: Convergence at 27 iterations, L2 relative residual: iterated = 5.619973e-13, true = 5.619973e-13 (requested = 1.000000e-12)
PyQUDA INFO: Time = 0.149 secs, Performance = 309.589 GFLOPS
BiCGstab: Convergence at 27 iterations, L2 relative residual: iterated = 4.410913e-13, true = 4.410913e-13 (requested = 1.000000e-12)
PyQUDA INFO: Time = 0.141 secs, Performance = 321.298 GFLOPS
BiCGstab: Convergence at 27 iterations, L2 relative residual: iterated = 4.517227e-13, true = 4.517227e-13 (requested = 1.000000e-12)
PyQUDA INFO: Time = 0.149 secs, Performance = 309.063 GFLOPS
Processing configurations:  10%|█         | 5/50 [00:42<06:19,  8.42s/it]BiCGstab: Convergence at 29 iterations, L2 relative residual: iterated = 9.729348e-13, true = 9.729348e-13 (requested = 1.000000e-12)
PyQUDA INFO: Time = 0.157 secs, Performance = 306.570 GFLOPS
BiCGstab: Convergence at 29 iterations, L2 relative residual: iterated = 9.178502e-13, true = 9.178502e-13 (requested = 1.000000e-12)
PyQUDA INFO: Time = 0.146 secs, Performance = 330.532 GFLOPS
BiCGstab: Convergence at 29 iterations, L2 relative residual: iterated = 7.643942e-13, true = 7.643942e-13 (requested = 1.000000e-12)
PyQUDA INFO: Time = 0.153 secs, Performance = 319.178 GFLOPS
BiCGstab: Convergence at 29 iterations, L2 relative residual: iterated = 5.771595e-13, true = 5.771595e-13 (requested = 1.000000e-12)
PyQUDA INFO: Time = 0.146 secs, Performance = 330.340 GFLOPS
BiCGstab: Convergence at 29 iterations, L2 relative residual: iterated = 6.564512e-13, true = 6.564512e-13 (requested = 1.000000e-12)
PyQUDA INFO: Time = 0.153 secs, Performance = 318.705 GFLOPS
BiCGstab: Convergence at 29 iterations, L2 relative residual: iterated = 7.752337e-13, true = 7.752337e-13 (requested = 1.000000e-12)
PyQUDA INFO: Time = 0.153 secs, Performance = 318.680 GFLOPS
BiCGstab: Convergence at 30 iterations, L2 relative residual: iterated = 3.250228e-13, true = 3.250228e-13 (requested = 1.000000e-12)
PyQUDA INFO: Time = 0.156 secs, Performance = 323.179 GFLOPS
BiCGstab: Convergence at 30 iterations, L2 relative residual: iterated = 5.654461e-13, true = 5.654461e-13 (requested = 1.000000e-12)
PyQUDA INFO: Time = 0.163 secs, Performance = 312.399 GFLOPS
BiCGstab: Convergence at 30 iterations, L2 relative residual: iterated = 2.316555e-13, true = 2.316555e-13 (requested = 1.000000e-12)
PyQUDA INFO: Time = 0.148 secs, Performance = 334.787 GFLOPS
BiCGstab: Convergence at 29 iterations, L2 relative residual: iterated = 6.261770e-13, true = 6.261770e-13 (requested = 1.000000e-12)
PyQUDA INFO: Time = 0.146 secs, Performance = 330.509 GFLOPS
BiCGstab: Convergence at 30 iterations, L2 relative residual: iterated = 4.451722e-13, true = 4.451722e-13 (requested = 1.000000e-12)
PyQUDA INFO: Time = 0.148 secs, Performance = 335.103 GFLOPS
BiCGstab: Convergence at 31 iterations, L2 relative residual: iterated = 1.687345e-13, true = 1.687345e-13 (requested = 1.000000e-12)
PyQUDA INFO: Time = 0.158 secs, Performance = 327.655 GFLOPS
BiCGstab: Convergence at 29 iterations, L2 relative residual: iterated = 2.850918e-13, true = 2.850918e-13 (requested = 1.000000e-12)
PyQUDA INFO: Time = 0.165 secs, Performance = 296.384 GFLOPS
BiCGstab: Convergence at 29 iterations, L2 relative residual: iterated = 3.991942e-13, true = 3.991942e-13 (requested = 1.000000e-12)
PyQUDA INFO: Time = 0.153 secs, Performance = 319.169 GFLOPS
BiCGstab: Convergence at 28 iterations, L2 relative residual: iterated = 4.351640e-13, true = 4.351640e-13 (requested = 1.000000e-12)
PyQUDA INFO: Time = 0.151 secs, Performance = 314.291 GFLOPS
BiCGstab: Convergence at 28 iterations, L2 relative residual: iterated = 6.723770e-13, true = 6.723770e-13 (requested = 1.000000e-12)
PyQUDA INFO: Time = 0.151 secs, Performance = 313.805 GFLOPS
BiCGstab: Convergence at 27 iterations, L2 relative residual: iterated = 7.692395e-13, true = 7.692395e-13 (requested = 1.000000e-12)
PyQUDA INFO: Time = 0.149 secs, Performance = 309.103 GFLOPS
BiCGstab: Convergence at 29 iterations, L2 relative residual: iterated = 3.510435e-13, true = 3.510435e-13 (requested = 1.000000e-12)
PyQUDA INFO: Time = 0.146 secs, Performance = 330.369 GFLOPS
BiCGstab: Convergence at 30 iterations, L2 relative residual: iterated = 2.111690e-13, true = 2.111690e-13 (requested = 1.000000e-12)
PyQUDA INFO: Time = 0.156 secs, Performance = 323.021 GFLOPS
BiCGstab: Convergence at 28 iterations, L2 relative residual: iterated = 4.649625e-13, true = 4.649625e-13 (requested = 1.000000e-12)
PyQUDA INFO: Time = 0.151 secs, Performance = 313.766 GFLOPS
BiCGstab: Convergence at 29 iterations, L2 relative residual: iterated = 1.929552e-13, true = 1.929552e-13 (requested = 1.000000e-12)
PyQUDA INFO: Time = 0.138 secs, Performance = 343.442 GFLOPS
BiCGstab: Convergence at 28 iterations, L2 relative residual: iterated = 5.721361e-13, true = 5.721361e-13 (requested = 1.000000e-12)
PyQUDA INFO: Time = 0.151 secs, Performance = 313.971 GFLOPS
BiCGstab: Convergence at 29 iterations, L2 relative residual: iterated = 3.296022e-13, true = 3.296022e-13 (requested = 1.000000e-12)
PyQUDA INFO: Time = 0.154 secs, Performance = 318.525 GFLOPS
BiCGstab: Convergence at 28 iterations, L2 relative residual: iterated = 6.203093e-13, true = 6.203093e-13 (requested = 1.000000e-12)
PyQUDA INFO: Time = 0.151 secs, Performance = 313.917 GFLOPS
BiCGstab: Convergence at 27 iterations, L2 relative residual: iterated = 4.401090e-13, true = 4.401090e-13 (requested = 1.000000e-12)
PyQUDA INFO: Time = 0.168 secs, Performance = 278.259 GFLOPS
BiCGstab: Convergence at 27 iterations, L2 relative residual: iterated = 7.196948e-13, true = 7.196948e-13 (requested = 1.000000e-12)
PyQUDA INFO: Time = 0.149 secs, Performance = 309.169 GFLOPS
BiCGstab: Convergence at 27 iterations, L2 relative residual: iterated = 5.189676e-13, true = 5.189676e-13 (requested = 1.000000e-12)
PyQUDA INFO: Time = 0.157 secs, Performance = 298.447 GFLOPS
BiCGstab: Convergence at 27 iterations, L2 relative residual: iterated = 4.409480e-13, true = 4.409480e-13 (requested = 1.000000e-12)
PyQUDA INFO: Time = 0.149 secs, Performance = 308.972 GFLOPS
BiCGstab: Convergence at 27 iterations, L2 relative residual: iterated = 8.942920e-13, true = 8.942920e-13 (requested = 1.000000e-12)
PyQUDA INFO: Time = 0.156 secs, Performance = 298.550 GFLOPS
BiCGstab: Convergence at 27 iterations, L2 relative residual: iterated = 4.631748e-13, true = 4.631748e-13 (requested = 1.000000e-12)
PyQUDA INFO: Time = 0.149 secs, Performance = 309.020 GFLOPS
BiCGstab: Convergence at 27 iterations, L2 relative residual: iterated = 4.053807e-13, true = 4.053807e-13 (requested = 1.000000e-12)
PyQUDA INFO: Time = 0.149 secs, Performance = 308.970 GFLOPS
BiCGstab: Convergence at 27 iterations, L2 relative residual: iterated = 4.459758e-13, true = 4.459758e-13 (requested = 1.000000e-12)
PyQUDA INFO: Time = 0.157 secs, Performance = 298.443 GFLOPS
BiCGstab: Convergence at 27 iterations, L2 relative residual: iterated = 2.779523e-13, true = 2.779523e-13 (requested = 1.000000e-12)
PyQUDA INFO: Time = 0.141 secs, Performance = 320.669 GFLOPS
BiCGstab: Convergence at 27 iterations, L2 relative residual: iterated = 5.579439e-13, true = 5.579439e-13 (requested = 1.000000e-12)
PyQUDA INFO: Time = 0.156 secs, Performance = 298.636 GFLOPS
BiCGstab: Convergence at 26 iterations, L2 relative residual: iterated = 9.203327e-13, true = 9.203327e-13 (requested = 1.000000e-12)
PyQUDA INFO: Time = 0.139 secs, Performance = 316.243 GFLOPS
BiCGstab: Convergence at 27 iterations, L2 relative residual: iterated = 5.253633e-13, true = 5.253633e-13 (requested = 1.000000e-12)
PyQUDA INFO: Time = 0.149 secs, Performance = 309.086 GFLOPS
BiCGstab: Convergence at 28 iterations, L2 relative residual: iterated = 4.366201e-13, true = 4.366201e-13 (requested = 1.000000e-12)
PyQUDA INFO: Time = 0.163 secs, Performance = 291.916 GFLOPS
BiCGstab: Convergence at 27 iterations, L2 relative residual: iterated = 4.669749e-13, true = 4.669749e-13 (requested = 1.000000e-12)
PyQUDA INFO: Time = 0.149 secs, Performance = 309.094 GFLOPS
BiCGstab: Convergence at 26 iterations, L2 relative residual: iterated = 9.002050e-13, true = 9.002050e-13 (requested = 1.000000e-12)
PyQUDA INFO: Time = 0.139 secs, Performance = 315.736 GFLOPS
BiCGstab: Convergence at 27 iterations, L2 relative residual: iterated = 5.730809e-13, true = 5.730809e-13 (requested = 1.000000e-12)
PyQUDA INFO: Time = 0.141 secs, Performance = 320.619 GFLOPS
BiCGstab: Convergence at 27 iterations, L2 relative residual: iterated = 5.806352e-13, true = 5.806352e-13 (requested = 1.000000e-12)
PyQUDA INFO: Time = 0.149 secs, Performance = 309.140 GFLOPS
BiCGstab: Convergence at 27 iterations, L2 relative residual: iterated = 4.269270e-13, true = 4.269270e-13 (requested = 1.000000e-12)
PyQUDA INFO: Time = 0.149 secs, Performance = 309.016 GFLOPS
BiCGstab: Convergence at 27 iterations, L2 relative residual: iterated = 5.622559e-13, true = 5.622559e-13 (requested = 1.000000e-12)
PyQUDA INFO: Time = 0.141 secs, Performance = 320.675 GFLOPS
BiCGstab: Convergence at 28 iterations, L2 relative residual: iterated = 4.378843e-13, true = 4.378843e-13 (requested = 1.000000e-12)
PyQUDA INFO: Time = 0.151 secs, Performance = 314.008 GFLOPS
BiCGstab: Convergence at 27 iterations, L2 relative residual: iterated = 8.020717e-13, true = 8.020717e-13 (requested = 1.000000e-12)
PyQUDA INFO: Time = 0.149 secs, Performance = 309.022 GFLOPS
BiCGstab: Convergence at 28 iterations, L2 relative residual: iterated = 2.606240e-13, true = 2.606240e-13 (requested = 1.000000e-12)
PyQUDA INFO: Time = 0.151 secs, Performance = 313.967 GFLOPS
BiCGstab: Convergence at 27 iterations, L2 relative residual: iterated = 4.668426e-13, true = 4.668426e-13 (requested = 1.000000e-12)
PyQUDA INFO: Time = 0.141 secs, Performance = 320.662 GFLOPS
BiCGstab: Convergence at 27 iterations, L2 relative residual: iterated = 8.095422e-13, true = 8.095422e-13 (requested = 1.000000e-12)
PyQUDA INFO: Time = 0.141 secs, Performance = 320.789 GFLOPS
Processing configurations:  12%|█▏        | 6/50 [00:50<06:09,  8.39s/it]BiCGstab: Convergence at 29 iterations, L2 relative residual: iterated = 7.630322e-13, true = 7.630322e-13 (requested = 1.000000e-12)
PyQUDA INFO: Time = 0.157 secs, Performance = 306.568 GFLOPS
BiCGstab: Convergence at 29 iterations, L2 relative residual: iterated = 6.296217e-13, true = 6.296217e-13 (requested = 1.000000e-12)
PyQUDA INFO: Time = 0.146 secs, Performance = 330.231 GFLOPS
BiCGstab: Convergence at 29 iterations, L2 relative residual: iterated = 5.783474e-13, true = 5.783474e-13 (requested = 1.000000e-12)
PyQUDA INFO: Time = 0.146 secs, Performance = 330.974 GFLOPS
BiCGstab: Convergence at 29 iterations, L2 relative residual: iterated = 4.858185e-13, true = 4.858185e-13 (requested = 1.000000e-12)
PyQUDA INFO: Time = 0.153 secs, Performance = 318.724 GFLOPS
BiCGstab: Convergence at 30 iterations, L2 relative residual: iterated = 9.584575e-13, true = 9.584575e-13 (requested = 1.000000e-12)
PyQUDA INFO: Time = 0.156 secs, Performance = 323.303 GFLOPS
BiCGstab: Convergence at 29 iterations, L2 relative residual: iterated = 5.360459e-13, true = 5.360459e-13 (requested = 1.000000e-12)
PyQUDA INFO: Time = 0.153 secs, Performance = 318.628 GFLOPS
BiCGstab: Convergence at 30 iterations, L2 relative residual: iterated = 1.616498e-13, true = 1.616498e-13 (requested = 1.000000e-12)
PyQUDA INFO: Time = 0.163 secs, Performance = 312.378 GFLOPS
BiCGstab: Convergence at 29 iterations, L2 relative residual: iterated = 5.084187e-13, true = 5.084187e-13 (requested = 1.000000e-12)
PyQUDA INFO: Time = 0.153 secs, Performance = 318.589 GFLOPS
BiCGstab: Convergence at 30 iterations, L2 relative residual: iterated = 2.725825e-13, true = 2.725825e-13 (requested = 1.000000e-12)
PyQUDA INFO: Time = 0.148 secs, Performance = 335.375 GFLOPS
BiCGstab: Convergence at 31 iterations, L2 relative residual: iterated = 1.606447e-13, true = 1.606447e-13 (requested = 1.000000e-12)
PyQUDA INFO: Time = 0.158 secs, Performance = 327.692 GFLOPS
BiCGstab: Convergence at 30 iterations, L2 relative residual: iterated = 1.997272e-13, true = 1.997272e-13 (requested = 1.000000e-12)
PyQUDA INFO: Time = 0.156 secs, Performance = 323.092 GFLOPS
BiCGstab: Convergence at 31 iterations, L2 relative residual: iterated = 3.333805e-13, true = 3.333805e-13 (requested = 1.000000e-12)
PyQUDA INFO: Time = 0.165 secs, Performance = 316.781 GFLOPS
BiCGstab: Convergence at 29 iterations, L2 relative residual: iterated = 9.667343e-13, true = 9.667343e-13 (requested = 1.000000e-12)
PyQUDA INFO: Time = 0.157 secs, Performance = 306.506 GFLOPS
BiCGstab: Convergence at 29 iterations, L2 relative residual: iterated = 1.934848e-13, true = 1.934848e-13 (requested = 1.000000e-12)
PyQUDA INFO: Time = 0.153 secs, Performance = 318.562 GFLOPS
BiCGstab: Convergence at 27 iterations, L2 relative residual: iterated = 9.242243e-13, true = 9.242243e-13 (requested = 1.000000e-12)
PyQUDA INFO: Time = 0.141 secs, Performance = 320.743 GFLOPS
BiCGstab: Convergence at 27 iterations, L2 relative residual: iterated = 9.594366e-13, true = 9.594366e-13 (requested = 1.000000e-12)
PyQUDA INFO: Time = 0.149 secs, Performance = 309.090 GFLOPS
BiCGstab: Convergence at 29 iterations, L2 relative residual: iterated = 4.409063e-13, true = 4.409063e-13 (requested = 1.000000e-12)
PyQUDA INFO: Time = 0.161 secs, Performance = 307.851 GFLOPS
BiCGstab: Convergence at 28 iterations, L2 relative residual: iterated = 7.776386e-13, true = 7.776386e-13 (requested = 1.000000e-12)
PyQUDA INFO: Time = 0.144 secs, Performance = 325.609 GFLOPS
BiCGstab: Convergence at 28 iterations, L2 relative residual: iterated = 3.377314e-13, true = 3.377314e-13 (requested = 1.000000e-12)
PyQUDA INFO: Time = 0.144 secs, Performance = 325.587 GFLOPS
BiCGstab: Convergence at 28 iterations, L2 relative residual: iterated = 5.267575e-13, true = 5.267575e-13 (requested = 1.000000e-12)
PyQUDA INFO: Time = 0.151 secs, Performance = 313.556 GFLOPS
BiCGstab: Convergence at 29 iterations, L2 relative residual: iterated = 2.783901e-13, true = 2.783901e-13 (requested = 1.000000e-12)
PyQUDA INFO: Time = 0.153 secs, Performance = 318.786 GFLOPS
BiCGstab: Convergence at 29 iterations, L2 relative residual: iterated = 1.521865e-13, true = 1.521865e-13 (requested = 1.000000e-12)
PyQUDA INFO: Time = 0.153 secs, Performance = 318.998 GFLOPS
BiCGstab: Convergence at 28 iterations, L2 relative residual: iterated = 5.231173e-13, true = 5.231173e-13 (requested = 1.000000e-12)
PyQUDA INFO: Time = 0.151 secs, Performance = 314.258 GFLOPS
BiCGstab: Convergence at 28 iterations, L2 relative residual: iterated = 8.032577e-13, true = 8.032577e-13 (requested = 1.000000e-12)
PyQUDA INFO: Time = 0.151 secs, Performance = 314.104 GFLOPS
BiCGstab: Convergence at 26 iterations, L2 relative residual: iterated = 8.981212e-13, true = 8.981212e-13 (requested = 1.000000e-12)
PyQUDA INFO: Time = 0.174 secs, Performance = 256.319 GFLOPS
BiCGstab: Convergence at 28 iterations, L2 relative residual: iterated = 3.283411e-13, true = 3.283411e-13 (requested = 1.000000e-12)
PyQUDA INFO: Time = 0.157 secs, Performance = 301.516 GFLOPS
BiCGstab: Convergence at 27 iterations, L2 relative residual: iterated = 5.356942e-13, true = 5.356942e-13 (requested = 1.000000e-12)
PyQUDA INFO: Time = 0.149 secs, Performance = 309.090 GFLOPS
BiCGstab: Convergence at 27 iterations, L2 relative residual: iterated = 3.111289e-13, true = 3.111289e-13 (requested = 1.000000e-12)
PyQUDA INFO: Time = 0.157 secs, Performance = 298.361 GFLOPS
BiCGstab: Convergence at 27 iterations, L2 relative residual: iterated = 5.283100e-13, true = 5.283100e-13 (requested = 1.000000e-12)
PyQUDA INFO: Time = 0.150 secs, Performance = 306.349 GFLOPS
BiCGstab: Convergence at 27 iterations, L2 relative residual: iterated = 3.176809e-13, true = 3.176809e-13 (requested = 1.000000e-12)
PyQUDA INFO: Time = 0.157 secs, Performance = 298.418 GFLOPS
BiCGstab: Convergence at 26 iterations, L2 relative residual: iterated = 7.616755e-13, true = 7.616755e-13 (requested = 1.000000e-12)
PyQUDA INFO: Time = 0.147 secs, Performance = 303.442 GFLOPS
BiCGstab: Convergence at 27 iterations, L2 relative residual: iterated = 5.298772e-13, true = 5.298772e-13 (requested = 1.000000e-12)
PyQUDA INFO: Time = 0.149 secs, Performance = 307.972 GFLOPS
BiCGstab: Convergence at 29 iterations, L2 relative residual: iterated = 6.149543e-14, true = 6.149543e-14 (requested = 1.000000e-12)
PyQUDA INFO: Time = 0.211 secs, Performance = 234.907 GFLOPS
BiCGstab: Convergence at 26 iterations, L2 relative residual: iterated = 9.105087e-13, true = 9.105087e-13 (requested = 1.000000e-12)
PyQUDA INFO: Time = 0.182 secs, Performance = 249.454 GFLOPS
BiCGstab: Convergence at 27 iterations, L2 relative residual: iterated = 2.411203e-13, true = 2.411203e-13 (requested = 1.000000e-12)
PyQUDA INFO: Time = 0.155 secs, Performance = 296.782 GFLOPS
BiCGstab: Convergence at 26 iterations, L2 relative residual: iterated = 5.676423e-13, true = 5.676423e-13 (requested = 1.000000e-12)
PyQUDA INFO: Time = 0.302 secs, Performance = 147.695 GFLOPS
BiCGstab: Convergence at 27 iterations, L2 relative residual: iterated = 8.397030e-13, true = 8.397030e-13 (requested = 1.000000e-12)
PyQUDA INFO: Time = 0.319 secs, Performance = 142.396 GFLOPS
BiCGstab: Convergence at 27 iterations, L2 relative residual: iterated = 4.444030e-13, true = 4.444030e-13 (requested = 1.000000e-12)
PyQUDA INFO: Time = 0.309 secs, Performance = 149.086 GFLOPS
BiCGstab: Convergence at 27 iterations, L2 relative residual: iterated = 4.863931e-13, true = 4.863931e-13 (requested = 1.000000e-12)
PyQUDA INFO: Time = 0.328 secs, Performance = 142.383 GFLOPS
BiCGstab: Convergence at 28 iterations, L2 relative residual: iterated = 2.768845e-13, true = 2.768845e-13 (requested = 1.000000e-12)
PyQUDA INFO: Time = 0.318 secs, Performance = 149.207 GFLOPS
BiCGstab: Convergence at 27 iterations, L2 relative residual: iterated = 6.070728e-13, true = 6.070728e-13 (requested = 1.000000e-12)
PyQUDA INFO: Time = 0.308 secs, Performance = 149.249 GFLOPS
BiCGstab: Convergence at 27 iterations, L2 relative residual: iterated = 7.696061e-13, true = 7.696061e-13 (requested = 1.000000e-12)
PyQUDA INFO: Time = 0.302 secs, Performance = 150.329 GFLOPS
BiCGstab: Convergence at 27 iterations, L2 relative residual: iterated = 4.748974e-13, true = 4.748974e-13 (requested = 1.000000e-12)
PyQUDA INFO: Time = 0.317 secs, Performance = 145.184 GFLOPS
BiCGstab: Convergence at 27 iterations, L2 relative residual: iterated = 5.189985e-13, true = 5.189985e-13 (requested = 1.000000e-12)
PyQUDA INFO: Time = 0.309 secs, Performance = 149.095 GFLOPS
BiCGstab: Convergence at 27 iterations, L2 relative residual: iterated = 6.266411e-13, true = 6.266411e-13 (requested = 1.000000e-12)
PyQUDA INFO: Time = 0.316 secs, Performance = 145.855 GFLOPS
BiCGstab: Convergence at 27 iterations, L2 relative residual: iterated = 3.911835e-13, true = 3.911835e-13 (requested = 1.000000e-12)
PyQUDA INFO: Time = 0.326 secs, Performance = 143.230 GFLOPS
BiCGstab: Convergence at 27 iterations, L2 relative residual: iterated = 5.672145e-13, true = 5.672145e-13 (requested = 1.000000e-12)
PyQUDA INFO: Time = 0.314 secs, Performance = 146.442 GFLOPS
BiCGstab: Convergence at 28 iterations, L2 relative residual: iterated = 1.383349e-13, true = 1.383349e-13 (requested = 1.000000e-12)
PyQUDA INFO: Time = 0.259 secs, Performance = 185.904 GFLOPS
Processing configurations:  14%|█▍        | 7/50 [01:01<06:31,  9.11s/it]BiCGstab: Convergence at 30 iterations, L2 relative residual: iterated = 6.208004e-13, true = 6.208004e-13 (requested = 1.000000e-12)
PyQUDA INFO: Time = 0.358 secs, Performance = 140.648 GFLOPS
BiCGstab: Convergence at 29 iterations, L2 relative residual: iterated = 8.508762e-13, true = 8.508762e-13 (requested = 1.000000e-12)
PyQUDA INFO: Time = 0.340 secs, Performance = 145.933 GFLOPS
BiCGstab: Convergence at 29 iterations, L2 relative residual: iterated = 8.201064e-13, true = 8.201064e-13 (requested = 1.000000e-12)
PyQUDA INFO: Time = 0.331 secs, Performance = 147.921 GFLOPS
BiCGstab: Convergence at 30 iterations, L2 relative residual: iterated = 5.948739e-13, true = 5.948739e-13 (requested = 1.000000e-12)
PyQUDA INFO: Time = 0.332 secs, Performance = 151.467 GFLOPS
BiCGstab: Convergence at 29 iterations, L2 relative residual: iterated = 5.236971e-13, true = 5.236971e-13 (requested = 1.000000e-12)
PyQUDA INFO: Time = 0.332 secs, Performance = 147.474 GFLOPS
BiCGstab: Convergence at 32 iterations, L2 relative residual: iterated = 6.790624e-13, true = 6.790624e-13 (requested = 1.000000e-12)
PyQUDA INFO: Time = 0.333 secs, Performance = 157.831 GFLOPS
BiCGstab: Convergence at 29 iterations, L2 relative residual: iterated = 8.963511e-13, true = 8.963511e-13 (requested = 1.000000e-12)
PyQUDA INFO: Time = 0.330 secs, Performance = 148.143 GFLOPS
BiCGstab: Convergence at 29 iterations, L2 relative residual: iterated = 7.713924e-13, true = 7.713924e-13 (requested = 1.000000e-12)
PyQUDA INFO: Time = 0.327 secs, Performance = 149.359 GFLOPS
BiCGstab: Convergence at 30 iterations, L2 relative residual: iterated = 5.438004e-13, true = 5.438004e-13 (requested = 1.000000e-12)
PyQUDA INFO: Time = 0.321 secs, Performance = 154.607 GFLOPS
BiCGstab: Convergence at 30 iterations, L2 relative residual: iterated = 3.605919e-13, true = 3.605919e-13 (requested = 1.000000e-12)
PyQUDA INFO: Time = 0.348 secs, Performance = 146.553 GFLOPS
BiCGstab: Convergence at 30 iterations, L2 relative residual: iterated = 4.006023e-13, true = 4.006023e-13 (requested = 1.000000e-12)
PyQUDA INFO: Time = 0.329 secs, Performance = 151.024 GFLOPS
BiCGstab: Convergence at 30 iterations, L2 relative residual: iterated = 7.143920e-13, true = 7.143920e-13 (requested = 1.000000e-12)
PyQUDA INFO: Time = 0.321 secs, Performance = 154.648 GFLOPS
BiCGstab: Convergence at 29 iterations, L2 relative residual: iterated = 1.371193e-13, true = 1.371193e-13 (requested = 1.000000e-12)
PyQUDA INFO: Time = 0.342 secs, Performance = 143.142 GFLOPS
BiCGstab: Convergence at 28 iterations, L2 relative residual: iterated = 4.842178e-13, true = 4.842178e-13 (requested = 1.000000e-12)
PyQUDA INFO: Time = 0.322 secs, Performance = 147.245 GFLOPS
BiCGstab: Convergence at 28 iterations, L2 relative residual: iterated = 5.499266e-13, true = 5.499266e-13 (requested = 1.000000e-12)
PyQUDA INFO: Time = 0.322 secs, Performance = 147.180 GFLOPS
BiCGstab: Convergence at 27 iterations, L2 relative residual: iterated = 9.137544e-13, true = 9.137544e-13 (requested = 1.000000e-12)
PyQUDA INFO: Time = 0.317 secs, Performance = 145.054 GFLOPS
BiCGstab: Convergence at 28 iterations, L2 relative residual: iterated = 8.283904e-13, true = 8.283904e-13 (requested = 1.000000e-12)
PyQUDA INFO: Time = 0.332 secs, Performance = 144.847 GFLOPS
BiCGstab: Convergence at 27 iterations, L2 relative residual: iterated = 8.639931e-13, true = 8.639931e-13 (requested = 1.000000e-12)
PyQUDA INFO: Time = 0.306 secs, Performance = 148.052 GFLOPS
BiCGstab: Convergence at 28 iterations, L2 relative residual: iterated = 3.921390e-13, true = 3.921390e-13 (requested = 1.000000e-12)
PyQUDA INFO: Time = 0.311 secs, Performance = 150.414 GFLOPS
BiCGstab: Convergence at 28 iterations, L2 relative residual: iterated = 3.738026e-13, true = 3.738026e-13 (requested = 1.000000e-12)
PyQUDA INFO: Time = 0.323 secs, Performance = 147.158 GFLOPS
BiCGstab: Convergence at 28 iterations, L2 relative residual: iterated = 5.440973e-13, true = 5.440973e-13 (requested = 1.000000e-12)
PyQUDA INFO: Time = 0.318 secs, Performance = 149.264 GFLOPS
BiCGstab: Convergence at 29 iterations, L2 relative residual: iterated = 4.724700e-13, true = 4.724700e-13 (requested = 1.000000e-12)
PyQUDA INFO: Time = 0.339 secs, Performance = 144.217 GFLOPS
BiCGstab: Convergence at 28 iterations, L2 relative residual: iterated = 5.326400e-13, true = 5.326400e-13 (requested = 1.000000e-12)
PyQUDA INFO: Time = 0.322 secs, Performance = 147.199 GFLOPS
BiCGstab: Convergence at 27 iterations, L2 relative residual: iterated = 9.205062e-13, true = 9.205062e-13 (requested = 1.000000e-12)
PyQUDA INFO: Time = 0.304 secs, Performance = 149.020 GFLOPS
BiCGstab: Convergence at 27 iterations, L2 relative residual: iterated = 5.486309e-13, true = 5.486309e-13 (requested = 1.000000e-12)
PyQUDA INFO: Time = 0.346 secs, Performance = 135.023 GFLOPS
BiCGstab: Convergence at 27 iterations, L2 relative residual: iterated = 8.844226e-13, true = 8.844226e-13 (requested = 1.000000e-12)
PyQUDA INFO: Time = 0.322 secs, Performance = 142.924 GFLOPS
BiCGstab: Convergence at 27 iterations, L2 relative residual: iterated = 7.292741e-13, true = 7.292741e-13 (requested = 1.000000e-12)
PyQUDA INFO: Time = 0.318 secs, Performance = 144.976 GFLOPS
BiCGstab: Convergence at 27 iterations, L2 relative residual: iterated = 5.657665e-13, true = 5.657665e-13 (requested = 1.000000e-12)
PyQUDA INFO: Time = 0.318 secs, Performance = 144.823 GFLOPS
BiCGstab: Convergence at 26 iterations, L2 relative residual: iterated = 9.879083e-13, true = 9.879083e-13 (requested = 1.000000e-12)
PyQUDA INFO: Time = 0.313 secs, Performance = 142.693 GFLOPS
BiCGstab: Convergence at 27 iterations, L2 relative residual: iterated = 3.759857e-13, true = 3.759857e-13 (requested = 1.000000e-12)
PyQUDA INFO: Time = 0.318 secs, Performance = 144.902 GFLOPS
BiCGstab: Convergence at 27 iterations, L2 relative residual: iterated = 3.382705e-13, true = 3.382705e-13 (requested = 1.000000e-12)
PyQUDA INFO: Time = 0.334 secs, Performance = 140.023 GFLOPS
BiCGstab: Convergence at 27 iterations, L2 relative residual: iterated = 3.139010e-13, true = 3.139010e-13 (requested = 1.000000e-12)
PyQUDA INFO: Time = 0.329 secs, Performance = 142.017 GFLOPS
BiCGstab: Convergence at 26 iterations, L2 relative residual: iterated = 7.847592e-13, true = 7.847592e-13 (requested = 1.000000e-12)
PyQUDA INFO: Time = 0.308 secs, Performance = 144.774 GFLOPS
BiCGstab: Convergence at 27 iterations, L2 relative residual: iterated = 3.873987e-13, true = 3.873987e-13 (requested = 1.000000e-12)
PyQUDA INFO: Time = 0.273 secs, Performance = 168.814 GFLOPS
BiCGstab: Convergence at 27 iterations, L2 relative residual: iterated = 4.744935e-13, true = 4.744935e-13 (requested = 1.000000e-12)
PyQUDA INFO: Time = 0.149 secs, Performance = 309.107 GFLOPS
BiCGstab: Convergence at 27 iterations, L2 relative residual: iterated = 6.049749e-13, true = 6.049749e-13 (requested = 1.000000e-12)
PyQUDA INFO: Time = 0.142 secs, Performance = 320.408 GFLOPS
BiCGstab: Convergence at 27 iterations, L2 relative residual: iterated = 6.243266e-13, true = 6.243266e-13 (requested = 1.000000e-12)
PyQUDA INFO: Time = 0.181 secs, Performance = 253.781 GFLOPS
BiCGstab: Convergence at 27 iterations, L2 relative residual: iterated = 4.832700e-13, true = 4.832700e-13 (requested = 1.000000e-12)
PyQUDA INFO: Time = 0.257 secs, Performance = 176.437 GFLOPS
BiCGstab: Convergence at 27 iterations, L2 relative residual: iterated = 4.143720e-13, true = 4.143720e-13 (requested = 1.000000e-12)
PyQUDA INFO: Time = 0.208 secs, Performance = 221.669 GFLOPS
BiCGstab: Convergence at 28 iterations, L2 relative residual: iterated = 1.484553e-13, true = 1.484553e-13 (requested = 1.000000e-12)
PyQUDA INFO: Time = 0.300 secs, Performance = 158.056 GFLOPS
BiCGstab: Convergence at 27 iterations, L2 relative residual: iterated = 4.510663e-13, true = 4.510663e-13 (requested = 1.000000e-12)
PyQUDA INFO: Time = 0.311 secs, Performance = 148.155 GFLOPS
BiCGstab: Convergence at 27 iterations, L2 relative residual: iterated = 5.362369e-13, true = 5.362369e-13 (requested = 1.000000e-12)
PyQUDA INFO: Time = 0.315 secs, Performance = 146.291 GFLOPS
BiCGstab: Convergence at 27 iterations, L2 relative residual: iterated = 5.242140e-13, true = 5.242140e-13 (requested = 1.000000e-12)
PyQUDA INFO: Time = 0.317 secs, Performance = 145.179 GFLOPS
BiCGstab: Convergence at 27 iterations, L2 relative residual: iterated = 6.551254e-13, true = 6.551254e-13 (requested = 1.000000e-12)
PyQUDA INFO: Time = 0.313 secs, Performance = 147.005 GFLOPS
BiCGstab: Convergence at 27 iterations, L2 relative residual: iterated = 4.098972e-13, true = 4.098972e-13 (requested = 1.000000e-12)
PyQUDA INFO: Time = 0.317 secs, Performance = 145.004 GFLOPS
BiCGstab: Convergence at 27 iterations, L2 relative residual: iterated = 4.321242e-13, true = 4.321242e-13 (requested = 1.000000e-12)
PyQUDA INFO: Time = 0.330 secs, Performance = 141.479 GFLOPS
BiCGstab: Convergence at 27 iterations, L2 relative residual: iterated = 7.947573e-13, true = 7.947573e-13 (requested = 1.000000e-12)
PyQUDA INFO: Time = 0.301 secs, Performance = 150.500 GFLOPS
BiCGstab: Convergence at 28 iterations, L2 relative residual: iterated = 4.187373e-13, true = 4.187373e-13 (requested = 1.000000e-12)
PyQUDA INFO: Time = 0.321 secs, Performance = 147.829 GFLOPS
Processing configurations:  16%|█▌        | 8/50 [01:17<07:55, 11.31s/it]BiCGstab: Convergence at 31 iterations, L2 relative residual: iterated = 1.488731e-13, true = 1.488731e-13 (requested = 1.000000e-12)
PyQUDA INFO: Time = 0.339 secs, Performance = 150.527 GFLOPS
BiCGstab: Convergence at 31 iterations, L2 relative residual: iterated = 1.258135e-13, true = 1.258135e-13 (requested = 1.000000e-12)
PyQUDA INFO: Time = 0.338 secs, Performance = 153.018 GFLOPS
BiCGstab: Convergence at 29 iterations, L2 relative residual: iterated = 7.383325e-13, true = 7.383325e-13 (requested = 1.000000e-12)
PyQUDA INFO: Time = 0.327 secs, Performance = 149.375 GFLOPS
BiCGstab: Convergence at 30 iterations, L2 relative residual: iterated = 5.526963e-13, true = 5.526963e-13 (requested = 1.000000e-12)
PyQUDA INFO: Time = 0.320 secs, Performance = 155.248 GFLOPS
BiCGstab: Convergence at 29 iterations, L2 relative residual: iterated = 9.458755e-13, true = 9.458755e-13 (requested = 1.000000e-12)
PyQUDA INFO: Time = 0.327 secs, Performance = 149.434 GFLOPS
BiCGstab: Convergence at 30 iterations, L2 relative residual: iterated = 4.836665e-13, true = 4.836665e-13 (requested = 1.000000e-12)
PyQUDA INFO: Time = 0.336 secs, Performance = 149.647 GFLOPS
BiCGstab: Convergence at 30 iterations, L2 relative residual: iterated = 5.251123e-13, true = 5.251123e-13 (requested = 1.000000e-12)
PyQUDA INFO: Time = 0.317 secs, Performance = 156.679 GFLOPS
BiCGstab: Convergence at 31 iterations, L2 relative residual: iterated = 2.119842e-13, true = 2.119842e-13 (requested = 1.000000e-12)
PyQUDA INFO: Time = 0.329 secs, Performance = 155.257 GFLOPS
BiCGstab: Convergence at 30 iterations, L2 relative residual: iterated = 6.089832e-13, true = 6.089832e-13 (requested = 1.000000e-12)
PyQUDA INFO: Time = 0.336 secs, Performance = 149.828 GFLOPS
BiCGstab: Convergence at 29 iterations, L2 relative residual: iterated = 4.084001e-13, true = 4.084001e-13 (requested = 1.000000e-12)
PyQUDA INFO: Time = 0.332 secs, Performance = 147.418 GFLOPS
BiCGstab: Convergence at 30 iterations, L2 relative residual: iterated = 2.029965e-13, true = 2.029965e-13 (requested = 1.000000e-12)
PyQUDA INFO: Time = 0.325 secs, Performance = 152.927 GFLOPS
BiCGstab: Convergence at 29 iterations, L2 relative residual: iterated = 8.733018e-13, true = 8.733018e-13 (requested = 1.000000e-12)
PyQUDA INFO: Time = 0.313 secs, Performance = 154.123 GFLOPS
BiCGstab: Convergence at 28 iterations, L2 relative residual: iterated = 2.830766e-13, true = 2.830766e-13 (requested = 1.000000e-12)
PyQUDA INFO: Time = 0.328 secs, Performance = 142.608 GFLOPS
BiCGstab: Convergence at 29 iterations, L2 relative residual: iterated = 1.639062e-13, true = 1.639062e-13 (requested = 1.000000e-12)
PyQUDA INFO: Time = 0.327 secs, Performance = 149.341 GFLOPS
BiCGstab: Convergence at 27 iterations, L2 relative residual: iterated = 9.923306e-13, true = 9.923306e-13 (requested = 1.000000e-12)
PyQUDA INFO: Time = 0.313 secs, Performance = 147.220 GFLOPS
BiCGstab: Convergence at 28 iterations, L2 relative residual: iterated = 4.721453e-13, true = 4.721453e-13 (requested = 1.000000e-12)
PyQUDA INFO: Time = 0.323 secs, Performance = 147.122 GFLOPS
BiCGstab: Convergence at 28 iterations, L2 relative residual: iterated = 4.154020e-13, true = 4.154020e-13 (requested = 1.000000e-12)
PyQUDA INFO: Time = 0.322 secs, Performance = 147.252 GFLOPS
BiCGstab: Convergence at 28 iterations, L2 relative residual: iterated = 4.761652e-13, true = 4.761652e-13 (requested = 1.000000e-12)
PyQUDA INFO: Time = 0.322 secs, Performance = 147.258 GFLOPS
BiCGstab: Convergence at 27 iterations, L2 relative residual: iterated = 8.563618e-13, true = 8.563618e-13 (requested = 1.000000e-12)
PyQUDA INFO: Time = 0.313 secs, Performance = 146.995 GFLOPS
BiCGstab: Convergence at 27 iterations, L2 relative residual: iterated = 9.133864e-13, true = 9.133864e-13 (requested = 1.000000e-12)
PyQUDA INFO: Time = 0.302 secs, Performance = 150.354 GFLOPS
BiCGstab: Convergence at 29 iterations, L2 relative residual: iterated = 2.702905e-13, true = 2.702905e-13 (requested = 1.000000e-12)
PyQUDA INFO: Time = 0.339 secs, Performance = 144.201 GFLOPS
BiCGstab: Convergence at 27 iterations, L2 relative residual: iterated = 9.349603e-13, true = 9.349603e-13 (requested = 1.000000e-12)
PyQUDA INFO: Time = 0.318 secs, Performance = 144.983 GFLOPS
BiCGstab: Convergence at 28 iterations, L2 relative residual: iterated = 9.282901e-13, true = 9.282901e-13 (requested = 1.000000e-12)
PyQUDA INFO: Time = 0.323 secs, Performance = 147.150 GFLOPS
BiCGstab: Convergence at 27 iterations, L2 relative residual: iterated = 9.549034e-13, true = 9.549034e-13 (requested = 1.000000e-12)
PyQUDA INFO: Time = 0.308 secs, Performance = 147.460 GFLOPS
BiCGstab: Convergence at 27 iterations, L2 relative residual: iterated = 2.601759e-13, true = 2.601759e-13 (requested = 1.000000e-12)
PyQUDA INFO: Time = 0.339 secs, Performance = 135.958 GFLOPS
BiCGstab: Convergence at 28 iterations, L2 relative residual: iterated = 2.177928e-13, true = 2.177928e-13 (requested = 1.000000e-12)
PyQUDA INFO: Time = 0.334 secs, Performance = 144.086 GFLOPS
BiCGstab: Convergence at 26 iterations, L2 relative residual: iterated = 9.780073e-13, true = 9.780073e-13 (requested = 1.000000e-12)
PyQUDA INFO: Time = 0.312 secs, Performance = 142.749 GFLOPS
BiCGstab: Convergence at 27 iterations, L2 relative residual: iterated = 5.608708e-13, true = 5.608708e-13 (requested = 1.000000e-12)
PyQUDA INFO: Time = 0.327 secs, Performance = 142.791 GFLOPS
BiCGstab: Convergence at 27 iterations, L2 relative residual: iterated = 6.419614e-13, true = 6.419614e-13 (requested = 1.000000e-12)
PyQUDA INFO: Time = 0.318 secs, Performance = 144.877 GFLOPS
BiCGstab: Convergence at 27 iterations, L2 relative residual: iterated = 7.684319e-13, true = 7.684319e-13 (requested = 1.000000e-12)
PyQUDA INFO: Time = 0.319 secs, Performance = 144.110 GFLOPS
BiCGstab: Convergence at 26 iterations, L2 relative residual: iterated = 9.575000e-13, true = 9.575000e-13 (requested = 1.000000e-12)
PyQUDA INFO: Time = 0.323 secs, Performance = 139.988 GFLOPS
BiCGstab: Convergence at 27 iterations, L2 relative residual: iterated = 7.229969e-13, true = 7.229969e-13 (requested = 1.000000e-12)
PyQUDA INFO: Time = 0.318 secs, Performance = 144.673 GFLOPS
BiCGstab: Convergence at 27 iterations, L2 relative residual: iterated = 2.543395e-13, true = 2.543395e-13 (requested = 1.000000e-12)
PyQUDA INFO: Time = 0.251 secs, Performance = 183.334 GFLOPS
BiCGstab: Convergence at 28 iterations, L2 relative residual: iterated = 1.620186e-13, true = 1.620186e-13 (requested = 1.000000e-12)
PyQUDA INFO: Time = 0.159 secs, Performance = 303.024 GFLOPS
BiCGstab: Convergence at 27 iterations, L2 relative residual: iterated = 6.025377e-13, true = 6.025377e-13 (requested = 1.000000e-12)
PyQUDA INFO: Time = 0.143 secs, Performance = 317.442 GFLOPS
BiCGstab: Convergence at 27 iterations, L2 relative residual: iterated = 4.285299e-13, true = 4.285299e-13 (requested = 1.000000e-12)
PyQUDA INFO: Time = 0.149 secs, Performance = 309.304 GFLOPS
BiCGstab: Convergence at 27 iterations, L2 relative residual: iterated = 4.658927e-13, true = 4.658927e-13 (requested = 1.000000e-12)
PyQUDA INFO: Time = 0.161 secs, Performance = 285.391 GFLOPS
BiCGstab: Convergence at 27 iterations, L2 relative residual: iterated = 4.056908e-13, true = 4.056908e-13 (requested = 1.000000e-12)
PyQUDA INFO: Time = 0.149 secs, Performance = 308.931 GFLOPS
BiCGstab: Convergence at 27 iterations, L2 relative residual: iterated = 4.805644e-13, true = 4.805644e-13 (requested = 1.000000e-12)
PyQUDA INFO: Time = 0.200 secs, Performance = 226.649 GFLOPS
BiCGstab: Convergence at 27 iterations, L2 relative residual: iterated = 5.185895e-13, true = 5.185895e-13 (requested = 1.000000e-12)
PyQUDA INFO: Time = 0.327 secs, Performance = 142.809 GFLOPS
BiCGstab: Convergence at 28 iterations, L2 relative residual: iterated = 1.938596e-13, true = 1.938596e-13 (requested = 1.000000e-12)
PyQUDA INFO: Time = 0.334 secs, Performance = 144.176 GFLOPS
BiCGstab: Convergence at 27 iterations, L2 relative residual: iterated = 4.067458e-13, true = 4.067458e-13 (requested = 1.000000e-12)
PyQUDA INFO: Time = 0.299 secs, Performance = 151.941 GFLOPS
BiCGstab: Convergence at 27 iterations, L2 relative residual: iterated = 3.794115e-13, true = 3.794115e-13 (requested = 1.000000e-12)
PyQUDA INFO: Time = 0.314 secs, Performance = 146.450 GFLOPS
BiCGstab: Convergence at 27 iterations, L2 relative residual: iterated = 6.308587e-13, true = 6.308587e-13 (requested = 1.000000e-12)
PyQUDA INFO: Time = 0.294 secs, Performance = 154.124 GFLOPS
BiCGstab: Convergence at 27 iterations, L2 relative residual: iterated = 3.268196e-13, true = 3.268196e-13 (requested = 1.000000e-12)
PyQUDA INFO: Time = 0.313 secs, Performance = 147.184 GFLOPS
BiCGstab: Convergence at 27 iterations, L2 relative residual: iterated = 7.574298e-13, true = 7.574298e-13 (requested = 1.000000e-12)
PyQUDA INFO: Time = 0.313 secs, Performance = 147.096 GFLOPS
BiCGstab: Convergence at 27 iterations, L2 relative residual: iterated = 7.646261e-13, true = 7.646261e-13 (requested = 1.000000e-12)
PyQUDA INFO: Time = 0.313 secs, Performance = 147.229 GFLOPS
BiCGstab: Convergence at 27 iterations, L2 relative residual: iterated = 7.306085e-13, true = 7.306085e-13 (requested = 1.000000e-12)
PyQUDA INFO: Time = 0.313 secs, Performance = 147.147 GFLOPS
Processing configurations:  18%|█▊        | 9/50 [01:33<08:38, 12.66s/it]BiCGstab: Convergence at 29 iterations, L2 relative residual: iterated = 8.805410e-13, true = 8.805410e-13 (requested = 1.000000e-12)
PyQUDA INFO: Time = 0.332 secs, Performance = 145.184 GFLOPS
BiCGstab: Convergence at 29 iterations, L2 relative residual: iterated = 6.454225e-13, true = 6.454225e-13 (requested = 1.000000e-12)
PyQUDA INFO: Time = 0.316 secs, Performance = 152.835 GFLOPS
BiCGstab: Convergence at 30 iterations, L2 relative residual: iterated = 2.572795e-13, true = 2.572795e-13 (requested = 1.000000e-12)
PyQUDA INFO: Time = 0.360 secs, Performance = 143.620 GFLOPS
BiCGstab: Convergence at 30 iterations, L2 relative residual: iterated = 8.006388e-13, true = 8.006388e-13 (requested = 1.000000e-12)
PyQUDA INFO: Time = 0.337 secs, Performance = 149.468 GFLOPS
BiCGstab: Convergence at 29 iterations, L2 relative residual: iterated = 7.721116e-13, true = 7.721116e-13 (requested = 1.000000e-12)
PyQUDA INFO: Time = 0.301 secs, Performance = 158.228 GFLOPS
BiCGstab: Convergence at 29 iterations, L2 relative residual: iterated = 7.804473e-13, true = 7.804473e-13 (requested = 1.000000e-12)
PyQUDA INFO: Time = 0.327 secs, Performance = 149.350 GFLOPS
BiCGstab: Convergence at 29 iterations, L2 relative residual: iterated = 4.820992e-13, true = 4.820992e-13 (requested = 1.000000e-12)
PyQUDA INFO: Time = 0.313 secs, Performance = 154.129 GFLOPS
BiCGstab: Convergence at 29 iterations, L2 relative residual: iterated = 4.868106e-13, true = 4.868106e-13 (requested = 1.000000e-12)
PyQUDA INFO: Time = 0.315 secs, Performance = 153.158 GFLOPS
BiCGstab: Convergence at 29 iterations, L2 relative residual: iterated = 6.326526e-13, true = 6.326526e-13 (requested = 1.000000e-12)
PyQUDA INFO: Time = 0.315 secs, Performance = 152.885 GFLOPS
BiCGstab: Convergence at 30 iterations, L2 relative residual: iterated = 4.766279e-13, true = 4.766279e-13 (requested = 1.000000e-12)
PyQUDA INFO: Time = 0.344 secs, Performance = 146.105 GFLOPS
BiCGstab: Convergence at 30 iterations, L2 relative residual: iterated = 9.307966e-13, true = 9.307966e-13 (requested = 1.000000e-12)
PyQUDA INFO: Time = 0.332 secs, Performance = 151.450 GFLOPS
BiCGstab: Convergence at 29 iterations, L2 relative residual: iterated = 5.445636e-13, true = 5.445636e-13 (requested = 1.000000e-12)
PyQUDA INFO: Time = 0.316 secs, Performance = 152.563 GFLOPS
BiCGstab: Convergence at 28 iterations, L2 relative residual: iterated = 3.950648e-13, true = 3.950648e-13 (requested = 1.000000e-12)
PyQUDA INFO: Time = 0.318 secs, Performance = 144.918 GFLOPS
BiCGstab: Convergence at 27 iterations, L2 relative residual: iterated = 9.004453e-13, true = 9.004453e-13 (requested = 1.000000e-12)
PyQUDA INFO: Time = 0.331 secs, Performance = 141.081 GFLOPS
BiCGstab: Convergence at 29 iterations, L2 relative residual: iterated = 4.465782e-13, true = 4.465782e-13 (requested = 1.000000e-12)
PyQUDA INFO: Time = 0.330 secs, Performance = 148.207 GFLOPS
BiCGstab: Convergence at 28 iterations, L2 relative residual: iterated = 8.294284e-13, true = 8.294284e-13 (requested = 1.000000e-12)
PyQUDA INFO: Time = 0.320 secs, Performance = 148.442 GFLOPS
BiCGstab: Convergence at 27 iterations, L2 relative residual: iterated = 8.089820e-13, true = 8.089820e-13 (requested = 1.000000e-12)
PyQUDA INFO: Time = 0.304 secs, Performance = 148.996 GFLOPS
BiCGstab: Convergence at 28 iterations, L2 relative residual: iterated = 5.563861e-13, true = 5.563861e-13 (requested = 1.000000e-12)
PyQUDA INFO: Time = 0.310 secs, Performance = 151.005 GFLOPS
BiCGstab: Convergence at 28 iterations, L2 relative residual: iterated = 4.262147e-13, true = 4.262147e-13 (requested = 1.000000e-12)
PyQUDA INFO: Time = 0.321 secs, Performance = 147.830 GFLOPS
BiCGstab: Convergence at 27 iterations, L2 relative residual: iterated = 8.668939e-13, true = 8.668939e-13 (requested = 1.000000e-12)
PyQUDA INFO: Time = 0.300 secs, Performance = 151.322 GFLOPS
BiCGstab: Convergence at 28 iterations, L2 relative residual: iterated = 7.401334e-13, true = 7.401334e-13 (requested = 1.000000e-12)
PyQUDA INFO: Time = 0.325 secs, Performance = 146.256 GFLOPS
BiCGstab: Convergence at 28 iterations, L2 relative residual: iterated = 5.239724e-13, true = 5.239724e-13 (requested = 1.000000e-12)
PyQUDA INFO: Time = 0.326 secs, Performance = 145.630 GFLOPS
BiCGstab: Convergence at 28 iterations, L2 relative residual: iterated = 7.169510e-13, true = 7.169510e-13 (requested = 1.000000e-12)
PyQUDA INFO: Time = 0.327 secs, Performance = 145.322 GFLOPS
BiCGstab: Convergence at 28 iterations, L2 relative residual: iterated = 8.285315e-13, true = 8.285315e-13 (requested = 1.000000e-12)
PyQUDA INFO: Time = 0.313 secs, Performance = 149.584 GFLOPS
BiCGstab: Convergence at 26 iterations, L2 relative residual: iterated = 9.801863e-13, true = 9.801863e-13 (requested = 1.000000e-12)
PyQUDA INFO: Time = 0.334 secs, Performance = 133.439 GFLOPS
BiCGstab: Convergence at 26 iterations, L2 relative residual: iterated = 9.293153e-13, true = 9.293153e-13 (requested = 1.000000e-12)
PyQUDA INFO: Time = 0.313 secs, Performance = 142.623 GFLOPS
BiCGstab: Convergence at 27 iterations, L2 relative residual: iterated = 4.715915e-13, true = 4.715915e-13 (requested = 1.000000e-12)
PyQUDA INFO: Time = 0.318 secs, Performance = 144.916 GFLOPS
BiCGstab: Convergence at 27 iterations, L2 relative residual: iterated = 5.334762e-13, true = 5.334762e-13 (requested = 1.000000e-12)
PyQUDA INFO: Time = 0.322 secs, Performance = 142.796 GFLOPS
BiCGstab: Convergence at 27 iterations, L2 relative residual: iterated = 9.826676e-13, true = 9.826676e-13 (requested = 1.000000e-12)
PyQUDA INFO: Time = 0.318 secs, Performance = 144.944 GFLOPS
BiCGstab: Convergence at 27 iterations, L2 relative residual: iterated = 8.696857e-13, true = 8.696857e-13 (requested = 1.000000e-12)
PyQUDA INFO: Time = 0.303 secs, Performance = 149.802 GFLOPS
BiCGstab: Convergence at 27 iterations, L2 relative residual: iterated = 6.556973e-13, true = 6.556973e-13 (requested = 1.000000e-12)
PyQUDA INFO: Time = 0.322 secs, Performance = 142.912 GFLOPS
BiCGstab: Convergence at 27 iterations, L2 relative residual: iterated = 4.147203e-13, true = 4.147203e-13 (requested = 1.000000e-12)
PyQUDA INFO: Time = 0.332 secs, Performance = 140.677 GFLOPS
BiCGstab: Convergence at 26 iterations, L2 relative residual: iterated = 9.744892e-13, true = 9.744892e-13 (requested = 1.000000e-12)
PyQUDA INFO: Time = 0.307 secs, Performance = 145.292 GFLOPS
BiCGstab: Convergence at 27 iterations, L2 relative residual: iterated = 4.491122e-13, true = 4.491122e-13 (requested = 1.000000e-12)
PyQUDA INFO: Time = 0.182 secs, Performance = 256.486 GFLOPS
BiCGstab: Convergence at 27 iterations, L2 relative residual: iterated = 4.922452e-13, true = 4.922452e-13 (requested = 1.000000e-12)
PyQUDA INFO: Time = 0.149 secs, Performance = 308.390 GFLOPS
BiCGstab: Convergence at 27 iterations, L2 relative residual: iterated = 4.319146e-13, true = 4.319146e-13 (requested = 1.000000e-12)
PyQUDA INFO: Time = 0.237 secs, Performance = 194.273 GFLOPS
BiCGstab: Convergence at 27 iterations, L2 relative residual: iterated = 6.470165e-13, true = 6.470165e-13 (requested = 1.000000e-12)
PyQUDA INFO: Time = 0.187 secs, Performance = 246.200 GFLOPS
BiCGstab: Convergence at 27 iterations, L2 relative residual: iterated = 5.662492e-13, true = 5.662492e-13 (requested = 1.000000e-12)
PyQUDA INFO: Time = 0.221 secs, Performance = 208.629 GFLOPS
BiCGstab: Convergence at 27 iterations, L2 relative residual: iterated = 4.690681e-13, true = 4.690681e-13 (requested = 1.000000e-12)
PyQUDA INFO: Time = 0.273 secs, Performance = 168.630 GFLOPS
BiCGstab: Convergence at 28 iterations, L2 relative residual: iterated = 2.932898e-13, true = 2.932898e-13 (requested = 1.000000e-12)
PyQUDA INFO: Time = 0.317 secs, Performance = 149.500 GFLOPS
BiCGstab: Convergence at 27 iterations, L2 relative residual: iterated = 5.952034e-13, true = 5.952034e-13 (requested = 1.000000e-12)
PyQUDA INFO: Time = 0.313 secs, Performance = 147.128 GFLOPS
BiCGstab: Convergence at 27 iterations, L2 relative residual: iterated = 6.776237e-13, true = 6.776237e-13 (requested = 1.000000e-12)
PyQUDA INFO: Time = 0.325 secs, Performance = 143.531 GFLOPS
BiCGstab: Convergence at 27 iterations, L2 relative residual: iterated = 5.016681e-13, true = 5.016681e-13 (requested = 1.000000e-12)
PyQUDA INFO: Time = 0.327 secs, Performance = 142.926 GFLOPS
BiCGstab: Convergence at 27 iterations, L2 relative residual: iterated = 3.628876e-13, true = 3.628876e-13 (requested = 1.000000e-12)
PyQUDA INFO: Time = 0.329 secs, Performance = 141.872 GFLOPS
BiCGstab: Convergence at 27 iterations, L2 relative residual: iterated = 4.757051e-13, true = 4.757051e-13 (requested = 1.000000e-12)
PyQUDA INFO: Time = 0.308 secs, Performance = 149.234 GFLOPS
BiCGstab: Convergence at 27 iterations, L2 relative residual: iterated = 5.871646e-13, true = 5.871646e-13 (requested = 1.000000e-12)
PyQUDA INFO: Time = 0.313 secs, Performance = 147.259 GFLOPS
BiCGstab: Convergence at 27 iterations, L2 relative residual: iterated = 7.487593e-13, true = 7.487593e-13 (requested = 1.000000e-12)
PyQUDA INFO: Time = 0.317 secs, Performance = 145.050 GFLOPS
BiCGstab: Convergence at 28 iterations, L2 relative residual: iterated = 3.497906e-13, true = 3.497906e-13 (requested = 1.000000e-12)
PyQUDA INFO: Time = 0.332 secs, Performance = 145.029 GFLOPS
Processing configurations:  20%|██        | 10/50 [01:49<09:06, 13.66s/it]BiCGstab: Convergence at 29 iterations, L2 relative residual: iterated = 4.773810e-13, true = 4.773810e-13 (requested = 1.000000e-12)
PyQUDA INFO: Time = 0.332 secs, Performance = 145.231 GFLOPS
BiCGstab: Convergence at 30 iterations, L2 relative residual: iterated = 3.776723e-13, true = 3.776723e-13 (requested = 1.000000e-12)
PyQUDA INFO: Time = 0.335 secs, Performance = 150.173 GFLOPS
BiCGstab: Convergence at 30 iterations, L2 relative residual: iterated = 7.510875e-13, true = 7.510875e-13 (requested = 1.000000e-12)
PyQUDA INFO: Time = 0.322 secs, Performance = 154.105 GFLOPS
BiCGstab: Convergence at 29 iterations, L2 relative residual: iterated = 4.990815e-13, true = 4.990815e-13 (requested = 1.000000e-12)
PyQUDA INFO: Time = 0.333 secs, Performance = 146.846 GFLOPS
BiCGstab: Convergence at 29 iterations, L2 relative residual: iterated = 6.513618e-13, true = 6.513618e-13 (requested = 1.000000e-12)
PyQUDA INFO: Time = 0.328 secs, Performance = 148.897 GFLOPS
BiCGstab: Convergence at 29 iterations, L2 relative residual: iterated = 6.433210e-13, true = 6.433210e-13 (requested = 1.000000e-12)
PyQUDA INFO: Time = 0.340 secs, Performance = 145.992 GFLOPS
BiCGstab: Convergence at 30 iterations, L2 relative residual: iterated = 2.546050e-13, true = 2.546050e-13 (requested = 1.000000e-12)
PyQUDA INFO: Time = 0.322 secs, Performance = 154.315 GFLOPS
BiCGstab: Convergence at 29 iterations, L2 relative residual: iterated = 5.158999e-13, true = 5.158999e-13 (requested = 1.000000e-12)
PyQUDA INFO: Time = 0.329 secs, Performance = 148.835 GFLOPS
BiCGstab: Convergence at 30 iterations, L2 relative residual: iterated = 1.801666e-13, true = 1.801666e-13 (requested = 1.000000e-12)
PyQUDA INFO: Time = 0.345 secs, Performance = 145.691 GFLOPS
BiCGstab: Convergence at 29 iterations, L2 relative residual: iterated = 7.462375e-13, true = 7.462375e-13 (requested = 1.000000e-12)
PyQUDA INFO: Time = 0.317 secs, Performance = 152.190 GFLOPS
BiCGstab: Convergence at 30 iterations, L2 relative residual: iterated = 5.492905e-13, true = 5.492905e-13 (requested = 1.000000e-12)
PyQUDA INFO: Time = 0.318 secs, Performance = 156.114 GFLOPS
BiCGstab: Convergence at 29 iterations, L2 relative residual: iterated = 7.439773e-13, true = 7.439773e-13 (requested = 1.000000e-12)
PyQUDA INFO: Time = 0.329 secs, Performance = 148.834 GFLOPS
BiCGstab: Convergence at 29 iterations, L2 relative residual: iterated = 4.330347e-13, true = 4.330347e-13 (requested = 1.000000e-12)
PyQUDA INFO: Time = 0.345 secs, Performance = 141.545 GFLOPS
BiCGstab: Convergence at 27 iterations, L2 relative residual: iterated = 9.733680e-13, true = 9.733680e-13 (requested = 1.000000e-12)
PyQUDA INFO: Time = 0.307 secs, Performance = 147.745 GFLOPS
BiCGstab: Convergence at 27 iterations, L2 relative residual: iterated = 8.841553e-13, true = 8.841553e-13 (requested = 1.000000e-12)
PyQUDA INFO: Time = 0.307 secs, Performance = 147.699 GFLOPS
BiCGstab: Convergence at 27 iterations, L2 relative residual: iterated = 7.076324e-13, true = 7.076324e-13 (requested = 1.000000e-12)
PyQUDA INFO: Time = 0.326 secs, Performance = 143.293 GFLOPS
BiCGstab: Convergence at 29 iterations, L2 relative residual: iterated = 3.228399e-13, true = 3.228399e-13 (requested = 1.000000e-12)
PyQUDA INFO: Time = 0.329 secs, Performance = 148.828 GFLOPS
BiCGstab: Convergence at 28 iterations, L2 relative residual: iterated = 3.608762e-13, true = 3.608762e-13 (requested = 1.000000e-12)
PyQUDA INFO: Time = 0.324 secs, Performance = 146.652 GFLOPS
BiCGstab: Convergence at 28 iterations, L2 relative residual: iterated = 9.510548e-13, true = 9.510548e-13 (requested = 1.000000e-12)
PyQUDA INFO: Time = 0.335 secs, Performance = 143.761 GFLOPS
BiCGstab: Convergence at 28 iterations, L2 relative residual: iterated = 5.982332e-13, true = 5.982332e-13 (requested = 1.000000e-12)
PyQUDA INFO: Time = 0.323 secs, Performance = 146.917 GFLOPS
BiCGstab: Convergence at 28 iterations, L2 relative residual: iterated = 7.260078e-13, true = 7.260078e-13 (requested = 1.000000e-12)
PyQUDA INFO: Time = 0.331 secs, Performance = 143.356 GFLOPS
BiCGstab: Convergence at 27 iterations, L2 relative residual: iterated = 9.016432e-13, true = 9.016432e-13 (requested = 1.000000e-12)
PyQUDA INFO: Time = 0.320 secs, Performance = 143.835 GFLOPS
BiCGstab: Convergence at 28 iterations, L2 relative residual: iterated = 9.273543e-13, true = 9.273543e-13 (requested = 1.000000e-12)
PyQUDA INFO: Time = 0.327 secs, Performance = 145.358 GFLOPS
BiCGstab: Convergence at 28 iterations, L2 relative residual: iterated = 2.895384e-13, true = 2.895384e-13 (requested = 1.000000e-12)
PyQUDA INFO: Time = 0.336 secs, Performance = 143.115 GFLOPS
BiCGstab: Convergence at 27 iterations, L2 relative residual: iterated = 4.305336e-13, true = 4.305336e-13 (requested = 1.000000e-12)
PyQUDA INFO: Time = 0.352 secs, Performance = 132.868 GFLOPS
BiCGstab: Convergence at 27 iterations, L2 relative residual: iterated = 4.912005e-13, true = 4.912005e-13 (requested = 1.000000e-12)
PyQUDA INFO: Time = 0.323 secs, Performance = 142.599 GFLOPS
BiCGstab: Convergence at 27 iterations, L2 relative residual: iterated = 4.331481e-13, true = 4.331481e-13 (requested = 1.000000e-12)
PyQUDA INFO: Time = 0.331 secs, Performance = 141.272 GFLOPS
BiCGstab: Convergence at 29 iterations, L2 relative residual: iterated = 4.697113e-13, true = 4.697113e-13 (requested = 1.000000e-12)
PyQUDA INFO: Time = 0.333 secs, Performance = 146.960 GFLOPS
BiCGstab: Convergence at 27 iterations, L2 relative residual: iterated = 6.638398e-13, true = 6.638398e-13 (requested = 1.000000e-12)
PyQUDA INFO: Time = 0.321 secs, Performance = 143.235 GFLOPS
BiCGstab: Convergence at 26 iterations, L2 relative residual: iterated = 7.133880e-13, true = 7.133880e-13 (requested = 1.000000e-12)
PyQUDA INFO: Time = 0.311 secs, Performance = 143.468 GFLOPS
BiCGstab: Convergence at 27 iterations, L2 relative residual: iterated = 9.032920e-13, true = 9.032920e-13 (requested = 1.000000e-12)
PyQUDA INFO: Time = 0.299 secs, Performance = 151.902 GFLOPS
BiCGstab: Convergence at 27 iterations, L2 relative residual: iterated = 4.941196e-13, true = 4.941196e-13 (requested = 1.000000e-12)
PyQUDA INFO: Time = 0.319 secs, Performance = 144.344 GFLOPS
BiCGstab: Convergence at 27 iterations, L2 relative residual: iterated = 8.098449e-13, true = 8.098449e-13 (requested = 1.000000e-12)
PyQUDA INFO: Time = 0.177 secs, Performance = 259.568 GFLOPS
BiCGstab: Convergence at 27 iterations, L2 relative residual: iterated = 3.565392e-13, true = 3.565392e-13 (requested = 1.000000e-12)
PyQUDA INFO: Time = 0.188 secs, Performance = 244.503 GFLOPS
BiCGstab: Convergence at 27 iterations, L2 relative residual: iterated = 5.115007e-13, true = 5.115007e-13 (requested = 1.000000e-12)
PyQUDA INFO: Time = 0.263 secs, Performance = 177.908 GFLOPS
BiCGstab: Convergence at 27 iterations, L2 relative residual: iterated = 4.503327e-13, true = 4.503327e-13 (requested = 1.000000e-12)
PyQUDA INFO: Time = 0.243 secs, Performance = 189.481 GFLOPS
BiCGstab: Convergence at 27 iterations, L2 relative residual: iterated = 9.923338e-13, true = 9.923338e-13 (requested = 1.000000e-12)
PyQUDA INFO: Time = 0.235 secs, Performance = 193.223 GFLOPS
BiCGstab: Convergence at 27 iterations, L2 relative residual: iterated = 5.041358e-13, true = 5.041358e-13 (requested = 1.000000e-12)
PyQUDA INFO: Time = 0.311 secs, Performance = 148.246 GFLOPS
BiCGstab: Convergence at 28 iterations, L2 relative residual: iterated = 2.054273e-13, true = 2.054273e-13 (requested = 1.000000e-12)
PyQUDA INFO: Time = 0.317 secs, Performance = 149.698 GFLOPS
BiCGstab: Convergence at 27 iterations, L2 relative residual: iterated = 4.664423e-13, true = 4.664423e-13 (requested = 1.000000e-12)
PyQUDA INFO: Time = 0.316 secs, Performance = 145.722 GFLOPS
BiCGstab: Convergence at 27 iterations, L2 relative residual: iterated = 3.151336e-13, true = 3.151336e-13 (requested = 1.000000e-12)
PyQUDA INFO: Time = 0.327 secs, Performance = 142.990 GFLOPS
BiCGstab: Convergence at 27 iterations, L2 relative residual: iterated = 5.778905e-13, true = 5.778905e-13 (requested = 1.000000e-12)
PyQUDA INFO: Time = 0.317 secs, Performance = 145.098 GFLOPS
BiCGstab: Convergence at 27 iterations, L2 relative residual: iterated = 5.101892e-13, true = 5.101892e-13 (requested = 1.000000e-12)
PyQUDA INFO: Time = 0.309 secs, Performance = 148.810 GFLOPS
BiCGstab: Convergence at 27 iterations, L2 relative residual: iterated = 6.656520e-13, true = 6.656520e-13 (requested = 1.000000e-12)
PyQUDA INFO: Time = 0.318 secs, Performance = 144.621 GFLOPS
BiCGstab: Convergence at 27 iterations, L2 relative residual: iterated = 7.419497e-13, true = 7.419497e-13 (requested = 1.000000e-12)
PyQUDA INFO: Time = 0.314 secs, Performance = 146.514 GFLOPS
BiCGstab: Convergence at 27 iterations, L2 relative residual: iterated = 4.690924e-13, true = 4.690924e-13 (requested = 1.000000e-12)
PyQUDA INFO: Time = 0.314 secs, Performance = 146.614 GFLOPS
BiCGstab: Convergence at 28 iterations, L2 relative residual: iterated = 2.246535e-13, true = 2.246535e-13 (requested = 1.000000e-12)
PyQUDA INFO: Time = 0.323 secs, Performance = 146.948 GFLOPS
BiCGstab: Convergence at 27 iterations, L2 relative residual: iterated = 4.757476e-13, true = 4.757476e-13 (requested = 1.000000e-12)
PyQUDA INFO: Time = 0.315 secs, Performance = 146.343 GFLOPS
Processing configurations:  22%|██▏       | 11/50 [02:05<09:23, 14.44s/it]BiCGstab: Convergence at 29 iterations, L2 relative residual: iterated = 9.247245e-13, true = 9.247245e-13 (requested = 1.000000e-12)
PyQUDA INFO: Time = 0.339 secs, Performance = 142.377 GFLOPS
BiCGstab: Convergence at 29 iterations, L2 relative residual: iterated = 9.149431e-13, true = 9.149431e-13 (requested = 1.000000e-12)
PyQUDA INFO: Time = 0.317 secs, Performance = 152.116 GFLOPS
BiCGstab: Convergence at 29 iterations, L2 relative residual: iterated = 8.263710e-13, true = 8.263710e-13 (requested = 1.000000e-12)
PyQUDA INFO: Time = 0.317 secs, Performance = 152.028 GFLOPS
BiCGstab: Convergence at 30 iterations, L2 relative residual: iterated = 4.051292e-13, true = 4.051292e-13 (requested = 1.000000e-12)
PyQUDA INFO: Time = 0.320 secs, Performance = 155.076 GFLOPS
BiCGstab: Convergence at 30 iterations, L2 relative residual: iterated = 5.390879e-13, true = 5.390879e-13 (requested = 1.000000e-12)
PyQUDA INFO: Time = 0.324 secs, Performance = 153.262 GFLOPS
BiCGstab: Convergence at 30 iterations, L2 relative residual: iterated = 2.649193e-13, true = 2.649193e-13 (requested = 1.000000e-12)
PyQUDA INFO: Time = 0.345 secs, Performance = 147.887 GFLOPS
BiCGstab: Convergence at 30 iterations, L2 relative residual: iterated = 6.751512e-13, true = 6.751512e-13 (requested = 1.000000e-12)
PyQUDA INFO: Time = 0.334 secs, Performance = 148.748 GFLOPS
BiCGstab: Convergence at 30 iterations, L2 relative residual: iterated = 2.826902e-13, true = 2.826902e-13 (requested = 1.000000e-12)
PyQUDA INFO: Time = 0.338 secs, Performance = 148.915 GFLOPS
BiCGstab: Convergence at 30 iterations, L2 relative residual: iterated = 2.322523e-13, true = 2.322523e-13 (requested = 1.000000e-12)
PyQUDA INFO: Time = 0.334 secs, Performance = 150.845 GFLOPS
BiCGstab: Convergence at 30 iterations, L2 relative residual: iterated = 4.558324e-13, true = 4.558324e-13 (requested = 1.000000e-12)
PyQUDA INFO: Time = 0.334 secs, Performance = 150.849 GFLOPS
BiCGstab: Convergence at 30 iterations, L2 relative residual: iterated = 2.822418e-13, true = 2.822418e-13 (requested = 1.000000e-12)
PyQUDA INFO: Time = 0.325 secs, Performance = 152.882 GFLOPS
BiCGstab: Convergence at 30 iterations, L2 relative residual: iterated = 3.066068e-13, true = 3.066068e-13 (requested = 1.000000e-12)
PyQUDA INFO: Time = 0.321 secs, Performance = 154.887 GFLOPS
BiCGstab: Convergence at 28 iterations, L2 relative residual: iterated = 5.219594e-13, true = 5.219594e-13 (requested = 1.000000e-12)
PyQUDA INFO: Time = 0.345 secs, Performance = 137.498 GFLOPS
BiCGstab: Convergence at 28 iterations, L2 relative residual: iterated = 4.682269e-13, true = 4.682269e-13 (requested = 1.000000e-12)
PyQUDA INFO: Time = 0.308 secs, Performance = 152.075 GFLOPS
BiCGstab: Convergence at 27 iterations, L2 relative residual: iterated = 8.964902e-13, true = 8.964902e-13 (requested = 1.000000e-12)
PyQUDA INFO: Time = 0.307 secs, Performance = 147.719 GFLOPS
BiCGstab: Convergence at 28 iterations, L2 relative residual: iterated = 3.669305e-13, true = 3.669305e-13 (requested = 1.000000e-12)
PyQUDA INFO: Time = 0.319 secs, Performance = 148.825 GFLOPS
BiCGstab: Convergence at 29 iterations, L2 relative residual: iterated = 2.916321e-13, true = 2.916321e-13 (requested = 1.000000e-12)
PyQUDA INFO: Time = 0.316 secs, Performance = 152.819 GFLOPS
BiCGstab: Convergence at 28 iterations, L2 relative residual: iterated = 5.381711e-13, true = 5.381711e-13 (requested = 1.000000e-12)
PyQUDA INFO: Time = 0.295 secs, Performance = 156.399 GFLOPS
BiCGstab: Convergence at 28 iterations, L2 relative residual: iterated = 4.647668e-13, true = 4.647668e-13 (requested = 1.000000e-12)
PyQUDA INFO: Time = 0.323 secs, Performance = 145.069 GFLOPS
BiCGstab: Convergence at 28 iterations, L2 relative residual: iterated = 7.009781e-13, true = 7.009781e-13 (requested = 1.000000e-12)
PyQUDA INFO: Time = 0.312 secs, Performance = 149.759 GFLOPS
BiCGstab: Convergence at 28 iterations, L2 relative residual: iterated = 3.550976e-13, true = 3.550976e-13 (requested = 1.000000e-12)
PyQUDA INFO: Time = 0.328 secs, Performance = 144.711 GFLOPS
BiCGstab: Convergence at 29 iterations, L2 relative residual: iterated = 1.530645e-13, true = 1.530645e-13 (requested = 1.000000e-12)
PyQUDA INFO: Time = 0.329 secs, Performance = 148.829 GFLOPS
BiCGstab: Convergence at 28 iterations, L2 relative residual: iterated = 4.016485e-13, true = 4.016485e-13 (requested = 1.000000e-12)
PyQUDA INFO: Time = 0.326 secs, Performance = 145.438 GFLOPS
BiCGstab: Convergence at 28 iterations, L2 relative residual: iterated = 8.089181e-13, true = 8.089181e-13 (requested = 1.000000e-12)
PyQUDA INFO: Time = 0.326 secs, Performance = 145.803 GFLOPS
BiCGstab: Convergence at 27 iterations, L2 relative residual: iterated = 5.161495e-13, true = 5.161495e-13 (requested = 1.000000e-12)
PyQUDA INFO: Time = 0.327 secs, Performance = 138.892 GFLOPS
BiCGstab: Convergence at 27 iterations, L2 relative residual: iterated = 4.462312e-13, true = 4.462312e-13 (requested = 1.000000e-12)
PyQUDA INFO: Time = 0.323 secs, Performance = 142.536 GFLOPS
BiCGstab: Convergence at 27 iterations, L2 relative residual: iterated = 5.579403e-13, true = 5.579403e-13 (requested = 1.000000e-12)
PyQUDA INFO: Time = 0.319 secs, Performance = 144.403 GFLOPS
BiCGstab: Convergence at 27 iterations, L2 relative residual: iterated = 5.053729e-13, true = 5.053729e-13 (requested = 1.000000e-12)
PyQUDA INFO: Time = 0.306 secs, Performance = 148.160 GFLOPS
BiCGstab: Convergence at 27 iterations, L2 relative residual: iterated = 4.356280e-13, true = 4.356280e-13 (requested = 1.000000e-12)
PyQUDA INFO: Time = 0.334 secs, Performance = 139.749 GFLOPS
BiCGstab: Convergence at 26 iterations, L2 relative residual: iterated = 9.854636e-13, true = 9.854636e-13 (requested = 1.000000e-12)
PyQUDA INFO: Time = 0.311 secs, Performance = 143.323 GFLOPS
BiCGstab: Convergence at 26 iterations, L2 relative residual: iterated = 9.933048e-13, true = 9.933048e-13 (requested = 1.000000e-12)
PyQUDA INFO: Time = 0.168 secs, Performance = 264.912 GFLOPS
BiCGstab: Convergence at 26 iterations, L2 relative residual: iterated = 7.353527e-13, true = 7.353527e-13 (requested = 1.000000e-12)
PyQUDA INFO: Time = 0.147 secs, Performance = 302.909 GFLOPS
BiCGstab: Convergence at 28 iterations, L2 relative residual: iterated = 1.964835e-13, true = 1.964835e-13 (requested = 1.000000e-12)
PyQUDA INFO: Time = 0.152 secs, Performance = 312.783 GFLOPS
BiCGstab: Convergence at 27 iterations, L2 relative residual: iterated = 3.473304e-13, true = 3.473304e-13 (requested = 1.000000e-12)
PyQUDA INFO: Time = 0.158 secs, Performance = 295.477 GFLOPS
BiCGstab: Convergence at 27 iterations, L2 relative residual: iterated = 4.318116e-13, true = 4.318116e-13 (requested = 1.000000e-12)
PyQUDA INFO: Time = 0.151 secs, Performance = 304.777 GFLOPS
BiCGstab: Convergence at 27 iterations, L2 relative residual: iterated = 7.369932e-13, true = 7.369932e-13 (requested = 1.000000e-12)
PyQUDA INFO: Time = 0.158 secs, Performance = 295.859 GFLOPS
BiCGstab: Convergence at 27 iterations, L2 relative residual: iterated = 5.280334e-13, true = 5.280334e-13 (requested = 1.000000e-12)
PyQUDA INFO: Time = 0.301 secs, Performance = 152.946 GFLOPS
BiCGstab: Convergence at 26 iterations, L2 relative residual: iterated = 9.693112e-13, true = 9.693112e-13 (requested = 1.000000e-12)
PyQUDA INFO: Time = 0.309 secs, Performance = 144.539 GFLOPS
BiCGstab: Convergence at 27 iterations, L2 relative residual: iterated = 5.901275e-13, true = 5.901275e-13 (requested = 1.000000e-12)
PyQUDA INFO: Time = 0.312 secs, Performance = 147.486 GFLOPS
BiCGstab: Convergence at 28 iterations, L2 relative residual: iterated = 1.842518e-13, true = 1.842518e-13 (requested = 1.000000e-12)
PyQUDA INFO: Time = 0.321 secs, Performance = 147.935 GFLOPS
BiCGstab: Convergence at 27 iterations, L2 relative residual: iterated = 3.960566e-13, true = 3.960566e-13 (requested = 1.000000e-12)
PyQUDA INFO: Time = 0.314 secs, Performance = 146.628 GFLOPS
BiCGstab: Convergence at 27 iterations, L2 relative residual: iterated = 5.128385e-13, true = 5.128385e-13 (requested = 1.000000e-12)
PyQUDA INFO: Time = 0.330 secs, Performance = 141.488 GFLOPS
BiCGstab: Convergence at 27 iterations, L2 relative residual: iterated = 4.357881e-13, true = 4.357881e-13 (requested = 1.000000e-12)
PyQUDA INFO: Time = 0.319 secs, Performance = 144.493 GFLOPS
BiCGstab: Convergence at 27 iterations, L2 relative residual: iterated = 5.716057e-13, true = 5.716057e-13 (requested = 1.000000e-12)
PyQUDA INFO: Time = 0.314 secs, Performance = 146.676 GFLOPS
BiCGstab: Convergence at 27 iterations, L2 relative residual: iterated = 4.320604e-13, true = 4.320604e-13 (requested = 1.000000e-12)
PyQUDA INFO: Time = 0.334 secs, Performance = 139.799 GFLOPS
BiCGstab: Convergence at 28 iterations, L2 relative residual: iterated = 3.569611e-13, true = 3.569611e-13 (requested = 1.000000e-12)
PyQUDA INFO: Time = 0.316 secs, Performance = 150.153 GFLOPS
BiCGstab: Convergence at 27 iterations, L2 relative residual: iterated = 6.507159e-13, true = 6.507159e-13 (requested = 1.000000e-12)
PyQUDA INFO: Time = 0.299 secs, Performance = 151.485 GFLOPS
BiCGstab: Convergence at 27 iterations, L2 relative residual: iterated = 8.207467e-13, true = 8.207467e-13 (requested = 1.000000e-12)
PyQUDA INFO: Time = 0.311 secs, Performance = 147.931 GFLOPS
Processing configurations:  24%|██▍       | 12/50 [02:21<09:23, 14.83s/it]BiCGstab: Convergence at 29 iterations, L2 relative residual: iterated = 8.403159e-13, true = 8.403159e-13 (requested = 1.000000e-12)
PyQUDA INFO: Time = 0.333 secs, Performance = 144.674 GFLOPS
BiCGstab: Convergence at 29 iterations, L2 relative residual: iterated = 5.600662e-13, true = 5.600662e-13 (requested = 1.000000e-12)
PyQUDA INFO: Time = 0.324 secs, Performance = 151.023 GFLOPS
BiCGstab: Convergence at 29 iterations, L2 relative residual: iterated = 6.958926e-13, true = 6.958926e-13 (requested = 1.000000e-12)
PyQUDA INFO: Time = 0.328 secs, Performance = 148.859 GFLOPS
BiCGstab: Convergence at 29 iterations, L2 relative residual: iterated = 8.162665e-13, true = 8.162665e-13 (requested = 1.000000e-12)
PyQUDA INFO: Time = 0.330 secs, Performance = 148.238 GFLOPS
BiCGstab: Convergence at 29 iterations, L2 relative residual: iterated = 5.209963e-13, true = 5.209963e-13 (requested = 1.000000e-12)
PyQUDA INFO: Time = 0.332 secs, Performance = 147.327 GFLOPS
BiCGstab: Convergence at 29 iterations, L2 relative residual: iterated = 8.000176e-13, true = 8.000176e-13 (requested = 1.000000e-12)
PyQUDA INFO: Time = 0.317 secs, Performance = 151.999 GFLOPS
BiCGstab: Convergence at 31 iterations, L2 relative residual: iterated = 2.016636e-13, true = 2.016636e-13 (requested = 1.000000e-12)
PyQUDA INFO: Time = 0.345 secs, Performance = 149.943 GFLOPS
BiCGstab: Convergence at 29 iterations, L2 relative residual: iterated = 9.469477e-13, true = 9.469477e-13 (requested = 1.000000e-12)
PyQUDA INFO: Time = 0.328 secs, Performance = 148.861 GFLOPS
BiCGstab: Convergence at 29 iterations, L2 relative residual: iterated = 8.154845e-13, true = 8.154845e-13 (requested = 1.000000e-12)
PyQUDA INFO: Time = 0.317 secs, Performance = 152.231 GFLOPS
BiCGstab: Convergence at 29 iterations, L2 relative residual: iterated = 4.805464e-13, true = 4.805464e-13 (requested = 1.000000e-12)
PyQUDA INFO: Time = 0.329 secs, Performance = 148.589 GFLOPS
BiCGstab: Convergence at 29 iterations, L2 relative residual: iterated = 6.544461e-13, true = 6.544461e-13 (requested = 1.000000e-12)
PyQUDA INFO: Time = 0.329 secs, Performance = 148.810 GFLOPS
BiCGstab: Convergence at 29 iterations, L2 relative residual: iterated = 4.163252e-13, true = 4.163252e-13 (requested = 1.000000e-12)
PyQUDA INFO: Time = 0.328 secs, Performance = 148.909 GFLOPS
BiCGstab: Convergence at 28 iterations, L2 relative residual: iterated = 6.711324e-13, true = 6.711324e-13 (requested = 1.000000e-12)
PyQUDA INFO: Time = 0.343 secs, Performance = 138.279 GFLOPS
BiCGstab: Convergence at 27 iterations, L2 relative residual: iterated = 6.548437e-13, true = 6.548437e-13 (requested = 1.000000e-12)
PyQUDA INFO: Time = 0.305 secs, Performance = 148.891 GFLOPS
BiCGstab: Convergence at 28 iterations, L2 relative residual: iterated = 5.507848e-13, true = 5.507848e-13 (requested = 1.000000e-12)
PyQUDA INFO: Time = 0.319 secs, Performance = 148.840 GFLOPS
BiCGstab: Convergence at 28 iterations, L2 relative residual: iterated = 7.542216e-13, true = 7.542216e-13 (requested = 1.000000e-12)
PyQUDA INFO: Time = 0.323 secs, Performance = 146.739 GFLOPS
BiCGstab: Convergence at 28 iterations, L2 relative residual: iterated = 3.856368e-13, true = 3.856368e-13 (requested = 1.000000e-12)
PyQUDA INFO: Time = 0.312 secs, Performance = 149.812 GFLOPS
BiCGstab: Convergence at 28 iterations, L2 relative residual: iterated = 5.503711e-13, true = 5.503711e-13 (requested = 1.000000e-12)
PyQUDA INFO: Time = 0.322 secs, Performance = 147.544 GFLOPS
BiCGstab: Convergence at 27 iterations, L2 relative residual: iterated = 9.409210e-13, true = 9.409210e-13 (requested = 1.000000e-12)
PyQUDA INFO: Time = 0.316 secs, Performance = 143.697 GFLOPS
BiCGstab: Convergence at 28 iterations, L2 relative residual: iterated = 9.444079e-13, true = 9.444079e-13 (requested = 1.000000e-12)
PyQUDA INFO: Time = 0.327 secs, Performance = 145.176 GFLOPS
BiCGstab: Convergence at 27 iterations, L2 relative residual: iterated = 9.644858e-13, true = 9.644858e-13 (requested = 1.000000e-12)
PyQUDA INFO: Time = 0.318 secs, Performance = 144.545 GFLOPS
BiCGstab: Convergence at 28 iterations, L2 relative residual: iterated = 5.214174e-13, true = 5.214174e-13 (requested = 1.000000e-12)
PyQUDA INFO: Time = 0.327 secs, Performance = 145.163 GFLOPS
BiCGstab: Convergence at 28 iterations, L2 relative residual: iterated = 6.290584e-13, true = 6.290584e-13 (requested = 1.000000e-12)
PyQUDA INFO: Time = 0.327 secs, Performance = 145.293 GFLOPS
BiCGstab: Convergence at 28 iterations, L2 relative residual: iterated = 5.505203e-13, true = 5.505203e-13 (requested = 1.000000e-12)
PyQUDA INFO: Time = 0.328 secs, Performance = 144.767 GFLOPS
BiCGstab: Convergence at 27 iterations, L2 relative residual: iterated = 3.310858e-13, true = 3.310858e-13 (requested = 1.000000e-12)
PyQUDA INFO: Time = 0.337 secs, Performance = 136.406 GFLOPS
BiCGstab: Convergence at 27 iterations, L2 relative residual: iterated = 4.942186e-13, true = 4.942186e-13 (requested = 1.000000e-12)
PyQUDA INFO: Time = 0.319 secs, Performance = 144.456 GFLOPS
BiCGstab: Convergence at 26 iterations, L2 relative residual: iterated = 7.054993e-13, true = 7.054993e-13 (requested = 1.000000e-12)
PyQUDA INFO: Time = 0.315 secs, Performance = 141.509 GFLOPS
BiCGstab: Convergence at 26 iterations, L2 relative residual: iterated = 8.069000e-13, true = 8.069000e-13 (requested = 1.000000e-12)
PyQUDA INFO: Time = 0.312 secs, Performance = 142.770 GFLOPS
BiCGstab: Convergence at 27 iterations, L2 relative residual: iterated = 5.343937e-13, true = 5.343937e-13 (requested = 1.000000e-12)
PyQUDA INFO: Time = 0.319 secs, Performance = 144.464 GFLOPS
BiCGstab: Convergence at 27 iterations, L2 relative residual: iterated = 7.281152e-13, true = 7.281152e-13 (requested = 1.000000e-12)
PyQUDA INFO: Time = 0.319 secs, Performance = 144.523 GFLOPS
BiCGstab: Convergence at 27 iterations, L2 relative residual: iterated = 2.720278e-13, true = 2.720278e-13 (requested = 1.000000e-12)
PyQUDA INFO: Time = 0.274 secs, Performance = 165.264 GFLOPS
BiCGstab: Convergence at 27 iterations, L2 relative residual: iterated = 5.553562e-13, true = 5.553562e-13 (requested = 1.000000e-12)
PyQUDA INFO: Time = 0.149 secs, Performance = 308.052 GFLOPS
BiCGstab: Convergence at 26 iterations, L2 relative residual: iterated = 8.392867e-13, true = 8.392867e-13 (requested = 1.000000e-12)
PyQUDA INFO: Time = 0.223 secs, Performance = 200.154 GFLOPS
BiCGstab: Convergence at 26 iterations, L2 relative residual: iterated = 6.603224e-13, true = 6.603224e-13 (requested = 1.000000e-12)
PyQUDA INFO: Time = 0.153 secs, Performance = 292.389 GFLOPS
BiCGstab: Convergence at 27 iterations, L2 relative residual: iterated = 4.267335e-13, true = 4.267335e-13 (requested = 1.000000e-12)
PyQUDA INFO: Time = 0.157 secs, Performance = 296.808 GFLOPS
BiCGstab: Convergence at 27 iterations, L2 relative residual: iterated = 6.841027e-13, true = 6.841027e-13 (requested = 1.000000e-12)
PyQUDA INFO: Time = 0.150 secs, Performance = 306.865 GFLOPS
BiCGstab: Convergence at 28 iterations, L2 relative residual: iterated = 3.304583e-13, true = 3.304583e-13 (requested = 1.000000e-12)
PyQUDA INFO: Time = 0.295 secs, Performance = 161.039 GFLOPS
BiCGstab: Convergence at 27 iterations, L2 relative residual: iterated = 4.278306e-13, true = 4.278306e-13 (requested = 1.000000e-12)
PyQUDA INFO: Time = 0.309 secs, Performance = 148.994 GFLOPS
BiCGstab: Convergence at 27 iterations, L2 relative residual: iterated = 5.558642e-13, true = 5.558642e-13 (requested = 1.000000e-12)
PyQUDA INFO: Time = 0.318 secs, Performance = 144.764 GFLOPS
BiCGstab: Convergence at 27 iterations, L2 relative residual: iterated = 9.663083e-13, true = 9.663083e-13 (requested = 1.000000e-12)
PyQUDA INFO: Time = 0.299 secs, Performance = 151.897 GFLOPS
BiCGstab: Convergence at 27 iterations, L2 relative residual: iterated = 4.771456e-13, true = 4.771456e-13 (requested = 1.000000e-12)
PyQUDA INFO: Time = 0.315 secs, Performance = 145.995 GFLOPS
BiCGstab: Convergence at 27 iterations, L2 relative residual: iterated = 4.700789e-13, true = 4.700789e-13 (requested = 1.000000e-12)
PyQUDA INFO: Time = 0.317 secs, Performance = 145.012 GFLOPS
BiCGstab: Convergence at 27 iterations, L2 relative residual: iterated = 4.579073e-13, true = 4.579073e-13 (requested = 1.000000e-12)
PyQUDA INFO: Time = 0.317 secs, Performance = 145.426 GFLOPS
BiCGstab: Convergence at 27 iterations, L2 relative residual: iterated = 7.741309e-13, true = 7.741309e-13 (requested = 1.000000e-12)
PyQUDA INFO: Time = 0.318 secs, Performance = 144.584 GFLOPS
BiCGstab: Convergence at 27 iterations, L2 relative residual: iterated = 3.233860e-13, true = 3.233860e-13 (requested = 1.000000e-12)
PyQUDA INFO: Time = 0.313 secs, Performance = 147.226 GFLOPS
BiCGstab: Convergence at 27 iterations, L2 relative residual: iterated = 4.362635e-13, true = 4.362635e-13 (requested = 1.000000e-12)
PyQUDA INFO: Time = 0.310 secs, Performance = 148.581 GFLOPS
BiCGstab: Convergence at 26 iterations, L2 relative residual: iterated = 7.090310e-13, true = 7.090310e-13 (requested = 1.000000e-12)
PyQUDA INFO: Time = 0.309 secs, Performance = 144.292 GFLOPS
BiCGstab: Convergence at 27 iterations, L2 relative residual: iterated = 4.280777e-13, true = 4.280777e-13 (requested = 1.000000e-12)
PyQUDA INFO: Time = 0.314 secs, Performance = 146.623 GFLOPS
Processing configurations:  26%|██▌       | 13/50 [02:36<09:18, 15.10s/it]BiCGstab: Convergence at 30 iterations, L2 relative residual: iterated = 5.448217e-13, true = 5.448217e-13 (requested = 1.000000e-12)
PyQUDA INFO: Time = 0.355 secs, Performance = 141.836 GFLOPS
BiCGstab: Convergence at 29 iterations, L2 relative residual: iterated = 6.348742e-13, true = 6.348742e-13 (requested = 1.000000e-12)
PyQUDA INFO: Time = 0.305 secs, Performance = 155.902 GFLOPS
BiCGstab: Convergence at 30 iterations, L2 relative residual: iterated = 5.544697e-13, true = 5.544697e-13 (requested = 1.000000e-12)
PyQUDA INFO: Time = 0.334 secs, Performance = 150.816 GFLOPS
BiCGstab: Convergence at 29 iterations, L2 relative residual: iterated = 9.389614e-13, true = 9.389614e-13 (requested = 1.000000e-12)
PyQUDA INFO: Time = 0.313 secs, Performance = 154.274 GFLOPS
BiCGstab: Convergence at 29 iterations, L2 relative residual: iterated = 6.236186e-13, true = 6.236186e-13 (requested = 1.000000e-12)
PyQUDA INFO: Time = 0.329 secs, Performance = 148.557 GFLOPS
BiCGstab: Convergence at 29 iterations, L2 relative residual: iterated = 8.976687e-13, true = 8.976687e-13 (requested = 1.000000e-12)
PyQUDA INFO: Time = 0.331 secs, Performance = 147.592 GFLOPS
BiCGstab: Convergence at 31 iterations, L2 relative residual: iterated = 3.342645e-13, true = 3.342645e-13 (requested = 1.000000e-12)
PyQUDA INFO: Time = 0.335 secs, Performance = 152.474 GFLOPS
BiCGstab: Convergence at 29 iterations, L2 relative residual: iterated = 6.314375e-13, true = 6.314375e-13 (requested = 1.000000e-12)
PyQUDA INFO: Time = 0.329 secs, Performance = 148.435 GFLOPS
BiCGstab: Convergence at 29 iterations, L2 relative residual: iterated = 9.537452e-13, true = 9.537452e-13 (requested = 1.000000e-12)
PyQUDA INFO: Time = 0.329 secs, Performance = 148.833 GFLOPS
BiCGstab: Convergence at 30 iterations, L2 relative residual: iterated = 4.046696e-13, true = 4.046696e-13 (requested = 1.000000e-12)
PyQUDA INFO: Time = 0.327 secs, Performance = 151.974 GFLOPS
BiCGstab: Convergence at 31 iterations, L2 relative residual: iterated = 8.410345e-14, true = 8.410345e-14 (requested = 1.000000e-12)
PyQUDA INFO: Time = 0.338 secs, Performance = 152.972 GFLOPS
BiCGstab: Convergence at 30 iterations, L2 relative residual: iterated = 7.934011e-13, true = 7.934011e-13 (requested = 1.000000e-12)
PyQUDA INFO: Time = 0.338 secs, Performance = 148.890 GFLOPS
BiCGstab: Convergence at 29 iterations, L2 relative residual: iterated = 3.000710e-13, true = 3.000710e-13 (requested = 1.000000e-12)
PyQUDA INFO: Time = 0.334 secs, Performance = 144.280 GFLOPS
BiCGstab: Convergence at 28 iterations, L2 relative residual: iterated = 3.144520e-13, true = 3.144520e-13 (requested = 1.000000e-12)
PyQUDA INFO: Time = 0.339 secs, Performance = 141.947 GFLOPS
BiCGstab: Convergence at 29 iterations, L2 relative residual: iterated = 1.764676e-13, true = 1.764676e-13 (requested = 1.000000e-12)
PyQUDA INFO: Time = 0.325 secs, Performance = 150.253 GFLOPS
BiCGstab: Convergence at 28 iterations, L2 relative residual: iterated = 6.041961e-13, true = 6.041961e-13 (requested = 1.000000e-12)
PyQUDA INFO: Time = 0.322 secs, Performance = 147.289 GFLOPS
BiCGstab: Convergence at 28 iterations, L2 relative residual: iterated = 6.479272e-13, true = 6.479272e-13 (requested = 1.000000e-12)
PyQUDA INFO: Time = 0.309 secs, Performance = 151.402 GFLOPS
BiCGstab: Convergence at 28 iterations, L2 relative residual: iterated = 5.614457e-13, true = 5.614457e-13 (requested = 1.000000e-12)
PyQUDA INFO: Time = 0.311 secs, Performance = 150.475 GFLOPS
BiCGstab: Convergence at 28 iterations, L2 relative residual: iterated = 8.532052e-13, true = 8.532052e-13 (requested = 1.000000e-12)
PyQUDA INFO: Time = 0.335 secs, Performance = 141.593 GFLOPS
BiCGstab: Convergence at 28 iterations, L2 relative residual: iterated = 3.418978e-13, true = 3.418978e-13 (requested = 1.000000e-12)
PyQUDA INFO: Time = 0.323 secs, Performance = 146.795 GFLOPS
BiCGstab: Convergence at 28 iterations, L2 relative residual: iterated = 3.357218e-13, true = 3.357218e-13 (requested = 1.000000e-12)
PyQUDA INFO: Time = 0.312 secs, Performance = 149.762 GFLOPS
BiCGstab: Convergence at 28 iterations, L2 relative residual: iterated = 3.404692e-13, true = 3.404692e-13 (requested = 1.000000e-12)
PyQUDA INFO: Time = 0.312 secs, Performance = 149.819 GFLOPS
BiCGstab: Convergence at 30 iterations, L2 relative residual: iterated = 8.365383e-14, true = 8.365383e-14 (requested = 1.000000e-12)
PyQUDA INFO: Time = 0.349 secs, Performance = 145.980 GFLOPS
BiCGstab: Convergence at 28 iterations, L2 relative residual: iterated = 4.543010e-13, true = 4.543010e-13 (requested = 1.000000e-12)
PyQUDA INFO: Time = 0.328 secs, Performance = 144.567 GFLOPS
BiCGstab: Convergence at 26 iterations, L2 relative residual: iterated = 9.174907e-13, true = 9.174907e-13 (requested = 1.000000e-12)
PyQUDA INFO: Time = 0.335 secs, Performance = 133.136 GFLOPS
BiCGstab: Convergence at 27 iterations, L2 relative residual: iterated = 5.473549e-13, true = 5.473549e-13 (requested = 1.000000e-12)
PyQUDA INFO: Time = 0.319 secs, Performance = 144.170 GFLOPS
BiCGstab: Convergence at 26 iterations, L2 relative residual: iterated = 9.298809e-13, true = 9.298809e-13 (requested = 1.000000e-12)
PyQUDA INFO: Time = 0.314 secs, Performance = 142.136 GFLOPS
BiCGstab: Convergence at 27 iterations, L2 relative residual: iterated = 5.661849e-13, true = 5.661849e-13 (requested = 1.000000e-12)
PyQUDA INFO: Time = 0.319 secs, Performance = 144.392 GFLOPS
BiCGstab: Convergence at 27 iterations, L2 relative residual: iterated = 5.425969e-13, true = 5.425969e-13 (requested = 1.000000e-12)
PyQUDA INFO: Time = 0.321 secs, Performance = 143.265 GFLOPS
BiCGstab: Convergence at 26 iterations, L2 relative residual: iterated = 9.850299e-13, true = 9.850299e-13 (requested = 1.000000e-12)
PyQUDA INFO: Time = 0.315 secs, Performance = 141.395 GFLOPS
BiCGstab: Convergence at 27 iterations, L2 relative residual: iterated = 5.104894e-13, true = 5.104894e-13 (requested = 1.000000e-12)
PyQUDA INFO: Time = 0.274 secs, Performance = 170.588 GFLOPS
BiCGstab: Convergence at 27 iterations, L2 relative residual: iterated = 8.194057e-13, true = 8.194057e-13 (requested = 1.000000e-12)
PyQUDA INFO: Time = 0.157 secs, Performance = 297.373 GFLOPS
BiCGstab: Convergence at 27 iterations, L2 relative residual: iterated = 8.854129e-13, true = 8.854129e-13 (requested = 1.000000e-12)
PyQUDA INFO: Time = 0.194 secs, Performance = 236.909 GFLOPS
BiCGstab: Convergence at 26 iterations, L2 relative residual: iterated = 9.373828e-13, true = 9.373828e-13 (requested = 1.000000e-12)
PyQUDA INFO: Time = 0.147 secs, Performance = 302.711 GFLOPS
BiCGstab: Convergence at 26 iterations, L2 relative residual: iterated = 7.582981e-13, true = 7.582981e-13 (requested = 1.000000e-12)
PyQUDA INFO: Time = 0.147 secs, Performance = 302.699 GFLOPS
BiCGstab: Convergence at 27 iterations, L2 relative residual: iterated = 5.746985e-13, true = 5.746985e-13 (requested = 1.000000e-12)
PyQUDA INFO: Time = 0.150 secs, Performance = 307.535 GFLOPS
BiCGstab: Convergence at 27 iterations, L2 relative residual: iterated = 5.827981e-13, true = 5.827981e-13 (requested = 1.000000e-12)
PyQUDA INFO: Time = 0.277 secs, Performance = 166.268 GFLOPS
BiCGstab: Convergence at 26 iterations, L2 relative residual: iterated = 9.987053e-13, true = 9.987053e-13 (requested = 1.000000e-12)
PyQUDA INFO: Time = 0.324 secs, Performance = 139.679 GFLOPS
BiCGstab: Convergence at 27 iterations, L2 relative residual: iterated = 3.703057e-13, true = 3.703057e-13 (requested = 1.000000e-12)
PyQUDA INFO: Time = 0.319 secs, Performance = 144.505 GFLOPS
BiCGstab: Convergence at 27 iterations, L2 relative residual: iterated = 3.950548e-13, true = 3.950548e-13 (requested = 1.000000e-12)
PyQUDA INFO: Time = 0.315 secs, Performance = 146.333 GFLOPS
BiCGstab: Convergence at 27 iterations, L2 relative residual: iterated = 3.980132e-13, true = 3.980132e-13 (requested = 1.000000e-12)
PyQUDA INFO: Time = 0.315 secs, Performance = 146.118 GFLOPS
BiCGstab: Convergence at 27 iterations, L2 relative residual: iterated = 4.084863e-13, true = 4.084863e-13 (requested = 1.000000e-12)
PyQUDA INFO: Time = 0.312 secs, Performance = 147.326 GFLOPS
BiCGstab: Convergence at 28 iterations, L2 relative residual: iterated = 6.621402e-13, true = 6.621402e-13 (requested = 1.000000e-12)
PyQUDA INFO: Time = 0.327 secs, Performance = 147.040 GFLOPS
BiCGstab: Convergence at 27 iterations, L2 relative residual: iterated = 4.679986e-13, true = 4.679986e-13 (requested = 1.000000e-12)
PyQUDA INFO: Time = 0.330 secs, Performance = 141.527 GFLOPS
BiCGstab: Convergence at 27 iterations, L2 relative residual: iterated = 5.095298e-13, true = 5.095298e-13 (requested = 1.000000e-12)
PyQUDA INFO: Time = 0.314 secs, Performance = 146.576 GFLOPS
BiCGstab: Convergence at 27 iterations, L2 relative residual: iterated = 6.946819e-13, true = 6.946819e-13 (requested = 1.000000e-12)
PyQUDA INFO: Time = 0.315 secs, Performance = 146.038 GFLOPS
BiCGstab: Convergence at 27 iterations, L2 relative residual: iterated = 9.269890e-13, true = 9.269890e-13 (requested = 1.000000e-12)
PyQUDA INFO: Time = 0.301 secs, Performance = 150.595 GFLOPS
BiCGstab: Convergence at 27 iterations, L2 relative residual: iterated = 4.686201e-13, true = 4.686201e-13 (requested = 1.000000e-12)
PyQUDA INFO: Time = 0.319 secs, Performance = 144.439 GFLOPS
Processing configurations:  28%|██▊       | 14/50 [02:52<09:11, 15.31s/it]BiCGstab: Convergence at 30 iterations, L2 relative residual: iterated = 7.793340e-13, true = 7.793340e-13 (requested = 1.000000e-12)
PyQUDA INFO: Time = 0.343 secs, Performance = 144.840 GFLOPS
BiCGstab: Convergence at 29 iterations, L2 relative residual: iterated = 7.260258e-13, true = 7.260258e-13 (requested = 1.000000e-12)
PyQUDA INFO: Time = 0.329 secs, Performance = 148.808 GFLOPS
BiCGstab: Convergence at 29 iterations, L2 relative residual: iterated = 8.309607e-13, true = 8.309607e-13 (requested = 1.000000e-12)
PyQUDA INFO: Time = 0.317 secs, Performance = 152.023 GFLOPS
BiCGstab: Convergence at 30 iterations, L2 relative residual: iterated = 5.398388e-13, true = 5.398388e-13 (requested = 1.000000e-12)
PyQUDA INFO: Time = 0.333 secs, Performance = 150.952 GFLOPS
BiCGstab: Convergence at 30 iterations, L2 relative residual: iterated = 7.815527e-13, true = 7.815527e-13 (requested = 1.000000e-12)
PyQUDA INFO: Time = 0.329 secs, Performance = 153.124 GFLOPS
BiCGstab: Convergence at 29 iterations, L2 relative residual: iterated = 9.765814e-13, true = 9.765814e-13 (requested = 1.000000e-12)
PyQUDA INFO: Time = 0.313 secs, Performance = 154.273 GFLOPS
BiCGstab: Convergence at 29 iterations, L2 relative residual: iterated = 6.768319e-13, true = 6.768319e-13 (requested = 1.000000e-12)
PyQUDA INFO: Time = 0.340 secs, Performance = 143.801 GFLOPS
BiCGstab: Convergence at 29 iterations, L2 relative residual: iterated = 6.529110e-13, true = 6.529110e-13 (requested = 1.000000e-12)
PyQUDA INFO: Time = 0.328 secs, Performance = 148.872 GFLOPS
BiCGstab: Convergence at 30 iterations, L2 relative residual: iterated = 3.350806e-13, true = 3.350806e-13 (requested = 1.000000e-12)
PyQUDA INFO: Time = 0.322 secs, Performance = 154.111 GFLOPS
BiCGstab: Convergence at 29 iterations, L2 relative residual: iterated = 6.866567e-13, true = 6.866567e-13 (requested = 1.000000e-12)
PyQUDA INFO: Time = 0.317 secs, Performance = 152.105 GFLOPS
BiCGstab: Convergence at 30 iterations, L2 relative residual: iterated = 3.494201e-13, true = 3.494201e-13 (requested = 1.000000e-12)
PyQUDA INFO: Time = 0.333 secs, Performance = 150.980 GFLOPS
BiCGstab: Convergence at 30 iterations, L2 relative residual: iterated = 3.576078e-13, true = 3.576078e-13 (requested = 1.000000e-12)
PyQUDA INFO: Time = 0.336 secs, Performance = 149.738 GFLOPS
BiCGstab: Convergence at 29 iterations, L2 relative residual: iterated = 2.889350e-13, true = 2.889350e-13 (requested = 1.000000e-12)
PyQUDA INFO: Time = 0.337 secs, Performance = 142.901 GFLOPS
BiCGstab: Convergence at 28 iterations, L2 relative residual: iterated = 5.913406e-13, true = 5.913406e-13 (requested = 1.000000e-12)
PyQUDA INFO: Time = 0.319 secs, Performance = 148.873 GFLOPS
BiCGstab: Convergence at 29 iterations, L2 relative residual: iterated = 2.201034e-13, true = 2.201034e-13 (requested = 1.000000e-12)
PyQUDA INFO: Time = 0.317 secs, Performance = 152.313 GFLOPS
BiCGstab: Convergence at 28 iterations, L2 relative residual: iterated = 4.122302e-13, true = 4.122302e-13 (requested = 1.000000e-12)
PyQUDA INFO: Time = 0.308 secs, Performance = 151.812 GFLOPS
BiCGstab: Convergence at 29 iterations, L2 relative residual: iterated = 4.065821e-13, true = 4.065821e-13 (requested = 1.000000e-12)
PyQUDA INFO: Time = 0.317 secs, Performance = 152.034 GFLOPS
BiCGstab: Convergence at 28 iterations, L2 relative residual: iterated = 4.611332e-13, true = 4.611332e-13 (requested = 1.000000e-12)
PyQUDA INFO: Time = 0.338 secs, Performance = 142.579 GFLOPS
BiCGstab: Convergence at 29 iterations, L2 relative residual: iterated = 1.720506e-13, true = 1.720506e-13 (requested = 1.000000e-12)
PyQUDA INFO: Time = 0.342 secs, Performance = 143.153 GFLOPS
BiCGstab: Convergence at 29 iterations, L2 relative residual: iterated = 3.707832e-13, true = 3.707832e-13 (requested = 1.000000e-12)
PyQUDA INFO: Time = 0.318 secs, Performance = 151.868 GFLOPS
BiCGstab: Convergence at 28 iterations, L2 relative residual: iterated = 5.146674e-13, true = 5.146674e-13 (requested = 1.000000e-12)
PyQUDA INFO: Time = 0.328 secs, Performance = 144.665 GFLOPS
BiCGstab: Convergence at 28 iterations, L2 relative residual: iterated = 3.661656e-13, true = 3.661656e-13 (requested = 1.000000e-12)
PyQUDA INFO: Time = 0.335 secs, Performance = 143.683 GFLOPS
BiCGstab: Convergence at 28 iterations, L2 relative residual: iterated = 2.743643e-13, true = 2.743643e-13 (requested = 1.000000e-12)
PyQUDA INFO: Time = 0.312 secs, Performance = 149.773 GFLOPS
BiCGstab: Convergence at 29 iterations, L2 relative residual: iterated = 2.981085e-13, true = 2.981085e-13 (requested = 1.000000e-12)
PyQUDA INFO: Time = 0.317 secs, Performance = 152.023 GFLOPS
BiCGstab: Convergence at 27 iterations, L2 relative residual: iterated = 4.952650e-13, true = 4.952650e-13 (requested = 1.000000e-12)
PyQUDA INFO: Time = 0.337 secs, Performance = 136.603 GFLOPS
BiCGstab: Convergence at 27 iterations, L2 relative residual: iterated = 7.330851e-13, true = 7.330851e-13 (requested = 1.000000e-12)
PyQUDA INFO: Time = 0.326 secs, Performance = 141.219 GFLOPS
BiCGstab: Convergence at 26 iterations, L2 relative residual: iterated = 6.955950e-13, true = 6.955950e-13 (requested = 1.000000e-12)
PyQUDA INFO: Time = 0.314 secs, Performance = 141.860 GFLOPS
BiCGstab: Convergence at 27 iterations, L2 relative residual: iterated = 3.845048e-13, true = 3.845048e-13 (requested = 1.000000e-12)
PyQUDA INFO: Time = 0.330 secs, Performance = 141.493 GFLOPS
BiCGstab: Convergence at 26 iterations, L2 relative residual: iterated = 8.261916e-13, true = 8.261916e-13 (requested = 1.000000e-12)
PyQUDA INFO: Time = 0.314 secs, Performance = 142.272 GFLOPS
BiCGstab: Convergence at 26 iterations, L2 relative residual: iterated = 9.605594e-13, true = 9.605594e-13 (requested = 1.000000e-12)
PyQUDA INFO: Time = 0.298 secs, Performance = 147.543 GFLOPS
BiCGstab: Convergence at 27 iterations, L2 relative residual: iterated = 3.198696e-13, true = 3.198696e-13 (requested = 1.000000e-12)
PyQUDA INFO: Time = 0.208 secs, Performance = 218.124 GFLOPS
BiCGstab: Convergence at 27 iterations, L2 relative residual: iterated = 3.804545e-13, true = 3.804545e-13 (requested = 1.000000e-12)
PyQUDA INFO: Time = 0.150 secs, Performance = 306.092 GFLOPS
BiCGstab: Convergence at 27 iterations, L2 relative residual: iterated = 5.287850e-13, true = 5.287850e-13 (requested = 1.000000e-12)
PyQUDA INFO: Time = 0.163 secs, Performance = 286.646 GFLOPS
BiCGstab: Convergence at 27 iterations, L2 relative residual: iterated = 5.524171e-13, true = 5.524171e-13 (requested = 1.000000e-12)
PyQUDA INFO: Time = 0.163 secs, Performance = 286.178 GFLOPS
BiCGstab: Convergence at 26 iterations, L2 relative residual: iterated = 9.130784e-13, true = 9.130784e-13 (requested = 1.000000e-12)
PyQUDA INFO: Time = 0.216 secs, Performance = 209.999 GFLOPS
BiCGstab: Convergence at 27 iterations, L2 relative residual: iterated = 4.412234e-13, true = 4.412234e-13 (requested = 1.000000e-12)
PyQUDA INFO: Time = 0.205 secs, Performance = 228.189 GFLOPS
BiCGstab: Convergence at 27 iterations, L2 relative residual: iterated = 4.826269e-13, true = 4.826269e-13 (requested = 1.000000e-12)
PyQUDA INFO: Time = 0.316 secs, Performance = 145.887 GFLOPS
BiCGstab: Convergence at 27 iterations, L2 relative residual: iterated = 8.614945e-13, true = 8.614945e-13 (requested = 1.000000e-12)
PyQUDA INFO: Time = 0.314 secs, Performance = 146.837 GFLOPS
BiCGstab: Convergence at 27 iterations, L2 relative residual: iterated = 9.245909e-13, true = 9.245909e-13 (requested = 1.000000e-12)
PyQUDA INFO: Time = 0.314 secs, Performance = 146.597 GFLOPS
BiCGstab: Convergence at 28 iterations, L2 relative residual: iterated = 2.233381e-13, true = 2.233381e-13 (requested = 1.000000e-12)
PyQUDA INFO: Time = 0.319 secs, Performance = 148.818 GFLOPS
BiCGstab: Convergence at 27 iterations, L2 relative residual: iterated = 6.137751e-13, true = 6.137751e-13 (requested = 1.000000e-12)
PyQUDA INFO: Time = 0.310 secs, Performance = 148.339 GFLOPS
BiCGstab: Convergence at 28 iterations, L2 relative residual: iterated = 2.481448e-13, true = 2.481448e-13 (requested = 1.000000e-12)
PyQUDA INFO: Time = 0.327 secs, Performance = 145.203 GFLOPS
BiCGstab: Convergence at 27 iterations, L2 relative residual: iterated = 5.901203e-13, true = 5.901203e-13 (requested = 1.000000e-12)
PyQUDA INFO: Time = 0.314 secs, Performance = 146.617 GFLOPS
BiCGstab: Convergence at 27 iterations, L2 relative residual: iterated = 7.972063e-13, true = 7.972063e-13 (requested = 1.000000e-12)
PyQUDA INFO: Time = 0.309 secs, Performance = 148.846 GFLOPS
BiCGstab: Convergence at 27 iterations, L2 relative residual: iterated = 5.492429e-13, true = 5.492429e-13 (requested = 1.000000e-12)
PyQUDA INFO: Time = 0.314 secs, Performance = 146.653 GFLOPS
BiCGstab: Convergence at 29 iterations, L2 relative residual: iterated = 2.030519e-13, true = 2.030519e-13 (requested = 1.000000e-12)
PyQUDA INFO: Time = 0.329 secs, Performance = 148.834 GFLOPS
BiCGstab: Convergence at 28 iterations, L2 relative residual: iterated = 2.783134e-13, true = 2.783134e-13 (requested = 1.000000e-12)
PyQUDA INFO: Time = 0.324 secs, Performance = 146.657 GFLOPS
BiCGstab: Convergence at 28 iterations, L2 relative residual: iterated = 5.203730e-13, true = 5.203730e-13 (requested = 1.000000e-12)
PyQUDA INFO: Time = 0.314 secs, Performance = 151.089 GFLOPS
Processing configurations:  30%|███       | 15/50 [03:08<09:01, 15.48s/it]BiCGstab: Convergence at 30 iterations, L2 relative residual: iterated = 4.452134e-13, true = 4.452134e-13 (requested = 1.000000e-12)
PyQUDA INFO: Time = 0.354 secs, Performance = 142.041 GFLOPS
BiCGstab: Convergence at 30 iterations, L2 relative residual: iterated = 3.489843e-13, true = 3.489843e-13 (requested = 1.000000e-12)
PyQUDA INFO: Time = 0.333 secs, Performance = 151.044 GFLOPS
BiCGstab: Convergence at 29 iterations, L2 relative residual: iterated = 7.629826e-13, true = 7.629826e-13 (requested = 1.000000e-12)
PyQUDA INFO: Time = 0.337 secs, Performance = 147.108 GFLOPS
BiCGstab: Convergence at 31 iterations, L2 relative residual: iterated = 8.017714e-13, true = 8.017714e-13 (requested = 1.000000e-12)
PyQUDA INFO: Time = 0.338 secs, Performance = 152.938 GFLOPS
BiCGstab: Convergence at 29 iterations, L2 relative residual: iterated = 7.590961e-13, true = 7.590961e-13 (requested = 1.000000e-12)
PyQUDA INFO: Time = 0.332 secs, Performance = 147.329 GFLOPS
BiCGstab: Convergence at 30 iterations, L2 relative residual: iterated = 6.616512e-13, true = 6.616512e-13 (requested = 1.000000e-12)
PyQUDA INFO: Time = 0.340 secs, Performance = 147.926 GFLOPS
BiCGstab: Convergence at 30 iterations, L2 relative residual: iterated = 2.340288e-13, true = 2.340288e-13 (requested = 1.000000e-12)
PyQUDA INFO: Time = 0.334 secs, Performance = 150.831 GFLOPS
BiCGstab: Convergence at 29 iterations, L2 relative residual: iterated = 6.833204e-13, true = 6.833204e-13 (requested = 1.000000e-12)
PyQUDA INFO: Time = 0.328 secs, Performance = 149.244 GFLOPS
BiCGstab: Convergence at 30 iterations, L2 relative residual: iterated = 4.474797e-13, true = 4.474797e-13 (requested = 1.000000e-12)
PyQUDA INFO: Time = 0.329 secs, Performance = 153.021 GFLOPS
BiCGstab: Convergence at 30 iterations, L2 relative residual: iterated = 4.579836e-13, true = 4.579836e-13 (requested = 1.000000e-12)
PyQUDA INFO: Time = 0.333 secs, Performance = 150.959 GFLOPS
BiCGstab: Convergence at 29 iterations, L2 relative residual: iterated = 7.313663e-13, true = 7.313663e-13 (requested = 1.000000e-12)
PyQUDA INFO: Time = 0.329 secs, Performance = 148.727 GFLOPS
BiCGstab: Convergence at 29 iterations, L2 relative residual: iterated = 9.716232e-13, true = 9.716232e-13 (requested = 1.000000e-12)
PyQUDA INFO: Time = 0.320 secs, Performance = 150.703 GFLOPS
BiCGstab: Convergence at 28 iterations, L2 relative residual: iterated = 9.068740e-13, true = 9.068740e-13 (requested = 1.000000e-12)
PyQUDA INFO: Time = 0.328 secs, Performance = 142.723 GFLOPS
BiCGstab: Convergence at 28 iterations, L2 relative residual: iterated = 4.606416e-13, true = 4.606416e-13 (requested = 1.000000e-12)
PyQUDA INFO: Time = 0.324 secs, Performance = 146.682 GFLOPS
BiCGstab: Convergence at 28 iterations, L2 relative residual: iterated = 5.051058e-13, true = 5.051058e-13 (requested = 1.000000e-12)
PyQUDA INFO: Time = 0.324 secs, Performance = 146.664 GFLOPS
BiCGstab: Convergence at 28 iterations, L2 relative residual: iterated = 4.064221e-13, true = 4.064221e-13 (requested = 1.000000e-12)
PyQUDA INFO: Time = 0.324 secs, Performance = 146.659 GFLOPS
BiCGstab: Convergence at 29 iterations, L2 relative residual: iterated = 2.021269e-13, true = 2.021269e-13 (requested = 1.000000e-12)
PyQUDA INFO: Time = 0.328 secs, Performance = 148.882 GFLOPS
BiCGstab: Convergence at 27 iterations, L2 relative residual: iterated = 7.459617e-13, true = 7.459617e-13 (requested = 1.000000e-12)
PyQUDA INFO: Time = 0.330 secs, Performance = 139.353 GFLOPS
BiCGstab: Convergence at 28 iterations, L2 relative residual: iterated = 3.982694e-13, true = 3.982694e-13 (requested = 1.000000e-12)
PyQUDA INFO: Time = 0.325 secs, Performance = 146.129 GFLOPS
BiCGstab: Convergence at 28 iterations, L2 relative residual: iterated = 4.164510e-13, true = 4.164510e-13 (requested = 1.000000e-12)
PyQUDA INFO: Time = 0.327 secs, Performance = 145.271 GFLOPS
BiCGstab: Convergence at 28 iterations, L2 relative residual: iterated = 4.016970e-13, true = 4.016970e-13 (requested = 1.000000e-12)
PyQUDA INFO: Time = 0.313 secs, Performance = 149.691 GFLOPS
BiCGstab: Convergence at 27 iterations, L2 relative residual: iterated = 8.997653e-13, true = 8.997653e-13 (requested = 1.000000e-12)
PyQUDA INFO: Time = 0.307 secs, Performance = 147.581 GFLOPS
BiCGstab: Convergence at 29 iterations, L2 relative residual: iterated = 2.289105e-13, true = 2.289105e-13 (requested = 1.000000e-12)
PyQUDA INFO: Time = 0.330 secs, Performance = 148.171 GFLOPS
BiCGstab: Convergence at 27 iterations, L2 relative residual: iterated = 8.645251e-13, true = 8.645251e-13 (requested = 1.000000e-12)
PyQUDA INFO: Time = 0.310 secs, Performance = 146.299 GFLOPS
BiCGstab: Convergence at 27 iterations, L2 relative residual: iterated = 3.470813e-13, true = 3.470813e-13 (requested = 1.000000e-12)
PyQUDA INFO: Time = 0.342 secs, Performance = 134.704 GFLOPS
BiCGstab: Convergence at 27 iterations, L2 relative residual: iterated = 4.577662e-13, true = 4.577662e-13 (requested = 1.000000e-12)
PyQUDA INFO: Time = 0.333 secs, Performance = 140.148 GFLOPS
BiCGstab: Convergence at 27 iterations, L2 relative residual: iterated = 4.774640e-13, true = 4.774640e-13 (requested = 1.000000e-12)
PyQUDA INFO: Time = 0.319 secs, Performance = 144.454 GFLOPS
BiCGstab: Convergence at 27 iterations, L2 relative residual: iterated = 4.561514e-13, true = 4.561514e-13 (requested = 1.000000e-12)
PyQUDA INFO: Time = 0.320 secs, Performance = 143.913 GFLOPS
BiCGstab: Convergence at 27 iterations, L2 relative residual: iterated = 8.169042e-13, true = 8.169042e-13 (requested = 1.000000e-12)
PyQUDA INFO: Time = 0.315 secs, Performance = 146.032 GFLOPS
BiCGstab: Convergence at 27 iterations, L2 relative residual: iterated = 6.518745e-13, true = 6.518745e-13 (requested = 1.000000e-12)
PyQUDA INFO: Time = 0.235 secs, Performance = 195.516 GFLOPS
BiCGstab: Convergence at 27 iterations, L2 relative residual: iterated = 5.457889e-13, true = 5.457889e-13 (requested = 1.000000e-12)
PyQUDA INFO: Time = 0.149 secs, Performance = 308.021 GFLOPS
BiCGstab: Convergence at 27 iterations, L2 relative residual: iterated = 4.784290e-13, true = 4.784290e-13 (requested = 1.000000e-12)
PyQUDA INFO: Time = 0.150 secs, Performance = 306.945 GFLOPS
BiCGstab: Convergence at 26 iterations, L2 relative residual: iterated = 9.348990e-13, true = 9.348990e-13 (requested = 1.000000e-12)
PyQUDA INFO: Time = 0.148 secs, Performance = 301.463 GFLOPS
BiCGstab: Convergence at 26 iterations, L2 relative residual: iterated = 9.512518e-13, true = 9.512518e-13 (requested = 1.000000e-12)
PyQUDA INFO: Time = 0.158 secs, Performance = 287.467 GFLOPS
BiCGstab: Convergence at 27 iterations, L2 relative residual: iterated = 7.071947e-13, true = 7.071947e-13 (requested = 1.000000e-12)
PyQUDA INFO: Time = 0.158 secs, Performance = 294.893 GFLOPS
BiCGstab: Convergence at 27 iterations, L2 relative residual: iterated = 3.800698e-13, true = 3.800698e-13 (requested = 1.000000e-12)
PyQUDA INFO: Time = 0.202 secs, Performance = 228.065 GFLOPS
BiCGstab: Convergence at 27 iterations, L2 relative residual: iterated = 4.303990e-13, true = 4.303990e-13 (requested = 1.000000e-12)
PyQUDA INFO: Time = 0.332 secs, Performance = 138.775 GFLOPS
BiCGstab: Convergence at 27 iterations, L2 relative residual: iterated = 6.785754e-13, true = 6.785754e-13 (requested = 1.000000e-12)
PyQUDA INFO: Time = 0.314 secs, Performance = 146.696 GFLOPS
BiCGstab: Convergence at 27 iterations, L2 relative residual: iterated = 3.349763e-13, true = 3.349763e-13 (requested = 1.000000e-12)
PyQUDA INFO: Time = 0.316 secs, Performance = 145.848 GFLOPS
BiCGstab: Convergence at 28 iterations, L2 relative residual: iterated = 1.735717e-13, true = 1.735717e-13 (requested = 1.000000e-12)
PyQUDA INFO: Time = 0.322 secs, Performance = 147.525 GFLOPS
BiCGstab: Convergence at 26 iterations, L2 relative residual: iterated = 9.689701e-13, true = 9.689701e-13 (requested = 1.000000e-12)
PyQUDA INFO: Time = 0.306 secs, Performance = 145.846 GFLOPS
BiCGstab: Convergence at 28 iterations, L2 relative residual: iterated = 3.657171e-13, true = 3.657171e-13 (requested = 1.000000e-12)
PyQUDA INFO: Time = 0.319 secs, Performance = 148.992 GFLOPS
BiCGstab: Convergence at 27 iterations, L2 relative residual: iterated = 9.029327e-13, true = 9.029327e-13 (requested = 1.000000e-12)
PyQUDA INFO: Time = 0.301 secs, Performance = 150.810 GFLOPS
BiCGstab: Convergence at 27 iterations, L2 relative residual: iterated = 3.408916e-13, true = 3.408916e-13 (requested = 1.000000e-12)
PyQUDA INFO: Time = 0.311 secs, Performance = 147.874 GFLOPS
BiCGstab: Convergence at 27 iterations, L2 relative residual: iterated = 3.410177e-13, true = 3.410177e-13 (requested = 1.000000e-12)
PyQUDA INFO: Time = 0.319 secs, Performance = 144.539 GFLOPS
BiCGstab: Convergence at 27 iterations, L2 relative residual: iterated = 5.148499e-13, true = 5.148499e-13 (requested = 1.000000e-12)
PyQUDA INFO: Time = 0.325 secs, Performance = 143.554 GFLOPS
BiCGstab: Convergence at 27 iterations, L2 relative residual: iterated = 7.255611e-13, true = 7.255611e-13 (requested = 1.000000e-12)
PyQUDA INFO: Time = 0.314 secs, Performance = 146.554 GFLOPS
BiCGstab: Convergence at 26 iterations, L2 relative residual: iterated = 8.338016e-13, true = 8.338016e-13 (requested = 1.000000e-12)
PyQUDA INFO: Time = 0.298 secs, Performance = 147.653 GFLOPS
Processing configurations:  32%|███▏      | 16/50 [03:24<08:48, 15.55s/it]BiCGstab: Convergence at 29 iterations, L2 relative residual: iterated = 9.791346e-13, true = 9.791346e-13 (requested = 1.000000e-12)
PyQUDA INFO: Time = 0.338 secs, Performance = 142.566 GFLOPS
BiCGstab: Convergence at 29 iterations, L2 relative residual: iterated = 6.269809e-13, true = 6.269809e-13 (requested = 1.000000e-12)
PyQUDA INFO: Time = 0.316 secs, Performance = 152.780 GFLOPS
BiCGstab: Convergence at 29 iterations, L2 relative residual: iterated = 5.640614e-13, true = 5.640614e-13 (requested = 1.000000e-12)
PyQUDA INFO: Time = 0.316 secs, Performance = 152.773 GFLOPS
BiCGstab: Convergence at 30 iterations, L2 relative residual: iterated = 3.731167e-13, true = 3.731167e-13 (requested = 1.000000e-12)
PyQUDA INFO: Time = 0.333 secs, Performance = 150.945 GFLOPS
BiCGstab: Convergence at 30 iterations, L2 relative residual: iterated = 4.183101e-13, true = 4.183101e-13 (requested = 1.000000e-12)
PyQUDA INFO: Time = 0.323 secs, Performance = 153.498 GFLOPS
BiCGstab: Convergence at 30 iterations, L2 relative residual: iterated = 4.855167e-13, true = 4.855167e-13 (requested = 1.000000e-12)
PyQUDA INFO: Time = 0.336 secs, Performance = 149.714 GFLOPS
BiCGstab: Convergence at 29 iterations, L2 relative residual: iterated = 5.565968e-13, true = 5.565968e-13 (requested = 1.000000e-12)
PyQUDA INFO: Time = 0.335 secs, Performance = 146.006 GFLOPS
BiCGstab: Convergence at 29 iterations, L2 relative residual: iterated = 7.200258e-13, true = 7.200258e-13 (requested = 1.000000e-12)
PyQUDA INFO: Time = 0.317 secs, Performance = 152.096 GFLOPS
BiCGstab: Convergence at 30 iterations, L2 relative residual: iterated = 4.405417e-13, true = 4.405417e-13 (requested = 1.000000e-12)
PyQUDA INFO: Time = 0.352 secs, Performance = 144.688 GFLOPS
BiCGstab: Convergence at 29 iterations, L2 relative residual: iterated = 4.919924e-13, true = 4.919924e-13 (requested = 1.000000e-12)
PyQUDA INFO: Time = 0.332 secs, Performance = 147.084 GFLOPS
BiCGstab: Convergence at 29 iterations, L2 relative residual: iterated = 6.329556e-13, true = 6.329556e-13 (requested = 1.000000e-12)
PyQUDA INFO: Time = 0.329 secs, Performance = 148.819 GFLOPS
BiCGstab: Convergence at 29 iterations, L2 relative residual: iterated = 5.035248e-13, true = 5.035248e-13 (requested = 1.000000e-12)
PyQUDA INFO: Time = 0.329 secs, Performance = 148.582 GFLOPS
BiCGstab: Convergence at 28 iterations, L2 relative residual: iterated = 8.934384e-13, true = 8.934384e-13 (requested = 1.000000e-12)
PyQUDA INFO: Time = 0.329 secs, Performance = 142.100 GFLOPS
BiCGstab: Convergence at 28 iterations, L2 relative residual: iterated = 6.722861e-13, true = 6.722861e-13 (requested = 1.000000e-12)
PyQUDA INFO: Time = 0.324 secs, Performance = 146.666 GFLOPS
BiCGstab: Convergence at 30 iterations, L2 relative residual: iterated = 2.384101e-13, true = 2.384101e-13 (requested = 1.000000e-12)
PyQUDA INFO: Time = 0.338 secs, Performance = 148.857 GFLOPS
BiCGstab: Convergence at 28 iterations, L2 relative residual: iterated = 7.781727e-13, true = 7.781727e-13 (requested = 1.000000e-12)
PyQUDA INFO: Time = 0.319 secs, Performance = 148.808 GFLOPS
BiCGstab: Convergence at 28 iterations, L2 relative residual: iterated = 4.265370e-13, true = 4.265370e-13 (requested = 1.000000e-12)
PyQUDA INFO: Time = 0.328 secs, Performance = 144.568 GFLOPS
BiCGstab: Convergence at 28 iterations, L2 relative residual: iterated = 7.949639e-13, true = 7.949639e-13 (requested = 1.000000e-12)
PyQUDA INFO: Time = 0.335 secs, Performance = 141.570 GFLOPS
BiCGstab: Convergence at 28 iterations, L2 relative residual: iterated = 6.057100e-13, true = 6.057100e-13 (requested = 1.000000e-12)
PyQUDA INFO: Time = 0.327 secs, Performance = 144.941 GFLOPS
BiCGstab: Convergence at 28 iterations, L2 relative residual: iterated = 2.925576e-13, true = 2.925576e-13 (requested = 1.000000e-12)
PyQUDA INFO: Time = 0.324 secs, Performance = 146.407 GFLOPS
BiCGstab: Convergence at 28 iterations, L2 relative residual: iterated = 4.114825e-13, true = 4.114825e-13 (requested = 1.000000e-12)
PyQUDA INFO: Time = 0.312 secs, Performance = 149.868 GFLOPS
BiCGstab: Convergence at 28 iterations, L2 relative residual: iterated = 6.444859e-13, true = 6.444859e-13 (requested = 1.000000e-12)
PyQUDA INFO: Time = 0.312 secs, Performance = 149.865 GFLOPS
BiCGstab: Convergence at 29 iterations, L2 relative residual: iterated = 1.562776e-13, true = 1.562776e-13 (requested = 1.000000e-12)
PyQUDA INFO: Time = 0.329 secs, Performance = 148.777 GFLOPS
BiCGstab: Convergence at 27 iterations, L2 relative residual: iterated = 8.508528e-13, true = 8.508528e-13 (requested = 1.000000e-12)
PyQUDA INFO: Time = 0.319 secs, Performance = 144.508 GFLOPS
BiCGstab: Convergence at 27 iterations, L2 relative residual: iterated = 5.847653e-13, true = 5.847653e-13 (requested = 1.000000e-12)
PyQUDA INFO: Time = 0.340 secs, Performance = 135.279 GFLOPS
BiCGstab: Convergence at 27 iterations, L2 relative residual: iterated = 8.244358e-13, true = 8.244358e-13 (requested = 1.000000e-12)
PyQUDA INFO: Time = 0.335 secs, Performance = 139.556 GFLOPS
BiCGstab: Convergence at 27 iterations, L2 relative residual: iterated = 8.629356e-13, true = 8.629356e-13 (requested = 1.000000e-12)
PyQUDA INFO: Time = 0.335 secs, Performance = 139.557 GFLOPS
BiCGstab: Convergence at 26 iterations, L2 relative residual: iterated = 8.081488e-13, true = 8.081488e-13 (requested = 1.000000e-12)
PyQUDA INFO: Time = 0.300 secs, Performance = 146.269 GFLOPS
BiCGstab: Convergence at 27 iterations, L2 relative residual: iterated = 2.938266e-13, true = 2.938266e-13 (requested = 1.000000e-12)
PyQUDA INFO: Time = 0.321 secs, Performance = 143.614 GFLOPS
BiCGstab: Convergence at 27 iterations, L2 relative residual: iterated = 5.605683e-13, true = 5.605683e-13 (requested = 1.000000e-12)
PyQUDA INFO: Time = 0.266 secs, Performance = 173.026 GFLOPS
BiCGstab: Convergence at 27 iterations, L2 relative residual: iterated = 3.985106e-13, true = 3.985106e-13 (requested = 1.000000e-12)
PyQUDA INFO: Time = 0.149 secs, Performance = 308.106 GFLOPS
BiCGstab: Convergence at 27 iterations, L2 relative residual: iterated = 7.274561e-13, true = 7.274561e-13 (requested = 1.000000e-12)
PyQUDA INFO: Time = 0.152 secs, Performance = 303.307 GFLOPS
BiCGstab: Convergence at 27 iterations, L2 relative residual: iterated = 7.162235e-13, true = 7.162235e-13 (requested = 1.000000e-12)
PyQUDA INFO: Time = 0.193 secs, Performance = 238.159 GFLOPS
BiCGstab: Convergence at 26 iterations, L2 relative residual: iterated = 8.915580e-13, true = 8.915580e-13 (requested = 1.000000e-12)
PyQUDA INFO: Time = 0.205 secs, Performance = 217.503 GFLOPS
BiCGstab: Convergence at 27 iterations, L2 relative residual: iterated = 4.902496e-13, true = 4.902496e-13 (requested = 1.000000e-12)
PyQUDA INFO: Time = 0.221 secs, Performance = 208.479 GFLOPS
BiCGstab: Convergence at 27 iterations, L2 relative residual: iterated = 2.854855e-13, true = 2.854855e-13 (requested = 1.000000e-12)
PyQUDA INFO: Time = 0.285 secs, Performance = 163.957 GFLOPS
BiCGstab: Convergence at 28 iterations, L2 relative residual: iterated = 2.807028e-13, true = 2.807028e-13 (requested = 1.000000e-12)
PyQUDA INFO: Time = 0.337 secs, Performance = 140.706 GFLOPS
BiCGstab: Convergence at 27 iterations, L2 relative residual: iterated = 6.048165e-13, true = 6.048165e-13 (requested = 1.000000e-12)
PyQUDA INFO: Time = 0.306 secs, Performance = 148.354 GFLOPS
BiCGstab: Convergence at 27 iterations, L2 relative residual: iterated = 4.642897e-13, true = 4.642897e-13 (requested = 1.000000e-12)
PyQUDA INFO: Time = 0.325 secs, Performance = 143.799 GFLOPS
BiCGstab: Convergence at 27 iterations, L2 relative residual: iterated = 3.544972e-13, true = 3.544972e-13 (requested = 1.000000e-12)
PyQUDA INFO: Time = 0.314 secs, Performance = 146.493 GFLOPS
BiCGstab: Convergence at 28 iterations, L2 relative residual: iterated = 3.424174e-13, true = 3.424174e-13 (requested = 1.000000e-12)
PyQUDA INFO: Time = 0.339 secs, Performance = 141.852 GFLOPS
BiCGstab: Convergence at 27 iterations, L2 relative residual: iterated = 3.901304e-13, true = 3.901304e-13 (requested = 1.000000e-12)
PyQUDA INFO: Time = 0.316 secs, Performance = 145.867 GFLOPS
BiCGstab: Convergence at 26 iterations, L2 relative residual: iterated = 9.868332e-13, true = 9.868332e-13 (requested = 1.000000e-12)
PyQUDA INFO: Time = 0.292 secs, Performance = 150.565 GFLOPS
BiCGstab: Convergence at 27 iterations, L2 relative residual: iterated = 7.824154e-13, true = 7.824154e-13 (requested = 1.000000e-12)
PyQUDA INFO: Time = 0.319 secs, Performance = 144.435 GFLOPS
BiCGstab: Convergence at 27 iterations, L2 relative residual: iterated = 5.500167e-13, true = 5.500167e-13 (requested = 1.000000e-12)
PyQUDA INFO: Time = 0.314 secs, Performance = 146.624 GFLOPS
BiCGstab: Convergence at 27 iterations, L2 relative residual: iterated = 4.529117e-13, true = 4.529117e-13 (requested = 1.000000e-12)
PyQUDA INFO: Time = 0.314 secs, Performance = 146.621 GFLOPS
BiCGstab: Convergence at 26 iterations, L2 relative residual: iterated = 8.738174e-13, true = 8.738174e-13 (requested = 1.000000e-12)
PyQUDA INFO: Time = 0.304 secs, Performance = 146.537 GFLOPS
BiCGstab: Convergence at 28 iterations, L2 relative residual: iterated = 2.213237e-13, true = 2.213237e-13 (requested = 1.000000e-12)
PyQUDA INFO: Time = 0.335 secs, Performance = 141.657 GFLOPS
Processing configurations:  34%|███▍      | 17/50 [03:40<08:37, 15.67s/it]BiCGstab: Convergence at 30 iterations, L2 relative residual: iterated = 5.045873e-13, true = 5.045873e-13 (requested = 1.000000e-12)
PyQUDA INFO: Time = 0.355 secs, Performance = 141.748 GFLOPS
BiCGstab: Convergence at 29 iterations, L2 relative residual: iterated = 6.974018e-13, true = 6.974018e-13 (requested = 1.000000e-12)
PyQUDA INFO: Time = 0.344 secs, Performance = 144.080 GFLOPS
BiCGstab: Convergence at 30 iterations, L2 relative residual: iterated = 6.539393e-13, true = 6.539393e-13 (requested = 1.000000e-12)
PyQUDA INFO: Time = 0.349 secs, Performance = 146.077 GFLOPS
BiCGstab: Convergence at 30 iterations, L2 relative residual: iterated = 4.079218e-13, true = 4.079218e-13 (requested = 1.000000e-12)
PyQUDA INFO: Time = 0.333 secs, Performance = 150.981 GFLOPS
BiCGstab: Convergence at 29 iterations, L2 relative residual: iterated = 7.541558e-13, true = 7.541558e-13 (requested = 1.000000e-12)
PyQUDA INFO: Time = 0.317 secs, Performance = 152.177 GFLOPS
BiCGstab: Convergence at 29 iterations, L2 relative residual: iterated = 9.796871e-13, true = 9.796871e-13 (requested = 1.000000e-12)
PyQUDA INFO: Time = 0.337 secs, Performance = 144.955 GFLOPS
BiCGstab: Convergence at 30 iterations, L2 relative residual: iterated = 8.144606e-13, true = 8.144606e-13 (requested = 1.000000e-12)
PyQUDA INFO: Time = 0.337 secs, Performance = 149.438 GFLOPS
BiCGstab: Convergence at 30 iterations, L2 relative residual: iterated = 8.722096e-13, true = 8.722096e-13 (requested = 1.000000e-12)
PyQUDA INFO: Time = 0.333 secs, Performance = 151.078 GFLOPS
BiCGstab: Convergence at 29 iterations, L2 relative residual: iterated = 6.382207e-13, true = 6.382207e-13 (requested = 1.000000e-12)
PyQUDA INFO: Time = 0.317 secs, Performance = 151.957 GFLOPS
BiCGstab: Convergence at 31 iterations, L2 relative residual: iterated = 2.659511e-13, true = 2.659511e-13 (requested = 1.000000e-12)
PyQUDA INFO: Time = 0.328 secs, Performance = 155.543 GFLOPS
BiCGstab: Convergence at 30 iterations, L2 relative residual: iterated = 4.138118e-13, true = 4.138118e-13 (requested = 1.000000e-12)
PyQUDA INFO: Time = 0.321 secs, Performance = 154.783 GFLOPS
BiCGstab: Convergence at 30 iterations, L2 relative residual: iterated = 6.104558e-13, true = 6.104558e-13 (requested = 1.000000e-12)
PyQUDA INFO: Time = 0.322 secs, Performance = 154.136 GFLOPS
BiCGstab: Convergence at 28 iterations, L2 relative residual: iterated = 4.486051e-13, true = 4.486051e-13 (requested = 1.000000e-12)
PyQUDA INFO: Time = 0.341 secs, Performance = 139.164 GFLOPS
BiCGstab: Convergence at 28 iterations, L2 relative residual: iterated = 7.798220e-13, true = 7.798220e-13 (requested = 1.000000e-12)
PyQUDA INFO: Time = 0.312 secs, Performance = 149.879 GFLOPS
BiCGstab: Convergence at 28 iterations, L2 relative residual: iterated = 8.202445e-13, true = 8.202445e-13 (requested = 1.000000e-12)
PyQUDA INFO: Time = 0.312 secs, Performance = 149.843 GFLOPS
BiCGstab: Convergence at 27 iterations, L2 relative residual: iterated = 9.634946e-13, true = 9.634946e-13 (requested = 1.000000e-12)
PyQUDA INFO: Time = 0.303 secs, Performance = 149.837 GFLOPS
BiCGstab: Convergence at 29 iterations, L2 relative residual: iterated = 8.219710e-13, true = 8.219710e-13 (requested = 1.000000e-12)
PyQUDA INFO: Time = 0.336 secs, Performance = 145.513 GFLOPS
BiCGstab: Convergence at 28 iterations, L2 relative residual: iterated = 6.817197e-13, true = 6.817197e-13 (requested = 1.000000e-12)
PyQUDA INFO: Time = 0.327 secs, Performance = 145.126 GFLOPS
BiCGstab: Convergence at 28 iterations, L2 relative residual: iterated = 3.325348e-13, true = 3.325348e-13 (requested = 1.000000e-12)
PyQUDA INFO: Time = 0.342 secs, Performance = 140.696 GFLOPS
BiCGstab: Convergence at 28 iterations, L2 relative residual: iterated = 4.721363e-13, true = 4.721363e-13 (requested = 1.000000e-12)
PyQUDA INFO: Time = 0.327 secs, Performance = 145.141 GFLOPS
BiCGstab: Convergence at 29 iterations, L2 relative residual: iterated = 1.727946e-13, true = 1.727946e-13 (requested = 1.000000e-12)
PyQUDA INFO: Time = 0.328 secs, Performance = 148.862 GFLOPS
BiCGstab: Convergence at 28 iterations, L2 relative residual: iterated = 5.393466e-13, true = 5.393466e-13 (requested = 1.000000e-12)
PyQUDA INFO: Time = 0.312 secs, Performance = 149.897 GFLOPS
BiCGstab: Convergence at 29 iterations, L2 relative residual: iterated = 1.703914e-13, true = 1.703914e-13 (requested = 1.000000e-12)
PyQUDA INFO: Time = 0.321 secs, Performance = 150.199 GFLOPS
BiCGstab: Convergence at 28 iterations, L2 relative residual: iterated = 5.546107e-13, true = 5.546107e-13 (requested = 1.000000e-12)
PyQUDA INFO: Time = 0.324 secs, Performance = 146.688 GFLOPS
BiCGstab: Convergence at 26 iterations, L2 relative residual: iterated = 9.531617e-13, true = 9.531617e-13 (requested = 1.000000e-12)
PyQUDA INFO: Time = 0.319 secs, Performance = 137.532 GFLOPS
BiCGstab: Convergence at 27 iterations, L2 relative residual: iterated = 3.337536e-13, true = 3.337536e-13 (requested = 1.000000e-12)
PyQUDA INFO: Time = 0.303 secs, Performance = 149.836 GFLOPS
BiCGstab: Convergence at 26 iterations, L2 relative residual: iterated = 9.550185e-13, true = 9.550185e-13 (requested = 1.000000e-12)
PyQUDA INFO: Time = 0.302 secs, Performance = 145.339 GFLOPS
BiCGstab: Convergence at 27 iterations, L2 relative residual: iterated = 9.465982e-13, true = 9.465982e-13 (requested = 1.000000e-12)
PyQUDA INFO: Time = 0.320 secs, Performance = 143.820 GFLOPS
BiCGstab: Convergence at 26 iterations, L2 relative residual: iterated = 7.637801e-13, true = 7.637801e-13 (requested = 1.000000e-12)
PyQUDA INFO: Time = 0.311 secs, Performance = 143.343 GFLOPS
BiCGstab: Convergence at 27 iterations, L2 relative residual: iterated = 6.560582e-13, true = 6.560582e-13 (requested = 1.000000e-12)
PyQUDA INFO: Time = 0.156 secs, Performance = 295.327 GFLOPS
BiCGstab: Convergence at 27 iterations, L2 relative residual: iterated = 3.164641e-13, true = 3.164641e-13 (requested = 1.000000e-12)
PyQUDA INFO: Time = 0.157 secs, Performance = 298.138 GFLOPS
BiCGstab: Convergence at 26 iterations, L2 relative residual: iterated = 9.214315e-13, true = 9.214315e-13 (requested = 1.000000e-12)
PyQUDA INFO: Time = 0.142 secs, Performance = 309.954 GFLOPS
BiCGstab: Convergence at 28 iterations, L2 relative residual: iterated = 2.435071e-13, true = 2.435071e-13 (requested = 1.000000e-12)
PyQUDA INFO: Time = 0.190 secs, Performance = 249.754 GFLOPS
BiCGstab: Convergence at 27 iterations, L2 relative residual: iterated = 5.813179e-13, true = 5.813179e-13 (requested = 1.000000e-12)
PyQUDA INFO: Time = 0.150 secs, Performance = 306.006 GFLOPS
BiCGstab: Convergence at 26 iterations, L2 relative residual: iterated = 7.101164e-13, true = 7.101164e-13 (requested = 1.000000e-12)
PyQUDA INFO: Time = 0.189 secs, Performance = 236.291 GFLOPS
BiCGstab: Convergence at 26 iterations, L2 relative residual: iterated = 6.486185e-13, true = 6.486185e-13 (requested = 1.000000e-12)
PyQUDA INFO: Time = 0.280 secs, Performance = 161.521 GFLOPS
BiCGstab: Convergence at 27 iterations, L2 relative residual: iterated = 5.742984e-13, true = 5.742984e-13 (requested = 1.000000e-12)
PyQUDA INFO: Time = 0.331 secs, Performance = 139.163 GFLOPS
BiCGstab: Convergence at 27 iterations, L2 relative residual: iterated = 6.198857e-13, true = 6.198857e-13 (requested = 1.000000e-12)
PyQUDA INFO: Time = 0.313 secs, Performance = 146.944 GFLOPS
BiCGstab: Convergence at 27 iterations, L2 relative residual: iterated = 3.542226e-13, true = 3.542226e-13 (requested = 1.000000e-12)
PyQUDA INFO: Time = 0.315 secs, Performance = 146.340 GFLOPS
BiCGstab: Convergence at 27 iterations, L2 relative residual: iterated = 4.066533e-13, true = 4.066533e-13 (requested = 1.000000e-12)
PyQUDA INFO: Time = 0.309 secs, Performance = 148.988 GFLOPS
BiCGstab: Convergence at 27 iterations, L2 relative residual: iterated = 6.273880e-13, true = 6.273880e-13 (requested = 1.000000e-12)
PyQUDA INFO: Time = 0.314 secs, Performance = 146.607 GFLOPS
BiCGstab: Convergence at 27 iterations, L2 relative residual: iterated = 4.520930e-13, true = 4.520930e-13 (requested = 1.000000e-12)
PyQUDA INFO: Time = 0.319 secs, Performance = 144.427 GFLOPS
BiCGstab: Convergence at 27 iterations, L2 relative residual: iterated = 4.140634e-13, true = 4.140634e-13 (requested = 1.000000e-12)
PyQUDA INFO: Time = 0.303 secs, Performance = 149.841 GFLOPS
BiCGstab: Convergence at 27 iterations, L2 relative residual: iterated = 6.536745e-13, true = 6.536745e-13 (requested = 1.000000e-12)
PyQUDA INFO: Time = 0.314 secs, Performance = 146.623 GFLOPS
BiCGstab: Convergence at 27 iterations, L2 relative residual: iterated = 7.120633e-13, true = 7.120633e-13 (requested = 1.000000e-12)
PyQUDA INFO: Time = 0.314 secs, Performance = 146.586 GFLOPS
BiCGstab: Convergence at 27 iterations, L2 relative residual: iterated = 5.191020e-13, true = 5.191020e-13 (requested = 1.000000e-12)
PyQUDA INFO: Time = 0.314 secs, Performance = 146.581 GFLOPS
BiCGstab: Convergence at 27 iterations, L2 relative residual: iterated = 3.359654e-13, true = 3.359654e-13 (requested = 1.000000e-12)
PyQUDA INFO: Time = 0.302 secs, Performance = 149.964 GFLOPS
BiCGstab: Convergence at 28 iterations, L2 relative residual: iterated = 2.034478e-13, true = 2.034478e-13 (requested = 1.000000e-12)
PyQUDA INFO: Time = 0.328 secs, Performance = 144.919 GFLOPS
Processing configurations:  36%|███▌      | 18/50 [03:55<08:21, 15.68s/it]BiCGstab: Convergence at 30 iterations, L2 relative residual: iterated = 3.019574e-13, true = 3.019574e-13 (requested = 1.000000e-12)
PyQUDA INFO: Time = 0.354 secs, Performance = 142.029 GFLOPS
BiCGstab: Convergence at 30 iterations, L2 relative residual: iterated = 2.367268e-13, true = 2.367268e-13 (requested = 1.000000e-12)
PyQUDA INFO: Time = 0.322 secs, Performance = 154.281 GFLOPS
BiCGstab: Convergence at 31 iterations, L2 relative residual: iterated = 3.672247e-13, true = 3.672247e-13 (requested = 1.000000e-12)
PyQUDA INFO: Time = 0.338 secs, Performance = 152.998 GFLOPS
BiCGstab: Convergence at 30 iterations, L2 relative residual: iterated = 4.086253e-13, true = 4.086253e-13 (requested = 1.000000e-12)
PyQUDA INFO: Time = 0.333 secs, Performance = 150.909 GFLOPS
BiCGstab: Convergence at 29 iterations, L2 relative residual: iterated = 8.324691e-13, true = 8.324691e-13 (requested = 1.000000e-12)
PyQUDA INFO: Time = 0.329 secs, Performance = 148.788 GFLOPS
BiCGstab: Convergence at 29 iterations, L2 relative residual: iterated = 5.283883e-13, true = 5.283883e-13 (requested = 1.000000e-12)
PyQUDA INFO: Time = 0.340 secs, Performance = 143.741 GFLOPS
BiCGstab: Convergence at 30 iterations, L2 relative residual: iterated = 2.805878e-13, true = 2.805878e-13 (requested = 1.000000e-12)
PyQUDA INFO: Time = 0.317 secs, Performance = 156.439 GFLOPS
BiCGstab: Convergence at 29 iterations, L2 relative residual: iterated = 6.631738e-13, true = 6.631738e-13 (requested = 1.000000e-12)
PyQUDA INFO: Time = 0.328 secs, Performance = 148.959 GFLOPS
BiCGstab: Convergence at 29 iterations, L2 relative residual: iterated = 6.124192e-13, true = 6.124192e-13 (requested = 1.000000e-12)
PyQUDA INFO: Time = 0.329 secs, Performance = 148.821 GFLOPS
BiCGstab: Convergence at 30 iterations, L2 relative residual: iterated = 6.496051e-13, true = 6.496051e-13 (requested = 1.000000e-12)
PyQUDA INFO: Time = 0.322 secs, Performance = 154.148 GFLOPS
BiCGstab: Convergence at 29 iterations, L2 relative residual: iterated = 8.529809e-13, true = 8.529809e-13 (requested = 1.000000e-12)
PyQUDA INFO: Time = 0.333 secs, Performance = 146.958 GFLOPS
BiCGstab: Convergence at 29 iterations, L2 relative residual: iterated = 6.191213e-13, true = 6.191213e-13 (requested = 1.000000e-12)
PyQUDA INFO: Time = 0.329 secs, Performance = 148.700 GFLOPS
BiCGstab: Convergence at 28 iterations, L2 relative residual: iterated = 6.550221e-13, true = 6.550221e-13 (requested = 1.000000e-12)
PyQUDA INFO: Time = 0.356 secs, Performance = 135.031 GFLOPS
BiCGstab: Convergence at 28 iterations, L2 relative residual: iterated = 8.165165e-13, true = 8.165165e-13 (requested = 1.000000e-12)
PyQUDA INFO: Time = 0.336 secs, Performance = 143.218 GFLOPS
BiCGstab: Convergence at 28 iterations, L2 relative residual: iterated = 3.439625e-13, true = 3.439625e-13 (requested = 1.000000e-12)
PyQUDA INFO: Time = 0.311 secs, Performance = 150.462 GFLOPS
BiCGstab: Convergence at 28 iterations, L2 relative residual: iterated = 3.289889e-13, true = 3.289889e-13 (requested = 1.000000e-12)
PyQUDA INFO: Time = 0.324 secs, Performance = 146.687 GFLOPS
BiCGstab: Convergence at 27 iterations, L2 relative residual: iterated = 7.136144e-13, true = 7.136144e-13 (requested = 1.000000e-12)
PyQUDA INFO: Time = 0.319 secs, Performance = 142.383 GFLOPS
BiCGstab: Convergence at 28 iterations, L2 relative residual: iterated = 3.980905e-13, true = 3.980905e-13 (requested = 1.000000e-12)
PyQUDA INFO: Time = 0.308 secs, Performance = 152.022 GFLOPS
BiCGstab: Convergence at 28 iterations, L2 relative residual: iterated = 4.272001e-13, true = 4.272001e-13 (requested = 1.000000e-12)
PyQUDA INFO: Time = 0.312 secs, Performance = 149.781 GFLOPS
BiCGstab: Convergence at 28 iterations, L2 relative residual: iterated = 5.141648e-13, true = 5.141648e-13 (requested = 1.000000e-12)
PyQUDA INFO: Time = 0.324 secs, Performance = 146.640 GFLOPS
BiCGstab: Convergence at 29 iterations, L2 relative residual: iterated = 3.632130e-13, true = 3.632130e-13 (requested = 1.000000e-12)
PyQUDA INFO: Time = 0.344 secs, Performance = 144.149 GFLOPS
BiCGstab: Convergence at 28 iterations, L2 relative residual: iterated = 6.209069e-13, true = 6.209069e-13 (requested = 1.000000e-12)
PyQUDA INFO: Time = 0.324 secs, Performance = 146.424 GFLOPS
BiCGstab: Convergence at 28 iterations, L2 relative residual: iterated = 3.103535e-13, true = 3.103535e-13 (requested = 1.000000e-12)
PyQUDA INFO: Time = 0.328 secs, Performance = 144.540 GFLOPS
BiCGstab: Convergence at 30 iterations, L2 relative residual: iterated = 1.839416e-13, true = 1.839416e-13 (requested = 1.000000e-12)
PyQUDA INFO: Time = 0.335 secs, Performance = 150.291 GFLOPS
BiCGstab: Convergence at 28 iterations, L2 relative residual: iterated = 1.130226e-13, true = 1.130226e-13 (requested = 1.000000e-12)
PyQUDA INFO: Time = 0.348 secs, Performance = 136.372 GFLOPS
BiCGstab: Convergence at 27 iterations, L2 relative residual: iterated = 2.898457e-13, true = 2.898457e-13 (requested = 1.000000e-12)
PyQUDA INFO: Time = 0.332 secs, Performance = 140.868 GFLOPS
BiCGstab: Convergence at 27 iterations, L2 relative residual: iterated = 2.738789e-13, true = 2.738789e-13 (requested = 1.000000e-12)
PyQUDA INFO: Time = 0.319 secs, Performance = 144.503 GFLOPS
BiCGstab: Convergence at 27 iterations, L2 relative residual: iterated = 5.612060e-13, true = 5.612060e-13 (requested = 1.000000e-12)
PyQUDA INFO: Time = 0.321 secs, Performance = 143.208 GFLOPS
BiCGstab: Convergence at 27 iterations, L2 relative residual: iterated = 4.231847e-13, true = 4.231847e-13 (requested = 1.000000e-12)
PyQUDA INFO: Time = 0.242 secs, Performance = 187.796 GFLOPS
BiCGstab: Convergence at 27 iterations, L2 relative residual: iterated = 3.564930e-13, true = 3.564930e-13 (requested = 1.000000e-12)
PyQUDA INFO: Time = 0.142 secs, Performance = 320.367 GFLOPS
BiCGstab: Convergence at 27 iterations, L2 relative residual: iterated = 5.833467e-13, true = 5.833467e-13 (requested = 1.000000e-12)
PyQUDA INFO: Time = 0.151 secs, Performance = 305.397 GFLOPS
BiCGstab: Convergence at 27 iterations, L2 relative residual: iterated = 3.149438e-13, true = 3.149438e-13 (requested = 1.000000e-12)
PyQUDA INFO: Time = 0.171 secs, Performance = 272.626 GFLOPS
BiCGstab: Convergence at 27 iterations, L2 relative residual: iterated = 9.210613e-13, true = 9.210613e-13 (requested = 1.000000e-12)
PyQUDA INFO: Time = 0.184 secs, Performance = 247.006 GFLOPS
BiCGstab: Convergence at 27 iterations, L2 relative residual: iterated = 5.827131e-13, true = 5.827131e-13 (requested = 1.000000e-12)
PyQUDA INFO: Time = 0.151 secs, Performance = 305.746 GFLOPS
BiCGstab: Convergence at 26 iterations, L2 relative residual: iterated = 8.571546e-13, true = 8.571546e-13 (requested = 1.000000e-12)
PyQUDA INFO: Time = 0.198 secs, Performance = 225.752 GFLOPS
BiCGstab: Convergence at 29 iterations, L2 relative residual: iterated = 6.584153e-14, true = 6.584153e-14 (requested = 1.000000e-12)
PyQUDA INFO: Time = 0.325 secs, Performance = 150.533 GFLOPS
BiCGstab: Convergence at 27 iterations, L2 relative residual: iterated = 5.421407e-13, true = 5.421407e-13 (requested = 1.000000e-12)
PyQUDA INFO: Time = 0.336 secs, Performance = 137.177 GFLOPS
BiCGstab: Convergence at 27 iterations, L2 relative residual: iterated = 8.293136e-13, true = 8.293136e-13 (requested = 1.000000e-12)
PyQUDA INFO: Time = 0.296 secs, Performance = 153.339 GFLOPS
BiCGstab: Convergence at 27 iterations, L2 relative residual: iterated = 5.535734e-13, true = 5.535734e-13 (requested = 1.000000e-12)
PyQUDA INFO: Time = 0.315 secs, Performance = 146.133 GFLOPS
BiCGstab: Convergence at 27 iterations, L2 relative residual: iterated = 4.899064e-13, true = 4.899064e-13 (requested = 1.000000e-12)
PyQUDA INFO: Time = 0.317 secs, Performance = 145.110 GFLOPS
BiCGstab: Convergence at 27 iterations, L2 relative residual: iterated = 5.400573e-13, true = 5.400573e-13 (requested = 1.000000e-12)
PyQUDA INFO: Time = 0.314 secs, Performance = 146.609 GFLOPS
BiCGstab: Convergence at 27 iterations, L2 relative residual: iterated = 8.465566e-13, true = 8.465566e-13 (requested = 1.000000e-12)
PyQUDA INFO: Time = 0.314 secs, Performance = 146.619 GFLOPS
BiCGstab: Convergence at 27 iterations, L2 relative residual: iterated = 6.965960e-13, true = 6.965960e-13 (requested = 1.000000e-12)
PyQUDA INFO: Time = 0.303 secs, Performance = 149.837 GFLOPS
BiCGstab: Convergence at 27 iterations, L2 relative residual: iterated = 2.784155e-13, true = 2.784155e-13 (requested = 1.000000e-12)
PyQUDA INFO: Time = 0.319 secs, Performance = 144.531 GFLOPS
BiCGstab: Convergence at 27 iterations, L2 relative residual: iterated = 4.992052e-13, true = 4.992052e-13 (requested = 1.000000e-12)
PyQUDA INFO: Time = 0.314 secs, Performance = 146.524 GFLOPS
BiCGstab: Convergence at 27 iterations, L2 relative residual: iterated = 6.310315e-13, true = 6.310315e-13 (requested = 1.000000e-12)
PyQUDA INFO: Time = 0.314 secs, Performance = 146.606 GFLOPS
BiCGstab: Convergence at 27 iterations, L2 relative residual: iterated = 6.217299e-13, true = 6.217299e-13 (requested = 1.000000e-12)
PyQUDA INFO: Time = 0.314 secs, Performance = 146.607 GFLOPS
BiCGstab: Convergence at 27 iterations, L2 relative residual: iterated = 6.285856e-13, true = 6.285856e-13 (requested = 1.000000e-12)
PyQUDA INFO: Time = 0.344 secs, Performance = 135.670 GFLOPS
Processing configurations:  38%|███▊      | 19/50 [04:11<08:07, 15.71s/it]BiCGstab: Convergence at 30 iterations, L2 relative residual: iterated = 3.487590e-13, true = 3.487590e-13 (requested = 1.000000e-12)
PyQUDA INFO: Time = 0.351 secs, Performance = 143.372 GFLOPS
BiCGstab: Convergence at 29 iterations, L2 relative residual: iterated = 5.122411e-13, true = 5.122411e-13 (requested = 1.000000e-12)
PyQUDA INFO: Time = 0.331 secs, Performance = 147.558 GFLOPS
BiCGstab: Convergence at 30 iterations, L2 relative residual: iterated = 7.459354e-13, true = 7.459354e-13 (requested = 1.000000e-12)
PyQUDA INFO: Time = 0.322 secs, Performance = 154.362 GFLOPS
BiCGstab: Convergence at 29 iterations, L2 relative residual: iterated = 8.428047e-13, true = 8.428047e-13 (requested = 1.000000e-12)
PyQUDA INFO: Time = 0.313 secs, Performance = 154.011 GFLOPS
BiCGstab: Convergence at 30 iterations, L2 relative residual: iterated = 2.323561e-13, true = 2.323561e-13 (requested = 1.000000e-12)
PyQUDA INFO: Time = 0.329 secs, Performance = 153.119 GFLOPS
BiCGstab: Convergence at 29 iterations, L2 relative residual: iterated = 6.766510e-13, true = 6.766510e-13 (requested = 1.000000e-12)
PyQUDA INFO: Time = 0.340 secs, Performance = 143.765 GFLOPS
BiCGstab: Convergence at 30 iterations, L2 relative residual: iterated = 1.470117e-13, true = 1.470117e-13 (requested = 1.000000e-12)
PyQUDA INFO: Time = 0.322 secs, Performance = 154.256 GFLOPS
BiCGstab: Convergence at 29 iterations, L2 relative residual: iterated = 6.124710e-13, true = 6.124710e-13 (requested = 1.000000e-12)
PyQUDA INFO: Time = 0.328 secs, Performance = 148.852 GFLOPS
BiCGstab: Convergence at 31 iterations, L2 relative residual: iterated = 2.803342e-13, true = 2.803342e-13 (requested = 1.000000e-12)
PyQUDA INFO: Time = 0.342 secs, Performance = 151.160 GFLOPS
BiCGstab: Convergence at 30 iterations, L2 relative residual: iterated = 5.861653e-13, true = 5.861653e-13 (requested = 1.000000e-12)
PyQUDA INFO: Time = 0.326 secs, Performance = 152.425 GFLOPS
BiCGstab: Convergence at 29 iterations, L2 relative residual: iterated = 8.264388e-13, true = 8.264388e-13 (requested = 1.000000e-12)
PyQUDA INFO: Time = 0.327 secs, Performance = 149.709 GFLOPS
BiCGstab: Convergence at 29 iterations, L2 relative residual: iterated = 7.351075e-13, true = 7.351075e-13 (requested = 1.000000e-12)
PyQUDA INFO: Time = 0.341 secs, Performance = 145.354 GFLOPS
BiCGstab: Convergence at 27 iterations, L2 relative residual: iterated = 8.748362e-13, true = 8.748362e-13 (requested = 1.000000e-12)
PyQUDA INFO: Time = 0.338 secs, Performance = 136.389 GFLOPS
BiCGstab: Convergence at 29 iterations, L2 relative residual: iterated = 6.023944e-13, true = 6.023944e-13 (requested = 1.000000e-12)
PyQUDA INFO: Time = 0.326 secs, Performance = 149.809 GFLOPS
BiCGstab: Convergence at 29 iterations, L2 relative residual: iterated = 4.745388e-13, true = 4.745388e-13 (requested = 1.000000e-12)
PyQUDA INFO: Time = 0.326 secs, Performance = 150.057 GFLOPS
BiCGstab: Convergence at 28 iterations, L2 relative residual: iterated = 5.288658e-13, true = 5.288658e-13 (requested = 1.000000e-12)
PyQUDA INFO: Time = 0.326 secs, Performance = 145.526 GFLOPS
BiCGstab: Convergence at 28 iterations, L2 relative residual: iterated = 5.822374e-13, true = 5.822374e-13 (requested = 1.000000e-12)
PyQUDA INFO: Time = 0.321 secs, Performance = 145.775 GFLOPS
BiCGstab: Convergence at 27 iterations, L2 relative residual: iterated = 8.845173e-13, true = 8.845173e-13 (requested = 1.000000e-12)
PyQUDA INFO: Time = 0.330 secs, Performance = 141.555 GFLOPS
BiCGstab: Convergence at 28 iterations, L2 relative residual: iterated = 9.354119e-13, true = 9.354119e-13 (requested = 1.000000e-12)
PyQUDA INFO: Time = 0.324 secs, Performance = 146.705 GFLOPS
BiCGstab: Convergence at 29 iterations, L2 relative residual: iterated = 5.189684e-13, true = 5.189684e-13 (requested = 1.000000e-12)
PyQUDA INFO: Time = 0.333 secs, Performance = 146.719 GFLOPS
BiCGstab: Convergence at 28 iterations, L2 relative residual: iterated = 3.447058e-13, true = 3.447058e-13 (requested = 1.000000e-12)
PyQUDA INFO: Time = 0.328 secs, Performance = 144.583 GFLOPS
BiCGstab: Convergence at 29 iterations, L2 relative residual: iterated = 3.546609e-13, true = 3.546609e-13 (requested = 1.000000e-12)
PyQUDA INFO: Time = 0.333 secs, Performance = 146.783 GFLOPS
BiCGstab: Convergence at 28 iterations, L2 relative residual: iterated = 7.722072e-13, true = 7.722072e-13 (requested = 1.000000e-12)
PyQUDA INFO: Time = 0.319 secs, Performance = 148.714 GFLOPS
BiCGstab: Convergence at 28 iterations, L2 relative residual: iterated = 2.813335e-13, true = 2.813335e-13 (requested = 1.000000e-12)
PyQUDA INFO: Time = 0.335 secs, Performance = 143.748 GFLOPS
BiCGstab: Convergence at 27 iterations, L2 relative residual: iterated = 8.568725e-13, true = 8.568725e-13 (requested = 1.000000e-12)
PyQUDA INFO: Time = 0.337 secs, Performance = 136.599 GFLOPS
BiCGstab: Convergence at 27 iterations, L2 relative residual: iterated = 8.376622e-13, true = 8.376622e-13 (requested = 1.000000e-12)
PyQUDA INFO: Time = 0.322 secs, Performance = 143.090 GFLOPS
BiCGstab: Convergence at 26 iterations, L2 relative residual: iterated = 9.065151e-13, true = 9.065151e-13 (requested = 1.000000e-12)
PyQUDA INFO: Time = 0.314 secs, Performance = 142.151 GFLOPS
BiCGstab: Convergence at 27 iterations, L2 relative residual: iterated = 5.565089e-13, true = 5.565089e-13 (requested = 1.000000e-12)
PyQUDA INFO: Time = 0.308 secs, Performance = 147.507 GFLOPS
BiCGstab: Convergence at 27 iterations, L2 relative residual: iterated = 5.283604e-13, true = 5.283604e-13 (requested = 1.000000e-12)
PyQUDA INFO: Time = 0.211 secs, Performance = 218.391 GFLOPS
BiCGstab: Convergence at 27 iterations, L2 relative residual: iterated = 5.798594e-13, true = 5.798594e-13 (requested = 1.000000e-12)
PyQUDA INFO: Time = 0.151 secs, Performance = 305.452 GFLOPS
BiCGstab: Convergence at 27 iterations, L2 relative residual: iterated = 4.030251e-13, true = 4.030251e-13 (requested = 1.000000e-12)
PyQUDA INFO: Time = 0.149 secs, Performance = 308.050 GFLOPS
BiCGstab: Convergence at 26 iterations, L2 relative residual: iterated = 7.839586e-13, true = 7.839586e-13 (requested = 1.000000e-12)
PyQUDA INFO: Time = 0.164 secs, Performance = 267.809 GFLOPS
BiCGstab: Convergence at 27 iterations, L2 relative residual: iterated = 7.278470e-13, true = 7.278470e-13 (requested = 1.000000e-12)
PyQUDA INFO: Time = 0.173 secs, Performance = 266.597 GFLOPS
BiCGstab: Convergence at 28 iterations, L2 relative residual: iterated = 3.204419e-13, true = 3.204419e-13 (requested = 1.000000e-12)
PyQUDA INFO: Time = 0.158 secs, Performance = 301.045 GFLOPS
BiCGstab: Convergence at 27 iterations, L2 relative residual: iterated = 5.323282e-13, true = 5.323282e-13 (requested = 1.000000e-12)
PyQUDA INFO: Time = 0.234 secs, Performance = 197.096 GFLOPS
BiCGstab: Convergence at 27 iterations, L2 relative residual: iterated = 3.231067e-13, true = 3.231067e-13 (requested = 1.000000e-12)
PyQUDA INFO: Time = 0.329 secs, Performance = 141.905 GFLOPS
BiCGstab: Convergence at 28 iterations, L2 relative residual: iterated = 3.514991e-13, true = 3.514991e-13 (requested = 1.000000e-12)
PyQUDA INFO: Time = 0.336 secs, Performance = 141.399 GFLOPS
BiCGstab: Convergence at 27 iterations, L2 relative residual: iterated = 8.144943e-13, true = 8.144943e-13 (requested = 1.000000e-12)
PyQUDA INFO: Time = 0.317 secs, Performance = 145.450 GFLOPS
BiCGstab: Convergence at 27 iterations, L2 relative residual: iterated = 7.368500e-13, true = 7.368500e-13 (requested = 1.000000e-12)
PyQUDA INFO: Time = 0.300 secs, Performance = 151.321 GFLOPS
BiCGstab: Convergence at 27 iterations, L2 relative residual: iterated = 3.823747e-13, true = 3.823747e-13 (requested = 1.000000e-12)
PyQUDA INFO: Time = 0.319 secs, Performance = 144.411 GFLOPS
BiCGstab: Convergence at 27 iterations, L2 relative residual: iterated = 9.034345e-13, true = 9.034345e-13 (requested = 1.000000e-12)
PyQUDA INFO: Time = 0.299 secs, Performance = 151.668 GFLOPS
BiCGstab: Convergence at 27 iterations, L2 relative residual: iterated = 3.956346e-13, true = 3.956346e-13 (requested = 1.000000e-12)
PyQUDA INFO: Time = 0.310 secs, Performance = 148.556 GFLOPS
BiCGstab: Convergence at 27 iterations, L2 relative residual: iterated = 5.687994e-13, true = 5.687994e-13 (requested = 1.000000e-12)
PyQUDA INFO: Time = 0.314 secs, Performance = 146.608 GFLOPS
BiCGstab: Convergence at 27 iterations, L2 relative residual: iterated = 8.471254e-13, true = 8.471254e-13 (requested = 1.000000e-12)
PyQUDA INFO: Time = 0.303 secs, Performance = 149.841 GFLOPS
BiCGstab: Convergence at 26 iterations, L2 relative residual: iterated = 9.631099e-13, true = 9.631099e-13 (requested = 1.000000e-12)
PyQUDA INFO: Time = 0.309 secs, Performance = 144.328 GFLOPS
BiCGstab: Convergence at 27 iterations, L2 relative residual: iterated = 3.954345e-13, true = 3.954345e-13 (requested = 1.000000e-12)
PyQUDA INFO: Time = 0.315 secs, Performance = 145.928 GFLOPS
BiCGstab: Convergence at 27 iterations, L2 relative residual: iterated = 6.248639e-13, true = 6.248639e-13 (requested = 1.000000e-12)
PyQUDA INFO: Time = 0.328 secs, Performance = 142.407 GFLOPS
BiCGstab: Convergence at 28 iterations, L2 relative residual: iterated = 1.521344e-13, true = 1.521344e-13 (requested = 1.000000e-12)
PyQUDA INFO: Time = 0.331 secs, Performance = 143.498 GFLOPS
Processing configurations:  40%|████      | 20/50 [04:27<07:51, 15.71s/it]BiCGstab: Convergence at 29 iterations, L2 relative residual: iterated = 5.758647e-13, true = 5.758647e-13 (requested = 1.000000e-12)
PyQUDA INFO: Time = 0.351 secs, Performance = 139.172 GFLOPS
BiCGstab: Convergence at 29 iterations, L2 relative residual: iterated = 5.168839e-13, true = 5.168839e-13 (requested = 1.000000e-12)
PyQUDA INFO: Time = 0.328 secs, Performance = 148.964 GFLOPS
BiCGstab: Convergence at 30 iterations, L2 relative residual: iterated = 4.562443e-13, true = 4.562443e-13 (requested = 1.000000e-12)
PyQUDA INFO: Time = 0.333 secs, Performance = 151.063 GFLOPS
BiCGstab: Convergence at 29 iterations, L2 relative residual: iterated = 6.044893e-13, true = 6.044893e-13 (requested = 1.000000e-12)
PyQUDA INFO: Time = 0.317 secs, Performance = 152.207 GFLOPS
BiCGstab: Convergence at 30 iterations, L2 relative residual: iterated = 7.352138e-13, true = 7.352138e-13 (requested = 1.000000e-12)
PyQUDA INFO: Time = 0.343 secs, Performance = 146.666 GFLOPS
BiCGstab: Convergence at 30 iterations, L2 relative residual: iterated = 3.779232e-13, true = 3.779232e-13 (requested = 1.000000e-12)
PyQUDA INFO: Time = 0.327 secs, Performance = 151.851 GFLOPS
BiCGstab: Convergence at 28 iterations, L2 relative residual: iterated = 9.379466e-13, true = 9.379466e-13 (requested = 1.000000e-12)
PyQUDA INFO: Time = 0.307 secs, Performance = 152.177 GFLOPS
BiCGstab: Convergence at 30 iterations, L2 relative residual: iterated = 2.728997e-13, true = 2.728997e-13 (requested = 1.000000e-12)
PyQUDA INFO: Time = 0.336 secs, Performance = 149.908 GFLOPS
BiCGstab: Convergence at 29 iterations, L2 relative residual: iterated = 5.444640e-13, true = 5.444640e-13 (requested = 1.000000e-12)
PyQUDA INFO: Time = 0.329 secs, Performance = 148.829 GFLOPS
BiCGstab: Convergence at 29 iterations, L2 relative residual: iterated = 9.147812e-13, true = 9.147812e-13 (requested = 1.000000e-12)
PyQUDA INFO: Time = 0.330 secs, Performance = 148.177 GFLOPS
BiCGstab: Convergence at 30 iterations, L2 relative residual: iterated = 4.813536e-13, true = 4.813536e-13 (requested = 1.000000e-12)
PyQUDA INFO: Time = 0.325 secs, Performance = 152.781 GFLOPS
BiCGstab: Convergence at 30 iterations, L2 relative residual: iterated = 7.675190e-13, true = 7.675190e-13 (requested = 1.000000e-12)
PyQUDA INFO: Time = 0.334 secs, Performance = 150.715 GFLOPS
BiCGstab: Convergence at 28 iterations, L2 relative residual: iterated = 9.113143e-13, true = 9.113143e-13 (requested = 1.000000e-12)
PyQUDA INFO: Time = 0.345 secs, Performance = 137.561 GFLOPS
BiCGstab: Convergence at 28 iterations, L2 relative residual: iterated = 5.711184e-13, true = 5.711184e-13 (requested = 1.000000e-12)
PyQUDA INFO: Time = 0.308 secs, Performance = 152.034 GFLOPS
BiCGstab: Convergence at 27 iterations, L2 relative residual: iterated = 7.819492e-13, true = 7.819492e-13 (requested = 1.000000e-12)
PyQUDA INFO: Time = 0.318 secs, Performance = 144.546 GFLOPS
BiCGstab: Convergence at 28 iterations, L2 relative residual: iterated = 6.165826e-13, true = 6.165826e-13 (requested = 1.000000e-12)
PyQUDA INFO: Time = 0.319 secs, Performance = 148.862 GFLOPS
BiCGstab: Convergence at 27 iterations, L2 relative residual: iterated = 8.173898e-13, true = 8.173898e-13 (requested = 1.000000e-12)
PyQUDA INFO: Time = 0.319 secs, Performance = 142.185 GFLOPS
BiCGstab: Convergence at 28 iterations, L2 relative residual: iterated = 4.290642e-13, true = 4.290642e-13 (requested = 1.000000e-12)
PyQUDA INFO: Time = 0.324 secs, Performance = 146.684 GFLOPS
BiCGstab: Convergence at 28 iterations, L2 relative residual: iterated = 7.926544e-13, true = 7.926544e-13 (requested = 1.000000e-12)
PyQUDA INFO: Time = 0.325 secs, Performance = 146.010 GFLOPS
BiCGstab: Convergence at 30 iterations, L2 relative residual: iterated = 1.089413e-13, true = 1.089413e-13 (requested = 1.000000e-12)
PyQUDA INFO: Time = 0.337 secs, Performance = 149.404 GFLOPS
BiCGstab: Convergence at 28 iterations, L2 relative residual: iterated = 6.141162e-13, true = 6.141162e-13 (requested = 1.000000e-12)
PyQUDA INFO: Time = 0.328 secs, Performance = 144.858 GFLOPS
BiCGstab: Convergence at 29 iterations, L2 relative residual: iterated = 1.221879e-13, true = 1.221879e-13 (requested = 1.000000e-12)
PyQUDA INFO: Time = 0.329 secs, Performance = 148.532 GFLOPS
BiCGstab: Convergence at 27 iterations, L2 relative residual: iterated = 8.867074e-13, true = 8.867074e-13 (requested = 1.000000e-12)
PyQUDA INFO: Time = 0.296 secs, Performance = 150.811 GFLOPS
BiCGstab: Convergence at 28 iterations, L2 relative residual: iterated = 5.728744e-13, true = 5.728744e-13 (requested = 1.000000e-12)
PyQUDA INFO: Time = 0.340 secs, Performance = 141.694 GFLOPS
BiCGstab: Convergence at 26 iterations, L2 relative residual: iterated = 8.196189e-13, true = 8.196189e-13 (requested = 1.000000e-12)
PyQUDA INFO: Time = 0.331 secs, Performance = 134.900 GFLOPS
BiCGstab: Convergence at 27 iterations, L2 relative residual: iterated = 4.071897e-13, true = 4.071897e-13 (requested = 1.000000e-12)
PyQUDA INFO: Time = 0.334 secs, Performance = 139.651 GFLOPS
BiCGstab: Convergence at 27 iterations, L2 relative residual: iterated = 4.305669e-13, true = 4.305669e-13 (requested = 1.000000e-12)
PyQUDA INFO: Time = 0.319 secs, Performance = 144.518 GFLOPS
BiCGstab: Convergence at 27 iterations, L2 relative residual: iterated = 2.976429e-13, true = 2.976429e-13 (requested = 1.000000e-12)
PyQUDA INFO: Time = 0.321 secs, Performance = 143.224 GFLOPS
BiCGstab: Convergence at 27 iterations, L2 relative residual: iterated = 6.706038e-13, true = 6.706038e-13 (requested = 1.000000e-12)
PyQUDA INFO: Time = 0.222 secs, Performance = 207.414 GFLOPS
BiCGstab: Convergence at 27 iterations, L2 relative residual: iterated = 8.146092e-13, true = 8.146092e-13 (requested = 1.000000e-12)
PyQUDA INFO: Time = 0.150 secs, Performance = 307.599 GFLOPS
BiCGstab: Convergence at 28 iterations, L2 relative residual: iterated = 9.058926e-13, true = 9.058926e-13 (requested = 1.000000e-12)
PyQUDA INFO: Time = 0.160 secs, Performance = 301.721 GFLOPS
BiCGstab: Convergence at 26 iterations, L2 relative residual: iterated = 6.761147e-13, true = 6.761147e-13 (requested = 1.000000e-12)
PyQUDA INFO: Time = 0.150 secs, Performance = 296.976 GFLOPS
BiCGstab: Convergence at 27 iterations, L2 relative residual: iterated = 3.719820e-13, true = 3.719820e-13 (requested = 1.000000e-12)
PyQUDA INFO: Time = 0.149 secs, Performance = 308.143 GFLOPS
BiCGstab: Convergence at 26 iterations, L2 relative residual: iterated = 9.354174e-13, true = 9.354174e-13 (requested = 1.000000e-12)
PyQUDA INFO: Time = 0.141 secs, Performance = 311.344 GFLOPS
BiCGstab: Convergence at 27 iterations, L2 relative residual: iterated = 5.316210e-13, true = 5.316210e-13 (requested = 1.000000e-12)
PyQUDA INFO: Time = 0.220 secs, Performance = 209.257 GFLOPS
BiCGstab: Convergence at 27 iterations, L2 relative residual: iterated = 7.246411e-13, true = 7.246411e-13 (requested = 1.000000e-12)
PyQUDA INFO: Time = 0.307 secs, Performance = 149.870 GFLOPS
BiCGstab: Convergence at 27 iterations, L2 relative residual: iterated = 3.338183e-13, true = 3.338183e-13 (requested = 1.000000e-12)
PyQUDA INFO: Time = 0.336 secs, Performance = 137.190 GFLOPS
BiCGstab: Convergence at 27 iterations, L2 relative residual: iterated = 5.725754e-13, true = 5.725754e-13 (requested = 1.000000e-12)
PyQUDA INFO: Time = 0.313 secs, Performance = 146.990 GFLOPS
BiCGstab: Convergence at 27 iterations, L2 relative residual: iterated = 5.103493e-13, true = 5.103493e-13 (requested = 1.000000e-12)
PyQUDA INFO: Time = 0.309 secs, Performance = 148.766 GFLOPS
BiCGstab: Convergence at 27 iterations, L2 relative residual: iterated = 8.930305e-13, true = 8.930305e-13 (requested = 1.000000e-12)
PyQUDA INFO: Time = 0.311 secs, Performance = 147.909 GFLOPS
BiCGstab: Convergence at 28 iterations, L2 relative residual: iterated = 2.446351e-13, true = 2.446351e-13 (requested = 1.000000e-12)
PyQUDA INFO: Time = 0.335 secs, Performance = 143.777 GFLOPS
BiCGstab: Convergence at 27 iterations, L2 relative residual: iterated = 7.754510e-13, true = 7.754510e-13 (requested = 1.000000e-12)
PyQUDA INFO: Time = 0.317 secs, Performance = 145.308 GFLOPS
BiCGstab: Convergence at 27 iterations, L2 relative residual: iterated = 8.721012e-13, true = 8.721012e-13 (requested = 1.000000e-12)
PyQUDA INFO: Time = 0.305 secs, Performance = 148.844 GFLOPS
BiCGstab: Convergence at 27 iterations, L2 relative residual: iterated = 4.946112e-13, true = 4.946112e-13 (requested = 1.000000e-12)
PyQUDA INFO: Time = 0.325 secs, Performance = 143.545 GFLOPS
BiCGstab: Convergence at 27 iterations, L2 relative residual: iterated = 6.169011e-13, true = 6.169011e-13 (requested = 1.000000e-12)
PyQUDA INFO: Time = 0.325 secs, Performance = 143.589 GFLOPS
BiCGstab: Convergence at 27 iterations, L2 relative residual: iterated = 4.633800e-13, true = 4.633800e-13 (requested = 1.000000e-12)
PyQUDA INFO: Time = 0.314 secs, Performance = 146.635 GFLOPS
BiCGstab: Convergence at 28 iterations, L2 relative residual: iterated = 2.780052e-13, true = 2.780052e-13 (requested = 1.000000e-12)
PyQUDA INFO: Time = 0.324 secs, Performance = 146.701 GFLOPS
BiCGstab: Convergence at 27 iterations, L2 relative residual: iterated = 4.035962e-13, true = 4.035962e-13 (requested = 1.000000e-12)
PyQUDA INFO: Time = 0.325 secs, Performance = 141.454 GFLOPS
Processing configurations:  42%|████▏     | 21/50 [04:43<07:35, 15.71s/it]BiCGstab: Convergence at 29 iterations, L2 relative residual: iterated = 4.454448e-13, true = 4.454448e-13 (requested = 1.000000e-12)
PyQUDA INFO: Time = 0.333 secs, Performance = 144.679 GFLOPS
BiCGstab: Convergence at 30 iterations, L2 relative residual: iterated = 3.501129e-13, true = 3.501129e-13 (requested = 1.000000e-12)
PyQUDA INFO: Time = 0.333 secs, Performance = 150.933 GFLOPS
BiCGstab: Convergence at 30 iterations, L2 relative residual: iterated = 2.495893e-13, true = 2.495893e-13 (requested = 1.000000e-12)
PyQUDA INFO: Time = 0.338 secs, Performance = 149.102 GFLOPS
BiCGstab: Convergence at 30 iterations, L2 relative residual: iterated = 8.757680e-13, true = 8.757680e-13 (requested = 1.000000e-12)
PyQUDA INFO: Time = 0.324 secs, Performance = 153.196 GFLOPS
BiCGstab: Convergence at 30 iterations, L2 relative residual: iterated = 7.321507e-13, true = 7.321507e-13 (requested = 1.000000e-12)
PyQUDA INFO: Time = 0.332 secs, Performance = 149.396 GFLOPS
BiCGstab: Convergence at 29 iterations, L2 relative residual: iterated = 7.726873e-13, true = 7.726873e-13 (requested = 1.000000e-12)
PyQUDA INFO: Time = 0.330 secs, Performance = 148.307 GFLOPS
BiCGstab: Convergence at 29 iterations, L2 relative residual: iterated = 4.346411e-13, true = 4.346411e-13 (requested = 1.000000e-12)
PyQUDA INFO: Time = 0.329 secs, Performance = 148.813 GFLOPS
BiCGstab: Convergence at 29 iterations, L2 relative residual: iterated = 8.408663e-13, true = 8.408663e-13 (requested = 1.000000e-12)
PyQUDA INFO: Time = 0.316 secs, Performance = 152.769 GFLOPS
BiCGstab: Convergence at 30 iterations, L2 relative residual: iterated = 4.146641e-13, true = 4.146641e-13 (requested = 1.000000e-12)
PyQUDA INFO: Time = 0.318 secs, Performance = 156.300 GFLOPS
BiCGstab: Convergence at 29 iterations, L2 relative residual: iterated = 5.350034e-13, true = 5.350034e-13 (requested = 1.000000e-12)
PyQUDA INFO: Time = 0.320 secs, Performance = 150.749 GFLOPS
BiCGstab: Convergence at 30 iterations, L2 relative residual: iterated = 1.825903e-13, true = 1.825903e-13 (requested = 1.000000e-12)
PyQUDA INFO: Time = 0.335 secs, Performance = 150.063 GFLOPS
BiCGstab: Convergence at 29 iterations, L2 relative residual: iterated = 6.988390e-13, true = 6.988390e-13 (requested = 1.000000e-12)
PyQUDA INFO: Time = 0.329 secs, Performance = 148.836 GFLOPS
BiCGstab: Convergence at 28 iterations, L2 relative residual: iterated = 7.618087e-13, true = 7.618087e-13 (requested = 1.000000e-12)
PyQUDA INFO: Time = 0.329 secs, Performance = 142.119 GFLOPS
BiCGstab: Convergence at 28 iterations, L2 relative residual: iterated = 6.511382e-13, true = 6.511382e-13 (requested = 1.000000e-12)
PyQUDA INFO: Time = 0.296 secs, Performance = 155.565 GFLOPS
BiCGstab: Convergence at 28 iterations, L2 relative residual: iterated = 3.687316e-13, true = 3.687316e-13 (requested = 1.000000e-12)
PyQUDA INFO: Time = 0.307 secs, Performance = 152.240 GFLOPS
BiCGstab: Convergence at 28 iterations, L2 relative residual: iterated = 3.800572e-13, true = 3.800572e-13 (requested = 1.000000e-12)
PyQUDA INFO: Time = 0.323 secs, Performance = 146.778 GFLOPS
BiCGstab: Convergence at 27 iterations, L2 relative residual: iterated = 7.695705e-13, true = 7.695705e-13 (requested = 1.000000e-12)
PyQUDA INFO: Time = 0.330 secs, Performance = 139.624 GFLOPS
BiCGstab: Convergence at 29 iterations, L2 relative residual: iterated = 2.918895e-13, true = 2.918895e-13 (requested = 1.000000e-12)
PyQUDA INFO: Time = 0.313 secs, Performance = 154.003 GFLOPS
BiCGstab: Convergence at 29 iterations, L2 relative residual: iterated = 3.683413e-13, true = 3.683413e-13 (requested = 1.000000e-12)
PyQUDA INFO: Time = 0.333 secs, Performance = 146.719 GFLOPS
BiCGstab: Convergence at 27 iterations, L2 relative residual: iterated = 9.638909e-13, true = 9.638909e-13 (requested = 1.000000e-12)
PyQUDA INFO: Time = 0.307 secs, Performance = 147.526 GFLOPS
BiCGstab: Convergence at 28 iterations, L2 relative residual: iterated = 4.665145e-13, true = 4.665145e-13 (requested = 1.000000e-12)
PyQUDA INFO: Time = 0.340 secs, Performance = 141.769 GFLOPS
BiCGstab: Convergence at 28 iterations, L2 relative residual: iterated = 6.482827e-13, true = 6.482827e-13 (requested = 1.000000e-12)
PyQUDA INFO: Time = 0.328 secs, Performance = 144.832 GFLOPS
BiCGstab: Convergence at 28 iterations, L2 relative residual: iterated = 3.743711e-13, true = 3.743711e-13 (requested = 1.000000e-12)
PyQUDA INFO: Time = 0.319 secs, Performance = 148.564 GFLOPS
BiCGstab: Convergence at 28 iterations, L2 relative residual: iterated = 5.903910e-13, true = 5.903910e-13 (requested = 1.000000e-12)
PyQUDA INFO: Time = 0.323 secs, Performance = 146.778 GFLOPS
BiCGstab: Convergence at 27 iterations, L2 relative residual: iterated = 3.283891e-13, true = 3.283891e-13 (requested = 1.000000e-12)
PyQUDA INFO: Time = 0.352 secs, Performance = 132.641 GFLOPS
BiCGstab: Convergence at 27 iterations, L2 relative residual: iterated = 5.303273e-13, true = 5.303273e-13 (requested = 1.000000e-12)
PyQUDA INFO: Time = 0.323 secs, Performance = 142.372 GFLOPS
BiCGstab: Convergence at 27 iterations, L2 relative residual: iterated = 7.221429e-13, true = 7.221429e-13 (requested = 1.000000e-12)
PyQUDA INFO: Time = 0.335 secs, Performance = 139.560 GFLOPS
BiCGstab: Convergence at 27 iterations, L2 relative residual: iterated = 3.646362e-13, true = 3.646362e-13 (requested = 1.000000e-12)
PyQUDA INFO: Time = 0.323 secs, Performance = 142.336 GFLOPS
BiCGstab: Convergence at 28 iterations, L2 relative residual: iterated = 3.809166e-13, true = 3.809166e-13 (requested = 1.000000e-12)
PyQUDA INFO: Time = 0.215 secs, Performance = 220.919 GFLOPS
BiCGstab: Convergence at 27 iterations, L2 relative residual: iterated = 4.079688e-13, true = 4.079688e-13 (requested = 1.000000e-12)
PyQUDA INFO: Time = 0.151 secs, Performance = 305.545 GFLOPS
BiCGstab: Convergence at 27 iterations, L2 relative residual: iterated = 8.293362e-13, true = 8.293362e-13 (requested = 1.000000e-12)
PyQUDA INFO: Time = 0.149 secs, Performance = 308.005 GFLOPS
BiCGstab: Convergence at 27 iterations, L2 relative residual: iterated = 9.609828e-13, true = 9.609828e-13 (requested = 1.000000e-12)
PyQUDA INFO: Time = 0.150 secs, Performance = 307.933 GFLOPS
BiCGstab: Convergence at 26 iterations, L2 relative residual: iterated = 9.473531e-13, true = 9.473531e-13 (requested = 1.000000e-12)
PyQUDA INFO: Time = 0.155 secs, Performance = 292.352 GFLOPS
BiCGstab: Convergence at 27 iterations, L2 relative residual: iterated = 3.440027e-13, true = 3.440027e-13 (requested = 1.000000e-12)
PyQUDA INFO: Time = 0.150 secs, Performance = 307.607 GFLOPS
BiCGstab: Convergence at 28 iterations, L2 relative residual: iterated = 1.759511e-13, true = 1.759511e-13 (requested = 1.000000e-12)
PyQUDA INFO: Time = 0.232 secs, Performance = 204.680 GFLOPS
BiCGstab: Convergence at 27 iterations, L2 relative residual: iterated = 4.133413e-13, true = 4.133413e-13 (requested = 1.000000e-12)
PyQUDA INFO: Time = 0.310 secs, Performance = 148.446 GFLOPS
BiCGstab: Convergence at 27 iterations, L2 relative residual: iterated = 8.694938e-13, true = 8.694938e-13 (requested = 1.000000e-12)
PyQUDA INFO: Time = 0.336 secs, Performance = 137.174 GFLOPS
BiCGstab: Convergence at 27 iterations, L2 relative residual: iterated = 4.266785e-13, true = 4.266785e-13 (requested = 1.000000e-12)
PyQUDA INFO: Time = 0.314 secs, Performance = 146.823 GFLOPS
BiCGstab: Convergence at 28 iterations, L2 relative residual: iterated = 6.112444e-13, true = 6.112444e-13 (requested = 1.000000e-12)
PyQUDA INFO: Time = 0.308 secs, Performance = 152.126 GFLOPS
BiCGstab: Convergence at 27 iterations, L2 relative residual: iterated = 4.069511e-13, true = 4.069511e-13 (requested = 1.000000e-12)
PyQUDA INFO: Time = 0.303 secs, Performance = 149.822 GFLOPS
BiCGstab: Convergence at 27 iterations, L2 relative residual: iterated = 8.260623e-13, true = 8.260623e-13 (requested = 1.000000e-12)
PyQUDA INFO: Time = 0.316 secs, Performance = 145.730 GFLOPS
BiCGstab: Convergence at 27 iterations, L2 relative residual: iterated = 6.319348e-13, true = 6.319348e-13 (requested = 1.000000e-12)
PyQUDA INFO: Time = 0.314 secs, Performance = 146.588 GFLOPS
BiCGstab: Convergence at 28 iterations, L2 relative residual: iterated = 3.371091e-13, true = 3.371091e-13 (requested = 1.000000e-12)
PyQUDA INFO: Time = 0.323 secs, Performance = 146.747 GFLOPS
BiCGstab: Convergence at 27 iterations, L2 relative residual: iterated = 8.448846e-13, true = 8.448846e-13 (requested = 1.000000e-12)
PyQUDA INFO: Time = 0.314 secs, Performance = 146.567 GFLOPS
BiCGstab: Convergence at 27 iterations, L2 relative residual: iterated = 6.780339e-13, true = 6.780339e-13 (requested = 1.000000e-12)
PyQUDA INFO: Time = 0.317 secs, Performance = 145.331 GFLOPS
BiCGstab: Convergence at 27 iterations, L2 relative residual: iterated = 5.728394e-13, true = 5.728394e-13 (requested = 1.000000e-12)
PyQUDA INFO: Time = 0.315 secs, Performance = 145.941 GFLOPS
BiCGstab: Convergence at 29 iterations, L2 relative residual: iterated = 1.208420e-13, true = 1.208420e-13 (requested = 1.000000e-12)
PyQUDA INFO: Time = 0.340 secs, Performance = 145.707 GFLOPS
BiCGstab: Convergence at 27 iterations, L2 relative residual: iterated = 4.145041e-13, true = 4.145041e-13 (requested = 1.000000e-12)
PyQUDA INFO: Time = 0.325 secs, Performance = 141.531 GFLOPS
Processing configurations:  44%|████▍     | 22/50 [04:58<07:19, 15.70s/it]BiCGstab: Convergence at 31 iterations, L2 relative residual: iterated = 2.320104e-13, true = 2.320104e-13 (requested = 1.000000e-12)
PyQUDA INFO: Time = 0.374 secs, Performance = 140.114 GFLOPS
BiCGstab: Convergence at 29 iterations, L2 relative residual: iterated = 7.053247e-13, true = 7.053247e-13 (requested = 1.000000e-12)
PyQUDA INFO: Time = 0.312 secs, Performance = 154.542 GFLOPS
BiCGstab: Convergence at 31 iterations, L2 relative residual: iterated = 4.843940e-13, true = 4.843940e-13 (requested = 1.000000e-12)
PyQUDA INFO: Time = 0.338 secs, Performance = 152.911 GFLOPS
BiCGstab: Convergence at 30 iterations, L2 relative residual: iterated = 7.164398e-13, true = 7.164398e-13 (requested = 1.000000e-12)
PyQUDA INFO: Time = 0.322 secs, Performance = 154.131 GFLOPS
BiCGstab: Convergence at 31 iterations, L2 relative residual: iterated = 9.544806e-13, true = 9.544806e-13 (requested = 1.000000e-12)
PyQUDA INFO: Time = 0.335 secs, Performance = 152.340 GFLOPS
BiCGstab: Convergence at 29 iterations, L2 relative residual: iterated = 7.542019e-13, true = 7.542019e-13 (requested = 1.000000e-12)
PyQUDA INFO: Time = 0.342 secs, Performance = 144.723 GFLOPS
BiCGstab: Convergence at 29 iterations, L2 relative residual: iterated = 5.853004e-13, true = 5.853004e-13 (requested = 1.000000e-12)
PyQUDA INFO: Time = 0.309 secs, Performance = 155.863 GFLOPS
BiCGstab: Convergence at 31 iterations, L2 relative residual: iterated = 1.701149e-13, true = 1.701149e-13 (requested = 1.000000e-12)
PyQUDA INFO: Time = 0.342 secs, Performance = 151.531 GFLOPS
BiCGstab: Convergence at 29 iterations, L2 relative residual: iterated = 9.590955e-13, true = 9.590955e-13 (requested = 1.000000e-12)
PyQUDA INFO: Time = 0.317 secs, Performance = 152.293 GFLOPS
BiCGstab: Convergence at 30 iterations, L2 relative residual: iterated = 4.844706e-13, true = 4.844706e-13 (requested = 1.000000e-12)
PyQUDA INFO: Time = 0.334 secs, Performance = 150.621 GFLOPS
BiCGstab: Convergence at 29 iterations, L2 relative residual: iterated = 9.479861e-13, true = 9.479861e-13 (requested = 1.000000e-12)
PyQUDA INFO: Time = 0.329 secs, Performance = 148.804 GFLOPS
BiCGstab: Convergence at 31 iterations, L2 relative residual: iterated = 2.373028e-13, true = 2.373028e-13 (requested = 1.000000e-12)
PyQUDA INFO: Time = 0.341 secs, Performance = 151.801 GFLOPS
BiCGstab: Convergence at 28 iterations, L2 relative residual: iterated = 4.770881e-13, true = 4.770881e-13 (requested = 1.000000e-12)
PyQUDA INFO: Time = 0.339 secs, Performance = 139.952 GFLOPS
BiCGstab: Convergence at 29 iterations, L2 relative residual: iterated = 3.111869e-13, true = 3.111869e-13 (requested = 1.000000e-12)
PyQUDA INFO: Time = 0.312 secs, Performance = 154.315 GFLOPS
BiCGstab: Convergence at 28 iterations, L2 relative residual: iterated = 7.299755e-13, true = 7.299755e-13 (requested = 1.000000e-12)
PyQUDA INFO: Time = 0.335 secs, Performance = 143.880 GFLOPS
BiCGstab: Convergence at 28 iterations, L2 relative residual: iterated = 7.778498e-13, true = 7.778498e-13 (requested = 1.000000e-12)
PyQUDA INFO: Time = 0.335 secs, Performance = 143.749 GFLOPS
BiCGstab: Convergence at 28 iterations, L2 relative residual: iterated = 5.082950e-13, true = 5.082950e-13 (requested = 1.000000e-12)
PyQUDA INFO: Time = 0.335 secs, Performance = 141.615 GFLOPS
BiCGstab: Convergence at 28 iterations, L2 relative residual: iterated = 7.855850e-13, true = 7.855850e-13 (requested = 1.000000e-12)
PyQUDA INFO: Time = 0.312 secs, Performance = 149.789 GFLOPS
BiCGstab: Convergence at 28 iterations, L2 relative residual: iterated = 7.273946e-13, true = 7.273946e-13 (requested = 1.000000e-12)
PyQUDA INFO: Time = 0.312 secs, Performance = 149.840 GFLOPS
BiCGstab: Convergence at 29 iterations, L2 relative residual: iterated = 1.818081e-13, true = 1.818081e-13 (requested = 1.000000e-12)
PyQUDA INFO: Time = 0.322 secs, Performance = 149.841 GFLOPS
BiCGstab: Convergence at 28 iterations, L2 relative residual: iterated = 6.366567e-13, true = 6.366567e-13 (requested = 1.000000e-12)
PyQUDA INFO: Time = 0.312 secs, Performance = 149.983 GFLOPS
BiCGstab: Convergence at 28 iterations, L2 relative residual: iterated = 6.699206e-13, true = 6.699206e-13 (requested = 1.000000e-12)
PyQUDA INFO: Time = 0.324 secs, Performance = 146.376 GFLOPS
BiCGstab: Convergence at 29 iterations, L2 relative residual: iterated = 4.509791e-13, true = 4.509791e-13 (requested = 1.000000e-12)
PyQUDA INFO: Time = 0.331 secs, Performance = 147.594 GFLOPS
BiCGstab: Convergence at 29 iterations, L2 relative residual: iterated = 1.390217e-13, true = 1.390217e-13 (requested = 1.000000e-12)
PyQUDA INFO: Time = 0.330 secs, Performance = 148.105 GFLOPS
BiCGstab: Convergence at 26 iterations, L2 relative residual: iterated = 9.733963e-13, true = 9.733963e-13 (requested = 1.000000e-12)
PyQUDA INFO: Time = 0.319 secs, Performance = 137.686 GFLOPS
BiCGstab: Convergence at 28 iterations, L2 relative residual: iterated = 2.626805e-13, true = 2.626805e-13 (requested = 1.000000e-12)
PyQUDA INFO: Time = 0.329 secs, Performance = 144.357 GFLOPS
BiCGstab: Convergence at 26 iterations, L2 relative residual: iterated = 8.894817e-13, true = 8.894817e-13 (requested = 1.000000e-12)
PyQUDA INFO: Time = 0.314 secs, Performance = 142.156 GFLOPS
BiCGstab: Convergence at 27 iterations, L2 relative residual: iterated = 5.668204e-13, true = 5.668204e-13 (requested = 1.000000e-12)
PyQUDA INFO: Time = 0.320 secs, Performance = 143.803 GFLOPS
BiCGstab: Convergence at 28 iterations, L2 relative residual: iterated = 2.076446e-13, true = 2.076446e-13 (requested = 1.000000e-12)
PyQUDA INFO: Time = 0.207 secs, Performance = 228.749 GFLOPS
BiCGstab: Convergence at 26 iterations, L2 relative residual: iterated = 9.373139e-13, true = 9.373139e-13 (requested = 1.000000e-12)
PyQUDA INFO: Time = 0.141 secs, Performance = 311.377 GFLOPS
BiCGstab: Convergence at 27 iterations, L2 relative residual: iterated = 2.881646e-13, true = 2.881646e-13 (requested = 1.000000e-12)
PyQUDA INFO: Time = 0.151 secs, Performance = 305.525 GFLOPS
BiCGstab: Convergence at 28 iterations, L2 relative residual: iterated = 1.596237e-13, true = 1.596237e-13 (requested = 1.000000e-12)
PyQUDA INFO: Time = 0.154 secs, Performance = 309.095 GFLOPS
BiCGstab: Convergence at 27 iterations, L2 relative residual: iterated = 4.202243e-13, true = 4.202243e-13 (requested = 1.000000e-12)
PyQUDA INFO: Time = 0.199 secs, Performance = 231.540 GFLOPS
BiCGstab: Convergence at 27 iterations, L2 relative residual: iterated = 5.562973e-13, true = 5.562973e-13 (requested = 1.000000e-12)
PyQUDA INFO: Time = 0.214 secs, Performance = 215.406 GFLOPS
BiCGstab: Convergence at 27 iterations, L2 relative residual: iterated = 9.406666e-13, true = 9.406666e-13 (requested = 1.000000e-12)
PyQUDA INFO: Time = 0.276 secs, Performance = 166.785 GFLOPS
BiCGstab: Convergence at 27 iterations, L2 relative residual: iterated = 5.260911e-13, true = 5.260911e-13 (requested = 1.000000e-12)
PyQUDA INFO: Time = 0.320 secs, Performance = 145.843 GFLOPS
BiCGstab: Convergence at 27 iterations, L2 relative residual: iterated = 3.891497e-13, true = 3.891497e-13 (requested = 1.000000e-12)
PyQUDA INFO: Time = 0.336 secs, Performance = 137.157 GFLOPS
BiCGstab: Convergence at 27 iterations, L2 relative residual: iterated = 6.534712e-13, true = 6.534712e-13 (requested = 1.000000e-12)
PyQUDA INFO: Time = 0.309 secs, Performance = 148.893 GFLOPS
BiCGstab: Convergence at 27 iterations, L2 relative residual: iterated = 7.791379e-13, true = 7.791379e-13 (requested = 1.000000e-12)
PyQUDA INFO: Time = 0.319 secs, Performance = 144.476 GFLOPS
BiCGstab: Convergence at 28 iterations, L2 relative residual: iterated = 4.651732e-13, true = 4.651732e-13 (requested = 1.000000e-12)
PyQUDA INFO: Time = 0.330 secs, Performance = 145.661 GFLOPS
BiCGstab: Convergence at 27 iterations, L2 relative residual: iterated = 4.653938e-13, true = 4.653938e-13 (requested = 1.000000e-12)
PyQUDA INFO: Time = 0.330 secs, Performance = 141.613 GFLOPS
BiCGstab: Convergence at 27 iterations, L2 relative residual: iterated = 6.418206e-13, true = 6.418206e-13 (requested = 1.000000e-12)
PyQUDA INFO: Time = 0.303 secs, Performance = 149.805 GFLOPS
BiCGstab: Convergence at 28 iterations, L2 relative residual: iterated = 4.790276e-13, true = 4.790276e-13 (requested = 1.000000e-12)
PyQUDA INFO: Time = 0.324 secs, Performance = 146.675 GFLOPS
BiCGstab: Convergence at 27 iterations, L2 relative residual: iterated = 5.333129e-13, true = 5.333129e-13 (requested = 1.000000e-12)
PyQUDA INFO: Time = 0.314 secs, Performance = 146.618 GFLOPS
BiCGstab: Convergence at 28 iterations, L2 relative residual: iterated = 3.854665e-13, true = 3.854665e-13 (requested = 1.000000e-12)
PyQUDA INFO: Time = 0.324 secs, Performance = 146.583 GFLOPS
BiCGstab: Convergence at 27 iterations, L2 relative residual: iterated = 4.799818e-13, true = 4.799818e-13 (requested = 1.000000e-12)
PyQUDA INFO: Time = 0.314 secs, Performance = 146.747 GFLOPS
BiCGstab: Convergence at 27 iterations, L2 relative residual: iterated = 4.148400e-13, true = 4.148400e-13 (requested = 1.000000e-12)
PyQUDA INFO: Time = 0.330 secs, Performance = 139.434 GFLOPS
BiCGstab: Convergence at 27 iterations, L2 relative residual: iterated = 6.800262e-13, true = 6.800262e-13 (requested = 1.000000e-12)
PyQUDA INFO: Time = 0.323 secs, Performance = 142.500 GFLOPS
Processing configurations:  46%|████▌     | 23/50 [05:14<07:05, 15.76s/it]BiCGstab: Convergence at 29 iterations, L2 relative residual: iterated = 9.522381e-13, true = 9.522381e-13 (requested = 1.000000e-12)
PyQUDA INFO: Time = 0.345 secs, Performance = 141.842 GFLOPS
BiCGstab: Convergence at 30 iterations, L2 relative residual: iterated = 3.442387e-13, true = 3.442387e-13 (requested = 1.000000e-12)
PyQUDA INFO: Time = 0.333 secs, Performance = 151.083 GFLOPS
BiCGstab: Convergence at 29 iterations, L2 relative residual: iterated = 9.973038e-13, true = 9.973038e-13 (requested = 1.000000e-12)
PyQUDA INFO: Time = 0.330 secs, Performance = 147.944 GFLOPS
BiCGstab: Convergence at 29 iterations, L2 relative residual: iterated = 5.536345e-13, true = 5.536345e-13 (requested = 1.000000e-12)
PyQUDA INFO: Time = 0.317 secs, Performance = 151.966 GFLOPS
BiCGstab: Convergence at 31 iterations, L2 relative residual: iterated = 2.175660e-13, true = 2.175660e-13 (requested = 1.000000e-12)
PyQUDA INFO: Time = 0.350 secs, Performance = 148.030 GFLOPS
BiCGstab: Convergence at 30 iterations, L2 relative residual: iterated = 5.497125e-13, true = 5.497125e-13 (requested = 1.000000e-12)
PyQUDA INFO: Time = 0.333 secs, Performance = 150.931 GFLOPS
BiCGstab: Convergence at 29 iterations, L2 relative residual: iterated = 5.340363e-13, true = 5.340363e-13 (requested = 1.000000e-12)
PyQUDA INFO: Time = 0.330 secs, Performance = 148.208 GFLOPS
BiCGstab: Convergence at 29 iterations, L2 relative residual: iterated = 6.456438e-13, true = 6.456438e-13 (requested = 1.000000e-12)
PyQUDA INFO: Time = 0.332 secs, Performance = 147.312 GFLOPS
BiCGstab: Convergence at 30 iterations, L2 relative residual: iterated = 6.118552e-13, true = 6.118552e-13 (requested = 1.000000e-12)
PyQUDA INFO: Time = 0.337 secs, Performance = 149.110 GFLOPS
BiCGstab: Convergence at 29 iterations, L2 relative residual: iterated = 6.112423e-13, true = 6.112423e-13 (requested = 1.000000e-12)
PyQUDA INFO: Time = 0.337 secs, Performance = 147.157 GFLOPS
BiCGstab: Convergence at 29 iterations, L2 relative residual: iterated = 5.864259e-13, true = 5.864259e-13 (requested = 1.000000e-12)
PyQUDA INFO: Time = 0.313 secs, Performance = 154.170 GFLOPS
BiCGstab: Convergence at 29 iterations, L2 relative residual: iterated = 5.656233e-13, true = 5.656233e-13 (requested = 1.000000e-12)
PyQUDA INFO: Time = 0.316 secs, Performance = 152.646 GFLOPS
BiCGstab: Convergence at 29 iterations, L2 relative residual: iterated = 1.502450e-13, true = 1.502450e-13 (requested = 1.000000e-12)
PyQUDA INFO: Time = 0.352 secs, Performance = 138.811 GFLOPS
BiCGstab: Convergence at 28 iterations, L2 relative residual: iterated = 2.793922e-13, true = 2.793922e-13 (requested = 1.000000e-12)
PyQUDA INFO: Time = 0.335 secs, Performance = 143.790 GFLOPS
BiCGstab: Convergence at 28 iterations, L2 relative residual: iterated = 5.557326e-13, true = 5.557326e-13 (requested = 1.000000e-12)
PyQUDA INFO: Time = 0.324 secs, Performance = 146.671 GFLOPS
BiCGstab: Convergence at 28 iterations, L2 relative residual: iterated = 4.567657e-13, true = 4.567657e-13 (requested = 1.000000e-12)
PyQUDA INFO: Time = 0.334 secs, Performance = 141.954 GFLOPS
BiCGstab: Convergence at 28 iterations, L2 relative residual: iterated = 5.826176e-13, true = 5.826176e-13 (requested = 1.000000e-12)
PyQUDA INFO: Time = 0.311 secs, Performance = 150.479 GFLOPS
BiCGstab: Convergence at 29 iterations, L2 relative residual: iterated = 1.538379e-13, true = 1.538379e-13 (requested = 1.000000e-12)
PyQUDA INFO: Time = 0.335 secs, Performance = 146.023 GFLOPS
BiCGstab: Convergence at 28 iterations, L2 relative residual: iterated = 6.376613e-13, true = 6.376613e-13 (requested = 1.000000e-12)
PyQUDA INFO: Time = 0.328 secs, Performance = 144.688 GFLOPS
BiCGstab: Convergence at 29 iterations, L2 relative residual: iterated = 3.896575e-13, true = 3.896575e-13 (requested = 1.000000e-12)
PyQUDA INFO: Time = 0.345 secs, Performance = 143.803 GFLOPS
BiCGstab: Convergence at 28 iterations, L2 relative residual: iterated = 4.189276e-13, true = 4.189276e-13 (requested = 1.000000e-12)
PyQUDA INFO: Time = 0.311 secs, Performance = 150.405 GFLOPS
BiCGstab: Convergence at 28 iterations, L2 relative residual: iterated = 8.228763e-13, true = 8.228763e-13 (requested = 1.000000e-12)
PyQUDA INFO: Time = 0.326 secs, Performance = 145.778 GFLOPS
BiCGstab: Convergence at 28 iterations, L2 relative residual: iterated = 3.222080e-13, true = 3.222080e-13 (requested = 1.000000e-12)
PyQUDA INFO: Time = 0.323 secs, Performance = 146.777 GFLOPS
BiCGstab: Convergence at 29 iterations, L2 relative residual: iterated = 2.670818e-13, true = 2.670818e-13 (requested = 1.000000e-12)
PyQUDA INFO: Time = 0.317 secs, Performance = 151.997 GFLOPS
BiCGstab: Convergence at 26 iterations, L2 relative residual: iterated = 9.208570e-13, true = 9.208570e-13 (requested = 1.000000e-12)
PyQUDA INFO: Time = 0.331 secs, Performance = 134.880 GFLOPS
BiCGstab: Convergence at 27 iterations, L2 relative residual: iterated = 4.522230e-13, true = 4.522230e-13 (requested = 1.000000e-12)
PyQUDA INFO: Time = 0.321 secs, Performance = 143.216 GFLOPS
BiCGstab: Convergence at 28 iterations, L2 relative residual: iterated = 9.501193e-13, true = 9.501193e-13 (requested = 1.000000e-12)
PyQUDA INFO: Time = 0.326 secs, Performance = 145.793 GFLOPS
BiCGstab: Convergence at 27 iterations, L2 relative residual: iterated = 8.816035e-13, true = 8.816035e-13 (requested = 1.000000e-12)
PyQUDA INFO: Time = 0.267 secs, Performance = 170.008 GFLOPS
BiCGstab: Convergence at 26 iterations, L2 relative residual: iterated = 9.745969e-13, true = 9.745969e-13 (requested = 1.000000e-12)
PyQUDA INFO: Time = 0.147 secs, Performance = 303.248 GFLOPS
BiCGstab: Convergence at 27 iterations, L2 relative residual: iterated = 4.342745e-13, true = 4.342745e-13 (requested = 1.000000e-12)
PyQUDA INFO: Time = 0.150 secs, Performance = 306.816 GFLOPS
BiCGstab: Convergence at 26 iterations, L2 relative residual: iterated = 9.760851e-13, true = 9.760851e-13 (requested = 1.000000e-12)
PyQUDA INFO: Time = 0.193 secs, Performance = 227.754 GFLOPS
BiCGstab: Convergence at 27 iterations, L2 relative residual: iterated = 7.145299e-13, true = 7.145299e-13 (requested = 1.000000e-12)
PyQUDA INFO: Time = 0.163 secs, Performance = 282.654 GFLOPS
BiCGstab: Convergence at 27 iterations, L2 relative residual: iterated = 3.515873e-13, true = 3.515873e-13 (requested = 1.000000e-12)
PyQUDA INFO: Time = 0.150 secs, Performance = 306.720 GFLOPS
BiCGstab: Convergence at 27 iterations, L2 relative residual: iterated = 3.675038e-13, true = 3.675038e-13 (requested = 1.000000e-12)
PyQUDA INFO: Time = 0.238 secs, Performance = 196.081 GFLOPS
BiCGstab: Convergence at 27 iterations, L2 relative residual: iterated = 9.153758e-13, true = 9.153758e-13 (requested = 1.000000e-12)
PyQUDA INFO: Time = 0.311 secs, Performance = 148.207 GFLOPS
BiCGstab: Convergence at 27 iterations, L2 relative residual: iterated = 5.333636e-13, true = 5.333636e-13 (requested = 1.000000e-12)
PyQUDA INFO: Time = 0.315 secs, Performance = 145.997 GFLOPS
BiCGstab: Convergence at 27 iterations, L2 relative residual: iterated = 5.337589e-13, true = 5.337589e-13 (requested = 1.000000e-12)
PyQUDA INFO: Time = 0.348 secs, Performance = 134.050 GFLOPS
BiCGstab: Convergence at 28 iterations, L2 relative residual: iterated = 2.697365e-13, true = 2.697365e-13 (requested = 1.000000e-12)
PyQUDA INFO: Time = 0.319 secs, Performance = 148.625 GFLOPS
BiCGstab: Convergence at 27 iterations, L2 relative residual: iterated = 5.605003e-13, true = 5.605003e-13 (requested = 1.000000e-12)
PyQUDA INFO: Time = 0.314 secs, Performance = 146.677 GFLOPS
BiCGstab: Convergence at 27 iterations, L2 relative residual: iterated = 7.320314e-13, true = 7.320314e-13 (requested = 1.000000e-12)
PyQUDA INFO: Time = 0.314 secs, Performance = 146.592 GFLOPS
BiCGstab: Convergence at 27 iterations, L2 relative residual: iterated = 8.766724e-13, true = 8.766724e-13 (requested = 1.000000e-12)
PyQUDA INFO: Time = 0.318 secs, Performance = 144.715 GFLOPS
BiCGstab: Convergence at 27 iterations, L2 relative residual: iterated = 4.780182e-13, true = 4.780182e-13 (requested = 1.000000e-12)
PyQUDA INFO: Time = 0.315 secs, Performance = 146.322 GFLOPS
BiCGstab: Convergence at 27 iterations, L2 relative residual: iterated = 3.903655e-13, true = 3.903655e-13 (requested = 1.000000e-12)
PyQUDA INFO: Time = 0.314 secs, Performance = 146.614 GFLOPS
BiCGstab: Convergence at 27 iterations, L2 relative residual: iterated = 9.986091e-13, true = 9.986091e-13 (requested = 1.000000e-12)
PyQUDA INFO: Time = 0.314 secs, Performance = 146.571 GFLOPS
BiCGstab: Convergence at 27 iterations, L2 relative residual: iterated = 4.035084e-13, true = 4.035084e-13 (requested = 1.000000e-12)
PyQUDA INFO: Time = 0.309 secs, Performance = 148.920 GFLOPS
BiCGstab: Convergence at 27 iterations, L2 relative residual: iterated = 4.709218e-13, true = 4.709218e-13 (requested = 1.000000e-12)
PyQUDA INFO: Time = 0.309 secs, Performance = 148.957 GFLOPS
BiCGstab: Convergence at 27 iterations, L2 relative residual: iterated = 5.580064e-13, true = 5.580064e-13 (requested = 1.000000e-12)
PyQUDA INFO: Time = 0.330 secs, Performance = 139.414 GFLOPS
BiCGstab: Convergence at 27 iterations, L2 relative residual: iterated = 6.040937e-13, true = 6.040937e-13 (requested = 1.000000e-12)
PyQUDA INFO: Time = 0.317 secs, Performance = 145.362 GFLOPS
Processing configurations:  48%|████▊     | 24/50 [05:30<06:50, 15.78s/it]BiCGstab: Convergence at 32 iterations, L2 relative residual: iterated = 2.416576e-13, true = 2.416576e-13 (requested = 1.000000e-12)
PyQUDA INFO: Time = 0.368 secs, Performance = 144.503 GFLOPS
BiCGstab: Convergence at 29 iterations, L2 relative residual: iterated = 7.101209e-13, true = 7.101209e-13 (requested = 1.000000e-12)
PyQUDA INFO: Time = 0.327 secs, Performance = 149.366 GFLOPS
BiCGstab: Convergence at 30 iterations, L2 relative residual: iterated = 9.172073e-13, true = 9.172073e-13 (requested = 1.000000e-12)
PyQUDA INFO: Time = 0.337 secs, Performance = 149.130 GFLOPS
BiCGstab: Convergence at 29 iterations, L2 relative residual: iterated = 5.313956e-13, true = 5.313956e-13 (requested = 1.000000e-12)
PyQUDA INFO: Time = 0.314 secs, Performance = 153.709 GFLOPS
BiCGstab: Convergence at 31 iterations, L2 relative residual: iterated = 4.682733e-13, true = 4.682733e-13 (requested = 1.000000e-12)
PyQUDA INFO: Time = 0.348 secs, Performance = 148.519 GFLOPS
BiCGstab: Convergence at 29 iterations, L2 relative residual: iterated = 6.098892e-13, true = 6.098892e-13 (requested = 1.000000e-12)
PyQUDA INFO: Time = 0.340 secs, Performance = 145.674 GFLOPS
BiCGstab: Convergence at 30 iterations, L2 relative residual: iterated = 6.966416e-13, true = 6.966416e-13 (requested = 1.000000e-12)
PyQUDA INFO: Time = 0.326 secs, Performance = 152.151 GFLOPS
BiCGstab: Convergence at 30 iterations, L2 relative residual: iterated = 3.966695e-13, true = 3.966695e-13 (requested = 1.000000e-12)
PyQUDA INFO: Time = 0.334 secs, Performance = 150.754 GFLOPS
BiCGstab: Convergence at 29 iterations, L2 relative residual: iterated = 6.063948e-13, true = 6.063948e-13 (requested = 1.000000e-12)
PyQUDA INFO: Time = 0.333 secs, Performance = 146.739 GFLOPS
BiCGstab: Convergence at 29 iterations, L2 relative residual: iterated = 5.177690e-13, true = 5.177690e-13 (requested = 1.000000e-12)
PyQUDA INFO: Time = 0.340 secs, Performance = 145.865 GFLOPS
BiCGstab: Convergence at 30 iterations, L2 relative residual: iterated = 4.093288e-13, true = 4.093288e-13 (requested = 1.000000e-12)
PyQUDA INFO: Time = 0.336 secs, Performance = 149.688 GFLOPS
BiCGstab: Convergence at 29 iterations, L2 relative residual: iterated = 7.293200e-13, true = 7.293200e-13 (requested = 1.000000e-12)
PyQUDA INFO: Time = 0.330 secs, Performance = 147.948 GFLOPS
BiCGstab: Convergence at 27 iterations, L2 relative residual: iterated = 9.484146e-13, true = 9.484146e-13 (requested = 1.000000e-12)
PyQUDA INFO: Time = 0.335 secs, Performance = 137.216 GFLOPS
BiCGstab: Convergence at 28 iterations, L2 relative residual: iterated = 4.474049e-13, true = 4.474049e-13 (requested = 1.000000e-12)
PyQUDA INFO: Time = 0.335 secs, Performance = 143.785 GFLOPS
BiCGstab: Convergence at 29 iterations, L2 relative residual: iterated = 7.348641e-13, true = 7.348641e-13 (requested = 1.000000e-12)
PyQUDA INFO: Time = 0.314 secs, Performance = 153.589 GFLOPS
BiCGstab: Convergence at 28 iterations, L2 relative residual: iterated = 3.294801e-13, true = 3.294801e-13 (requested = 1.000000e-12)
PyQUDA INFO: Time = 0.337 secs, Performance = 141.025 GFLOPS
BiCGstab: Convergence at 28 iterations, L2 relative residual: iterated = 4.458078e-13, true = 4.458078e-13 (requested = 1.000000e-12)
PyQUDA INFO: Time = 0.337 secs, Performance = 142.988 GFLOPS
BiCGstab: Convergence at 28 iterations, L2 relative residual: iterated = 5.535082e-13, true = 5.535082e-13 (requested = 1.000000e-12)
PyQUDA INFO: Time = 0.308 secs, Performance = 152.112 GFLOPS
BiCGstab: Convergence at 28 iterations, L2 relative residual: iterated = 2.940386e-13, true = 2.940386e-13 (requested = 1.000000e-12)
PyQUDA INFO: Time = 0.335 secs, Performance = 143.719 GFLOPS
BiCGstab: Convergence at 27 iterations, L2 relative residual: iterated = 8.057966e-13, true = 8.057966e-13 (requested = 1.000000e-12)
PyQUDA INFO: Time = 0.323 secs, Performance = 142.599 GFLOPS
BiCGstab: Convergence at 27 iterations, L2 relative residual: iterated = 7.915255e-13, true = 7.915255e-13 (requested = 1.000000e-12)
PyQUDA INFO: Time = 0.306 secs, Performance = 148.175 GFLOPS
BiCGstab: Convergence at 27 iterations, L2 relative residual: iterated = 8.666707e-13, true = 8.666707e-13 (requested = 1.000000e-12)
PyQUDA INFO: Time = 0.318 secs, Performance = 144.550 GFLOPS
BiCGstab: Convergence at 28 iterations, L2 relative residual: iterated = 3.670761e-13, true = 3.670761e-13 (requested = 1.000000e-12)
PyQUDA INFO: Time = 0.325 secs, Performance = 145.825 GFLOPS
BiCGstab: Convergence at 28 iterations, L2 relative residual: iterated = 4.233522e-13, true = 4.233522e-13 (requested = 1.000000e-12)
PyQUDA INFO: Time = 0.309 secs, Performance = 151.436 GFLOPS
BiCGstab: Convergence at 26 iterations, L2 relative residual: iterated = 9.919346e-13, true = 9.919346e-13 (requested = 1.000000e-12)
PyQUDA INFO: Time = 0.335 secs, Performance = 133.240 GFLOPS
BiCGstab: Convergence at 26 iterations, L2 relative residual: iterated = 8.561325e-13, true = 8.561325e-13 (requested = 1.000000e-12)
PyQUDA INFO: Time = 0.314 secs, Performance = 142.193 GFLOPS
BiCGstab: Convergence at 27 iterations, L2 relative residual: iterated = 4.117058e-13, true = 4.117058e-13 (requested = 1.000000e-12)
PyQUDA INFO: Time = 0.322 secs, Performance = 142.983 GFLOPS
BiCGstab: Convergence at 26 iterations, L2 relative residual: iterated = 9.713348e-13, true = 9.713348e-13 (requested = 1.000000e-12)
PyQUDA INFO: Time = 0.184 secs, Performance = 241.897 GFLOPS
BiCGstab: Convergence at 27 iterations, L2 relative residual: iterated = 4.352820e-13, true = 4.352820e-13 (requested = 1.000000e-12)
PyQUDA INFO: Time = 0.150 secs, Performance = 307.501 GFLOPS
BiCGstab: Convergence at 27 iterations, L2 relative residual: iterated = 3.646039e-13, true = 3.646039e-13 (requested = 1.000000e-12)
PyQUDA INFO: Time = 0.149 secs, Performance = 307.951 GFLOPS
BiCGstab: Convergence at 27 iterations, L2 relative residual: iterated = 6.937270e-13, true = 6.937270e-13 (requested = 1.000000e-12)
PyQUDA INFO: Time = 0.152 secs, Performance = 303.369 GFLOPS
BiCGstab: Convergence at 27 iterations, L2 relative residual: iterated = 8.660538e-13, true = 8.660538e-13 (requested = 1.000000e-12)
PyQUDA INFO: Time = 0.171 secs, Performance = 269.262 GFLOPS
BiCGstab: Convergence at 26 iterations, L2 relative residual: iterated = 8.408750e-13, true = 8.408750e-13 (requested = 1.000000e-12)
PyQUDA INFO: Time = 0.171 secs, Performance = 261.203 GFLOPS
BiCGstab: Convergence at 27 iterations, L2 relative residual: iterated = 4.653832e-13, true = 4.653832e-13 (requested = 1.000000e-12)
PyQUDA INFO: Time = 0.282 secs, Performance = 163.393 GFLOPS
BiCGstab: Convergence at 27 iterations, L2 relative residual: iterated = 9.539462e-13, true = 9.539462e-13 (requested = 1.000000e-12)
PyQUDA INFO: Time = 0.330 secs, Performance = 141.694 GFLOPS
BiCGstab: Convergence at 27 iterations, L2 relative residual: iterated = 3.095755e-13, true = 3.095755e-13 (requested = 1.000000e-12)
PyQUDA INFO: Time = 0.309 secs, Performance = 148.930 GFLOPS
BiCGstab: Convergence at 27 iterations, L2 relative residual: iterated = 5.405240e-13, true = 5.405240e-13 (requested = 1.000000e-12)
PyQUDA INFO: Time = 0.335 secs, Performance = 137.438 GFLOPS
BiCGstab: Convergence at 28 iterations, L2 relative residual: iterated = 9.217328e-13, true = 9.217328e-13 (requested = 1.000000e-12)
PyQUDA INFO: Time = 0.319 secs, Performance = 148.606 GFLOPS
BiCGstab: Convergence at 27 iterations, L2 relative residual: iterated = 6.100052e-13, true = 6.100052e-13 (requested = 1.000000e-12)
PyQUDA INFO: Time = 0.330 secs, Performance = 141.544 GFLOPS
BiCGstab: Convergence at 28 iterations, L2 relative residual: iterated = 4.067107e-13, true = 4.067107e-13 (requested = 1.000000e-12)
PyQUDA INFO: Time = 0.335 secs, Performance = 143.729 GFLOPS
BiCGstab: Convergence at 27 iterations, L2 relative residual: iterated = 5.171136e-13, true = 5.171136e-13 (requested = 1.000000e-12)
PyQUDA INFO: Time = 0.314 secs, Performance = 146.734 GFLOPS
BiCGstab: Convergence at 28 iterations, L2 relative residual: iterated = 4.905273e-13, true = 4.905273e-13 (requested = 1.000000e-12)
PyQUDA INFO: Time = 0.320 secs, Performance = 148.256 GFLOPS
BiCGstab: Convergence at 27 iterations, L2 relative residual: iterated = 8.646256e-13, true = 8.646256e-13 (requested = 1.000000e-12)
PyQUDA INFO: Time = 0.317 secs, Performance = 145.062 GFLOPS
BiCGstab: Convergence at 27 iterations, L2 relative residual: iterated = 5.499057e-13, true = 5.499057e-13 (requested = 1.000000e-12)
PyQUDA INFO: Time = 0.313 secs, Performance = 146.868 GFLOPS
BiCGstab: Convergence at 28 iterations, L2 relative residual: iterated = 2.070739e-13, true = 2.070739e-13 (requested = 1.000000e-12)
PyQUDA INFO: Time = 0.335 secs, Performance = 143.691 GFLOPS
BiCGstab: Convergence at 27 iterations, L2 relative residual: iterated = 8.744632e-13, true = 8.744632e-13 (requested = 1.000000e-12)
PyQUDA INFO: Time = 0.322 secs, Performance = 143.069 GFLOPS
BiCGstab: Convergence at 27 iterations, L2 relative residual: iterated = 6.177535e-13, true = 6.177535e-13 (requested = 1.000000e-12)
PyQUDA INFO: Time = 0.303 secs, Performance = 149.693 GFLOPS
BiCGstab: Convergence at 27 iterations, L2 relative residual: iterated = 4.318613e-13, true = 4.318613e-13 (requested = 1.000000e-12)
PyQUDA INFO: Time = 0.330 secs, Performance = 141.365 GFLOPS
Processing configurations:  50%|█████     | 25/50 [05:46<06:35, 15.80s/it]BiCGstab: Convergence at 31 iterations, L2 relative residual: iterated = 9.108874e-14, true = 9.108874e-14 (requested = 1.000000e-12)
PyQUDA INFO: Time = 0.348 secs, Performance = 146.861 GFLOPS
BiCGstab: Convergence at 29 iterations, L2 relative residual: iterated = 8.291832e-13, true = 8.291832e-13 (requested = 1.000000e-12)
PyQUDA INFO: Time = 0.328 secs, Performance = 148.908 GFLOPS
BiCGstab: Convergence at 31 iterations, L2 relative residual: iterated = 1.316088e-13, true = 1.316088e-13 (requested = 1.000000e-12)
PyQUDA INFO: Time = 0.343 secs, Performance = 150.971 GFLOPS
BiCGstab: Convergence at 30 iterations, L2 relative residual: iterated = 3.943498e-13, true = 3.943498e-13 (requested = 1.000000e-12)
PyQUDA INFO: Time = 0.330 secs, Performance = 150.293 GFLOPS
BiCGstab: Convergence at 32 iterations, L2 relative residual: iterated = 2.573897e-13, true = 2.573897e-13 (requested = 1.000000e-12)
PyQUDA INFO: Time = 0.331 secs, Performance = 158.851 GFLOPS
BiCGstab: Convergence at 29 iterations, L2 relative residual: iterated = 4.738541e-13, true = 4.738541e-13 (requested = 1.000000e-12)
PyQUDA INFO: Time = 0.329 secs, Performance = 148.825 GFLOPS
BiCGstab: Convergence at 29 iterations, L2 relative residual: iterated = 5.611938e-13, true = 5.611938e-13 (requested = 1.000000e-12)
PyQUDA INFO: Time = 0.317 secs, Performance = 151.954 GFLOPS
BiCGstab: Convergence at 30 iterations, L2 relative residual: iterated = 5.789922e-13, true = 5.789922e-13 (requested = 1.000000e-12)
PyQUDA INFO: Time = 0.333 secs, Performance = 150.897 GFLOPS
BiCGstab: Convergence at 30 iterations, L2 relative residual: iterated = 4.955151e-13, true = 4.955151e-13 (requested = 1.000000e-12)
PyQUDA INFO: Time = 0.338 secs, Performance = 148.814 GFLOPS
BiCGstab: Convergence at 29 iterations, L2 relative residual: iterated = 8.903535e-13, true = 8.903535e-13 (requested = 1.000000e-12)
PyQUDA INFO: Time = 0.327 secs, Performance = 149.742 GFLOPS
BiCGstab: Convergence at 30 iterations, L2 relative residual: iterated = 3.665749e-13, true = 3.665749e-13 (requested = 1.000000e-12)
PyQUDA INFO: Time = 0.354 secs, Performance = 143.885 GFLOPS
BiCGstab: Convergence at 29 iterations, L2 relative residual: iterated = 5.217488e-13, true = 5.217488e-13 (requested = 1.000000e-12)
PyQUDA INFO: Time = 0.317 secs, Performance = 152.123 GFLOPS
BiCGstab: Convergence at 28 iterations, L2 relative residual: iterated = 4.079451e-13, true = 4.079451e-13 (requested = 1.000000e-12)
PyQUDA INFO: Time = 0.345 secs, Performance = 137.481 GFLOPS
BiCGstab: Convergence at 28 iterations, L2 relative residual: iterated = 4.822182e-13, true = 4.822182e-13 (requested = 1.000000e-12)
PyQUDA INFO: Time = 0.330 secs, Performance = 145.803 GFLOPS
BiCGstab: Convergence at 28 iterations, L2 relative residual: iterated = 2.739893e-13, true = 2.739893e-13 (requested = 1.000000e-12)
PyQUDA INFO: Time = 0.335 secs, Performance = 141.698 GFLOPS
BiCGstab: Convergence at 28 iterations, L2 relative residual: iterated = 3.925673e-13, true = 3.925673e-13 (requested = 1.000000e-12)
PyQUDA INFO: Time = 0.312 secs, Performance = 149.882 GFLOPS
BiCGstab: Convergence at 27 iterations, L2 relative residual: iterated = 8.190164e-13, true = 8.190164e-13 (requested = 1.000000e-12)
PyQUDA INFO: Time = 0.308 secs, Performance = 147.466 GFLOPS
BiCGstab: Convergence at 29 iterations, L2 relative residual: iterated = 2.015874e-13, true = 2.015874e-13 (requested = 1.000000e-12)
PyQUDA INFO: Time = 0.331 secs, Performance = 147.538 GFLOPS
BiCGstab: Convergence at 28 iterations, L2 relative residual: iterated = 4.720841e-13, true = 4.720841e-13 (requested = 1.000000e-12)
PyQUDA INFO: Time = 0.326 secs, Performance = 145.816 GFLOPS
BiCGstab: Convergence at 28 iterations, L2 relative residual: iterated = 8.430379e-13, true = 8.430379e-13 (requested = 1.000000e-12)
PyQUDA INFO: Time = 0.319 secs, Performance = 148.781 GFLOPS
BiCGstab: Convergence at 29 iterations, L2 relative residual: iterated = 1.097459e-13, true = 1.097459e-13 (requested = 1.000000e-12)
PyQUDA INFO: Time = 0.328 secs, Performance = 148.912 GFLOPS
BiCGstab: Convergence at 28 iterations, L2 relative residual: iterated = 8.054793e-13, true = 8.054793e-13 (requested = 1.000000e-12)
PyQUDA INFO: Time = 0.312 secs, Performance = 149.969 GFLOPS
BiCGstab: Convergence at 29 iterations, L2 relative residual: iterated = 1.705275e-13, true = 1.705275e-13 (requested = 1.000000e-12)
PyQUDA INFO: Time = 0.333 secs, Performance = 146.678 GFLOPS
BiCGstab: Convergence at 29 iterations, L2 relative residual: iterated = 3.592174e-13, true = 3.592174e-13 (requested = 1.000000e-12)
PyQUDA INFO: Time = 0.328 secs, Performance = 148.916 GFLOPS
BiCGstab: Convergence at 27 iterations, L2 relative residual: iterated = 5.968713e-13, true = 5.968713e-13 (requested = 1.000000e-12)
PyQUDA INFO: Time = 0.352 secs, Performance = 132.838 GFLOPS
BiCGstab: Convergence at 27 iterations, L2 relative residual: iterated = 7.305061e-13, true = 7.305061e-13 (requested = 1.000000e-12)
PyQUDA INFO: Time = 0.315 secs, Performance = 146.354 GFLOPS
BiCGstab: Convergence at 28 iterations, L2 relative residual: iterated = 1.406323e-13, true = 1.406323e-13 (requested = 1.000000e-12)
PyQUDA INFO: Time = 0.253 secs, Performance = 190.541 GFLOPS
BiCGstab: Convergence at 26 iterations, L2 relative residual: iterated = 8.713723e-13, true = 8.713723e-13 (requested = 1.000000e-12)
PyQUDA INFO: Time = 0.147 secs, Performance = 303.024 GFLOPS
BiCGstab: Convergence at 26 iterations, L2 relative residual: iterated = 7.861774e-13, true = 7.861774e-13 (requested = 1.000000e-12)
PyQUDA INFO: Time = 0.149 secs, Performance = 300.224 GFLOPS
BiCGstab: Convergence at 27 iterations, L2 relative residual: iterated = 4.442271e-13, true = 4.442271e-13 (requested = 1.000000e-12)
PyQUDA INFO: Time = 0.150 secs, Performance = 307.064 GFLOPS
BiCGstab: Convergence at 27 iterations, L2 relative residual: iterated = 7.359116e-13, true = 7.359116e-13 (requested = 1.000000e-12)
PyQUDA INFO: Time = 0.151 secs, Performance = 304.969 GFLOPS
BiCGstab: Convergence at 27 iterations, L2 relative residual: iterated = 6.580260e-13, true = 6.580260e-13 (requested = 1.000000e-12)
PyQUDA INFO: Time = 0.151 secs, Performance = 304.448 GFLOPS
BiCGstab: Convergence at 26 iterations, L2 relative residual: iterated = 8.235914e-13, true = 8.235914e-13 (requested = 1.000000e-12)
PyQUDA INFO: Time = 0.197 secs, Performance = 225.909 GFLOPS
BiCGstab: Convergence at 27 iterations, L2 relative residual: iterated = 3.529688e-13, true = 3.529688e-13 (requested = 1.000000e-12)
PyQUDA INFO: Time = 0.315 secs, Performance = 146.138 GFLOPS
BiCGstab: Convergence at 27 iterations, L2 relative residual: iterated = 8.159383e-13, true = 8.159383e-13 (requested = 1.000000e-12)
PyQUDA INFO: Time = 0.317 secs, Performance = 145.357 GFLOPS
BiCGstab: Convergence at 27 iterations, L2 relative residual: iterated = 8.670727e-13, true = 8.670727e-13 (requested = 1.000000e-12)
PyQUDA INFO: Time = 0.315 secs, Performance = 146.027 GFLOPS
BiCGstab: Convergence at 27 iterations, L2 relative residual: iterated = 4.383668e-13, true = 4.383668e-13 (requested = 1.000000e-12)
PyQUDA INFO: Time = 0.335 secs, Performance = 137.408 GFLOPS
BiCGstab: Convergence at 27 iterations, L2 relative residual: iterated = 8.047335e-13, true = 8.047335e-13 (requested = 1.000000e-12)
PyQUDA INFO: Time = 0.315 secs, Performance = 146.359 GFLOPS
BiCGstab: Convergence at 27 iterations, L2 relative residual: iterated = 6.335277e-13, true = 6.335277e-13 (requested = 1.000000e-12)
PyQUDA INFO: Time = 0.314 secs, Performance = 146.635 GFLOPS
BiCGstab: Convergence at 27 iterations, L2 relative residual: iterated = 3.747931e-13, true = 3.747931e-13 (requested = 1.000000e-12)
PyQUDA INFO: Time = 0.303 secs, Performance = 149.810 GFLOPS
BiCGstab: Convergence at 28 iterations, L2 relative residual: iterated = 1.521697e-13, true = 1.521697e-13 (requested = 1.000000e-12)
PyQUDA INFO: Time = 0.319 secs, Performance = 148.836 GFLOPS
BiCGstab: Convergence at 27 iterations, L2 relative residual: iterated = 3.766863e-13, true = 3.766863e-13 (requested = 1.000000e-12)
PyQUDA INFO: Time = 0.318 secs, Performance = 144.725 GFLOPS
BiCGstab: Convergence at 27 iterations, L2 relative residual: iterated = 5.052217e-13, true = 5.052217e-13 (requested = 1.000000e-12)
PyQUDA INFO: Time = 0.311 secs, Performance = 147.849 GFLOPS
BiCGstab: Convergence at 27 iterations, L2 relative residual: iterated = 9.287495e-13, true = 9.287495e-13 (requested = 1.000000e-12)
PyQUDA INFO: Time = 0.312 secs, Performance = 147.399 GFLOPS
BiCGstab: Convergence at 27 iterations, L2 relative residual: iterated = 6.382362e-13, true = 6.382362e-13 (requested = 1.000000e-12)
PyQUDA INFO: Time = 0.307 secs, Performance = 147.580 GFLOPS
BiCGstab: Convergence at 27 iterations, L2 relative residual: iterated = 7.574342e-13, true = 7.574342e-13 (requested = 1.000000e-12)
PyQUDA INFO: Time = 0.330 secs, Performance = 139.384 GFLOPS
BiCGstab: Convergence at 27 iterations, L2 relative residual: iterated = 7.720073e-13, true = 7.720073e-13 (requested = 1.000000e-12)
PyQUDA INFO: Time = 0.314 secs, Performance = 146.608 GFLOPS
BiCGstab: Convergence at 28 iterations, L2 relative residual: iterated = 1.806651e-13, true = 1.806651e-13 (requested = 1.000000e-12)
PyQUDA INFO: Time = 0.340 secs, Performance = 141.771 GFLOPS
Processing configurations:  52%|█████▏    | 26/50 [06:02<06:18, 15.79s/it]BiCGstab: Convergence at 29 iterations, L2 relative residual: iterated = 9.250049e-13, true = 9.250049e-13 (requested = 1.000000e-12)
PyQUDA INFO: Time = 0.349 secs, Performance = 139.967 GFLOPS
BiCGstab: Convergence at 30 iterations, L2 relative residual: iterated = 3.486831e-13, true = 3.486831e-13 (requested = 1.000000e-12)
PyQUDA INFO: Time = 0.348 secs, Performance = 146.341 GFLOPS
BiCGstab: Convergence at 30 iterations, L2 relative residual: iterated = 4.210727e-13, true = 4.210727e-13 (requested = 1.000000e-12)
PyQUDA INFO: Time = 0.345 secs, Performance = 147.738 GFLOPS
BiCGstab: Convergence at 30 iterations, L2 relative residual: iterated = 8.479676e-13, true = 8.479676e-13 (requested = 1.000000e-12)
PyQUDA INFO: Time = 0.343 secs, Performance = 146.717 GFLOPS
BiCGstab: Convergence at 29 iterations, L2 relative residual: iterated = 6.317324e-13, true = 6.317324e-13 (requested = 1.000000e-12)
PyQUDA INFO: Time = 0.314 secs, Performance = 153.375 GFLOPS
BiCGstab: Convergence at 30 iterations, L2 relative residual: iterated = 5.343297e-13, true = 5.343297e-13 (requested = 1.000000e-12)
PyQUDA INFO: Time = 0.335 secs, Performance = 150.272 GFLOPS
BiCGstab: Convergence at 29 iterations, L2 relative residual: iterated = 5.032059e-13, true = 5.032059e-13 (requested = 1.000000e-12)
PyQUDA INFO: Time = 0.332 secs, Performance = 147.367 GFLOPS
BiCGstab: Convergence at 29 iterations, L2 relative residual: iterated = 5.828088e-13, true = 5.828088e-13 (requested = 1.000000e-12)
PyQUDA INFO: Time = 0.317 secs, Performance = 152.198 GFLOPS
BiCGstab: Convergence at 29 iterations, L2 relative residual: iterated = 5.455667e-13, true = 5.455667e-13 (requested = 1.000000e-12)
PyQUDA INFO: Time = 0.332 secs, Performance = 147.417 GFLOPS
BiCGstab: Convergence at 29 iterations, L2 relative residual: iterated = 5.363747e-13, true = 5.363747e-13 (requested = 1.000000e-12)
PyQUDA INFO: Time = 0.319 secs, Performance = 151.056 GFLOPS
BiCGstab: Convergence at 29 iterations, L2 relative residual: iterated = 6.273192e-13, true = 6.273192e-13 (requested = 1.000000e-12)
PyQUDA INFO: Time = 0.343 secs, Performance = 144.481 GFLOPS
BiCGstab: Convergence at 30 iterations, L2 relative residual: iterated = 3.641850e-13, true = 3.641850e-13 (requested = 1.000000e-12)
PyQUDA INFO: Time = 0.338 secs, Performance = 149.018 GFLOPS
BiCGstab: Convergence at 29 iterations, L2 relative residual: iterated = 3.565307e-13, true = 3.565307e-13 (requested = 1.000000e-12)
PyQUDA INFO: Time = 0.346 secs, Performance = 141.314 GFLOPS
BiCGstab: Convergence at 28 iterations, L2 relative residual: iterated = 3.236277e-13, true = 3.236277e-13 (requested = 1.000000e-12)
PyQUDA INFO: Time = 0.326 secs, Performance = 145.443 GFLOPS
BiCGstab: Convergence at 28 iterations, L2 relative residual: iterated = 4.217350e-13, true = 4.217350e-13 (requested = 1.000000e-12)
PyQUDA INFO: Time = 0.337 secs, Performance = 141.042 GFLOPS
BiCGstab: Convergence at 29 iterations, L2 relative residual: iterated = 1.736171e-13, true = 1.736171e-13 (requested = 1.000000e-12)
PyQUDA INFO: Time = 0.345 secs, Performance = 143.670 GFLOPS
BiCGstab: Convergence at 28 iterations, L2 relative residual: iterated = 6.428079e-13, true = 6.428079e-13 (requested = 1.000000e-12)
PyQUDA INFO: Time = 0.324 secs, Performance = 146.695 GFLOPS
BiCGstab: Convergence at 29 iterations, L2 relative residual: iterated = 5.440418e-13, true = 5.440418e-13 (requested = 1.000000e-12)
PyQUDA INFO: Time = 0.317 secs, Performance = 151.957 GFLOPS
BiCGstab: Convergence at 29 iterations, L2 relative residual: iterated = 8.811425e-13, true = 8.811425e-13 (requested = 1.000000e-12)
PyQUDA INFO: Time = 0.328 secs, Performance = 148.857 GFLOPS
BiCGstab: Convergence at 28 iterations, L2 relative residual: iterated = 5.447850e-13, true = 5.447850e-13 (requested = 1.000000e-12)
PyQUDA INFO: Time = 0.324 secs, Performance = 146.652 GFLOPS
BiCGstab: Convergence at 28 iterations, L2 relative residual: iterated = 3.567625e-13, true = 3.567625e-13 (requested = 1.000000e-12)
PyQUDA INFO: Time = 0.323 secs, Performance = 146.776 GFLOPS
BiCGstab: Convergence at 27 iterations, L2 relative residual: iterated = 7.187251e-13, true = 7.187251e-13 (requested = 1.000000e-12)
PyQUDA INFO: Time = 0.296 secs, Performance = 150.878 GFLOPS
BiCGstab: Convergence at 28 iterations, L2 relative residual: iterated = 8.802186e-13, true = 8.802186e-13 (requested = 1.000000e-12)
PyQUDA INFO: Time = 0.308 secs, Performance = 152.075 GFLOPS
BiCGstab: Convergence at 28 iterations, L2 relative residual: iterated = 5.719834e-13, true = 5.719834e-13 (requested = 1.000000e-12)
PyQUDA INFO: Time = 0.324 secs, Performance = 146.687 GFLOPS
BiCGstab: Convergence at 26 iterations, L2 relative residual: iterated = 7.790968e-13, true = 7.790968e-13 (requested = 1.000000e-12)
PyQUDA INFO: Time = 0.331 secs, Performance = 134.903 GFLOPS
BiCGstab: Convergence at 29 iterations, L2 relative residual: iterated = 7.799065e-14, true = 7.799065e-14 (requested = 1.000000e-12)
PyQUDA INFO: Time = 0.333 secs, Performance = 146.725 GFLOPS
BiCGstab: Convergence at 27 iterations, L2 relative residual: iterated = 3.190240e-13, true = 3.190240e-13 (requested = 1.000000e-12)
PyQUDA INFO: Time = 0.240 secs, Performance = 191.636 GFLOPS
BiCGstab: Convergence at 26 iterations, L2 relative residual: iterated = 8.268271e-13, true = 8.268271e-13 (requested = 1.000000e-12)
PyQUDA INFO: Time = 0.156 secs, Performance = 290.026 GFLOPS
BiCGstab: Convergence at 27 iterations, L2 relative residual: iterated = 4.477209e-13, true = 4.477209e-13 (requested = 1.000000e-12)
PyQUDA INFO: Time = 0.148 secs, Performance = 310.764 GFLOPS
BiCGstab: Convergence at 26 iterations, L2 relative residual: iterated = 7.821477e-13, true = 7.821477e-13 (requested = 1.000000e-12)
PyQUDA INFO: Time = 0.148 secs, Performance = 300.713 GFLOPS
BiCGstab: Convergence at 27 iterations, L2 relative residual: iterated = 7.106634e-13, true = 7.106634e-13 (requested = 1.000000e-12)
PyQUDA INFO: Time = 0.157 secs, Performance = 296.988 GFLOPS
BiCGstab: Convergence at 27 iterations, L2 relative residual: iterated = 4.013387e-13, true = 4.013387e-13 (requested = 1.000000e-12)
PyQUDA INFO: Time = 0.153 secs, Performance = 300.227 GFLOPS
BiCGstab: Convergence at 27 iterations, L2 relative residual: iterated = 6.047843e-13, true = 6.047843e-13 (requested = 1.000000e-12)
PyQUDA INFO: Time = 0.203 secs, Performance = 222.966 GFLOPS
BiCGstab: Convergence at 27 iterations, L2 relative residual: iterated = 3.359550e-13, true = 3.359550e-13 (requested = 1.000000e-12)
PyQUDA INFO: Time = 0.315 secs, Performance = 145.945 GFLOPS
BiCGstab: Convergence at 26 iterations, L2 relative residual: iterated = 7.989013e-13, true = 7.989013e-13 (requested = 1.000000e-12)
PyQUDA INFO: Time = 0.310 secs, Performance = 144.080 GFLOPS
BiCGstab: Convergence at 27 iterations, L2 relative residual: iterated = 5.231759e-13, true = 5.231759e-13 (requested = 1.000000e-12)
PyQUDA INFO: Time = 0.315 secs, Performance = 146.030 GFLOPS
BiCGstab: Convergence at 26 iterations, L2 relative residual: iterated = 8.811344e-13, true = 8.811344e-13 (requested = 1.000000e-12)
PyQUDA INFO: Time = 0.315 secs, Performance = 139.593 GFLOPS
BiCGstab: Convergence at 27 iterations, L2 relative residual: iterated = 4.573585e-13, true = 4.573585e-13 (requested = 1.000000e-12)
PyQUDA INFO: Time = 0.319 secs, Performance = 144.463 GFLOPS
BiCGstab: Convergence at 27 iterations, L2 relative residual: iterated = 7.908982e-13, true = 7.908982e-13 (requested = 1.000000e-12)
PyQUDA INFO: Time = 0.314 secs, Performance = 146.694 GFLOPS
BiCGstab: Convergence at 27 iterations, L2 relative residual: iterated = 4.648223e-13, true = 4.648223e-13 (requested = 1.000000e-12)
PyQUDA INFO: Time = 0.313 secs, Performance = 146.886 GFLOPS
BiCGstab: Convergence at 27 iterations, L2 relative residual: iterated = 4.333916e-13, true = 4.333916e-13 (requested = 1.000000e-12)
PyQUDA INFO: Time = 0.310 secs, Performance = 148.586 GFLOPS
BiCGstab: Convergence at 27 iterations, L2 relative residual: iterated = 7.089079e-13, true = 7.089079e-13 (requested = 1.000000e-12)
PyQUDA INFO: Time = 0.319 secs, Performance = 144.425 GFLOPS
BiCGstab: Convergence at 27 iterations, L2 relative residual: iterated = 4.453552e-13, true = 4.453552e-13 (requested = 1.000000e-12)
PyQUDA INFO: Time = 0.303 secs, Performance = 149.840 GFLOPS
BiCGstab: Convergence at 28 iterations, L2 relative residual: iterated = 2.424865e-13, true = 2.424865e-13 (requested = 1.000000e-12)
PyQUDA INFO: Time = 0.321 secs, Performance = 147.668 GFLOPS
BiCGstab: Convergence at 27 iterations, L2 relative residual: iterated = 3.971228e-13, true = 3.971228e-13 (requested = 1.000000e-12)
PyQUDA INFO: Time = 0.315 secs, Performance = 145.986 GFLOPS
BiCGstab: Convergence at 26 iterations, L2 relative residual: iterated = 8.835606e-13, true = 8.835606e-13 (requested = 1.000000e-12)
PyQUDA INFO: Time = 0.319 secs, Performance = 139.736 GFLOPS
BiCGstab: Convergence at 26 iterations, L2 relative residual: iterated = 9.615724e-13, true = 9.615724e-13 (requested = 1.000000e-12)
PyQUDA INFO: Time = 0.311 secs, Performance = 143.460 GFLOPS
BiCGstab: Convergence at 27 iterations, L2 relative residual: iterated = 9.064060e-13, true = 9.064060e-13 (requested = 1.000000e-12)
PyQUDA INFO: Time = 0.314 secs, Performance = 146.642 GFLOPS
Processing configurations:  54%|█████▍    | 27/50 [06:17<06:02, 15.75s/it]BiCGstab: Convergence at 29 iterations, L2 relative residual: iterated = 5.236655e-13, true = 5.236655e-13 (requested = 1.000000e-12)
PyQUDA INFO: Time = 0.345 secs, Performance = 141.864 GFLOPS
BiCGstab: Convergence at 30 iterations, L2 relative residual: iterated = 6.747795e-13, true = 6.747795e-13 (requested = 1.000000e-12)
PyQUDA INFO: Time = 0.333 secs, Performance = 151.072 GFLOPS
BiCGstab: Convergence at 30 iterations, L2 relative residual: iterated = 6.039912e-13, true = 6.039912e-13 (requested = 1.000000e-12)
PyQUDA INFO: Time = 0.333 secs, Performance = 150.998 GFLOPS
BiCGstab: Convergence at 29 iterations, L2 relative residual: iterated = 8.216955e-13, true = 8.216955e-13 (requested = 1.000000e-12)
PyQUDA INFO: Time = 0.340 secs, Performance = 143.770 GFLOPS
BiCGstab: Convergence at 29 iterations, L2 relative residual: iterated = 5.929967e-13, true = 5.929967e-13 (requested = 1.000000e-12)
PyQUDA INFO: Time = 0.304 secs, Performance = 156.464 GFLOPS
BiCGstab: Convergence at 30 iterations, L2 relative residual: iterated = 4.698928e-13, true = 4.698928e-13 (requested = 1.000000e-12)
PyQUDA INFO: Time = 0.335 secs, Performance = 150.096 GFLOPS
BiCGstab: Convergence at 29 iterations, L2 relative residual: iterated = 9.695708e-13, true = 9.695708e-13 (requested = 1.000000e-12)
PyQUDA INFO: Time = 0.327 secs, Performance = 149.718 GFLOPS
BiCGstab: Convergence at 29 iterations, L2 relative residual: iterated = 8.086875e-13, true = 8.086875e-13 (requested = 1.000000e-12)
PyQUDA INFO: Time = 0.332 secs, Performance = 147.383 GFLOPS
BiCGstab: Convergence at 29 iterations, L2 relative residual: iterated = 9.830523e-13, true = 9.830523e-13 (requested = 1.000000e-12)
PyQUDA INFO: Time = 0.320 secs, Performance = 150.700 GFLOPS
BiCGstab: Convergence at 29 iterations, L2 relative residual: iterated = 7.350069e-13, true = 7.350069e-13 (requested = 1.000000e-12)
PyQUDA INFO: Time = 0.329 secs, Performance = 148.504 GFLOPS
BiCGstab: Convergence at 29 iterations, L2 relative residual: iterated = 6.414097e-13, true = 6.414097e-13 (requested = 1.000000e-12)
PyQUDA INFO: Time = 0.347 secs, Performance = 142.928 GFLOPS
BiCGstab: Convergence at 30 iterations, L2 relative residual: iterated = 5.379334e-13, true = 5.379334e-13 (requested = 1.000000e-12)
PyQUDA INFO: Time = 0.336 secs, Performance = 149.616 GFLOPS
BiCGstab: Convergence at 27 iterations, L2 relative residual: iterated = 9.557362e-13, true = 9.557362e-13 (requested = 1.000000e-12)
PyQUDA INFO: Time = 0.334 secs, Performance = 137.767 GFLOPS
BiCGstab: Convergence at 27 iterations, L2 relative residual: iterated = 8.477910e-13, true = 8.477910e-13 (requested = 1.000000e-12)
PyQUDA INFO: Time = 0.319 secs, Performance = 144.483 GFLOPS
BiCGstab: Convergence at 29 iterations, L2 relative residual: iterated = 1.819253e-13, true = 1.819253e-13 (requested = 1.000000e-12)
PyQUDA INFO: Time = 0.340 secs, Performance = 143.790 GFLOPS
BiCGstab: Convergence at 29 iterations, L2 relative residual: iterated = 3.694737e-13, true = 3.694737e-13 (requested = 1.000000e-12)
PyQUDA INFO: Time = 0.333 secs, Performance = 146.746 GFLOPS
BiCGstab: Convergence at 29 iterations, L2 relative residual: iterated = 4.648453e-13, true = 4.648453e-13 (requested = 1.000000e-12)
PyQUDA INFO: Time = 0.333 secs, Performance = 146.725 GFLOPS
BiCGstab: Convergence at 28 iterations, L2 relative residual: iterated = 8.304467e-13, true = 8.304467e-13 (requested = 1.000000e-12)
PyQUDA INFO: Time = 0.324 secs, Performance = 146.674 GFLOPS
BiCGstab: Convergence at 29 iterations, L2 relative residual: iterated = 3.548401e-13, true = 3.548401e-13 (requested = 1.000000e-12)
PyQUDA INFO: Time = 0.333 secs, Performance = 146.804 GFLOPS
BiCGstab: Convergence at 29 iterations, L2 relative residual: iterated = 1.921937e-13, true = 1.921937e-13 (requested = 1.000000e-12)
PyQUDA INFO: Time = 0.340 secs, Performance = 145.856 GFLOPS
BiCGstab: Convergence at 28 iterations, L2 relative residual: iterated = 8.767205e-13, true = 8.767205e-13 (requested = 1.000000e-12)
PyQUDA INFO: Time = 0.328 secs, Performance = 144.652 GFLOPS
BiCGstab: Convergence at 28 iterations, L2 relative residual: iterated = 7.675268e-13, true = 7.675268e-13 (requested = 1.000000e-12)
PyQUDA INFO: Time = 0.312 secs, Performance = 149.811 GFLOPS
BiCGstab: Convergence at 27 iterations, L2 relative residual: iterated = 9.426048e-13, true = 9.426048e-13 (requested = 1.000000e-12)
PyQUDA INFO: Time = 0.308 secs, Performance = 147.516 GFLOPS
BiCGstab: Convergence at 28 iterations, L2 relative residual: iterated = 7.734302e-13, true = 7.734302e-13 (requested = 1.000000e-12)
PyQUDA INFO: Time = 0.324 secs, Performance = 146.720 GFLOPS
BiCGstab: Convergence at 26 iterations, L2 relative residual: iterated = 8.386240e-13, true = 8.386240e-13 (requested = 1.000000e-12)
PyQUDA INFO: Time = 0.331 secs, Performance = 134.867 GFLOPS
BiCGstab: Convergence at 27 iterations, L2 relative residual: iterated = 5.672723e-13, true = 5.672723e-13 (requested = 1.000000e-12)
PyQUDA INFO: Time = 0.319 secs, Performance = 144.487 GFLOPS
BiCGstab: Convergence at 26 iterations, L2 relative residual: iterated = 8.673007e-13, true = 8.673007e-13 (requested = 1.000000e-12)
PyQUDA INFO: Time = 0.236 secs, Performance = 185.911 GFLOPS
BiCGstab: Convergence at 27 iterations, L2 relative residual: iterated = 3.942255e-13, true = 3.942255e-13 (requested = 1.000000e-12)
PyQUDA INFO: Time = 0.150 secs, Performance = 307.813 GFLOPS
BiCGstab: Convergence at 27 iterations, L2 relative residual: iterated = 3.949137e-13, true = 3.949137e-13 (requested = 1.000000e-12)
PyQUDA INFO: Time = 0.150 secs, Performance = 306.671 GFLOPS
BiCGstab: Convergence at 27 iterations, L2 relative residual: iterated = 3.889941e-13, true = 3.889941e-13 (requested = 1.000000e-12)
PyQUDA INFO: Time = 0.150 secs, Performance = 306.573 GFLOPS
BiCGstab: Convergence at 27 iterations, L2 relative residual: iterated = 3.754162e-13, true = 3.754162e-13 (requested = 1.000000e-12)
PyQUDA INFO: Time = 0.221 secs, Performance = 207.943 GFLOPS
BiCGstab: Convergence at 27 iterations, L2 relative residual: iterated = 8.669781e-13, true = 8.669781e-13 (requested = 1.000000e-12)
PyQUDA INFO: Time = 0.207 secs, Performance = 225.941 GFLOPS
BiCGstab: Convergence at 27 iterations, L2 relative residual: iterated = 2.597234e-13, true = 2.597234e-13 (requested = 1.000000e-12)
PyQUDA INFO: Time = 0.296 secs, Performance = 157.882 GFLOPS
BiCGstab: Convergence at 28 iterations, L2 relative residual: iterated = 6.895723e-13, true = 6.895723e-13 (requested = 1.000000e-12)
PyQUDA INFO: Time = 0.319 secs, Performance = 148.940 GFLOPS
BiCGstab: Convergence at 27 iterations, L2 relative residual: iterated = 5.357301e-13, true = 5.357301e-13 (requested = 1.000000e-12)
PyQUDA INFO: Time = 0.318 secs, Performance = 144.777 GFLOPS
BiCGstab: Convergence at 26 iterations, L2 relative residual: iterated = 9.079707e-13, true = 9.079707e-13 (requested = 1.000000e-12)
PyQUDA INFO: Time = 0.294 secs, Performance = 149.649 GFLOPS
BiCGstab: Convergence at 27 iterations, L2 relative residual: iterated = 3.322391e-13, true = 3.322391e-13 (requested = 1.000000e-12)
PyQUDA INFO: Time = 0.331 secs, Performance = 138.904 GFLOPS
BiCGstab: Convergence at 27 iterations, L2 relative residual: iterated = 6.340513e-13, true = 6.340513e-13 (requested = 1.000000e-12)
PyQUDA INFO: Time = 0.312 secs, Performance = 147.519 GFLOPS
BiCGstab: Convergence at 27 iterations, L2 relative residual: iterated = 7.825566e-13, true = 7.825566e-13 (requested = 1.000000e-12)
PyQUDA INFO: Time = 0.316 secs, Performance = 145.725 GFLOPS
BiCGstab: Convergence at 27 iterations, L2 relative residual: iterated = 7.798757e-13, true = 7.798757e-13 (requested = 1.000000e-12)
PyQUDA INFO: Time = 0.319 secs, Performance = 144.450 GFLOPS
BiCGstab: Convergence at 28 iterations, L2 relative residual: iterated = 3.219165e-13, true = 3.219165e-13 (requested = 1.000000e-12)
PyQUDA INFO: Time = 0.319 secs, Performance = 148.941 GFLOPS
BiCGstab: Convergence at 27 iterations, L2 relative residual: iterated = 3.552437e-13, true = 3.552437e-13 (requested = 1.000000e-12)
PyQUDA INFO: Time = 0.312 secs, Performance = 147.419 GFLOPS
BiCGstab: Convergence at 28 iterations, L2 relative residual: iterated = 1.960188e-13, true = 1.960188e-13 (requested = 1.000000e-12)
PyQUDA INFO: Time = 0.320 secs, Performance = 148.276 GFLOPS
BiCGstab: Convergence at 27 iterations, L2 relative residual: iterated = 8.931893e-13, true = 8.931893e-13 (requested = 1.000000e-12)
PyQUDA INFO: Time = 0.326 secs, Performance = 143.380 GFLOPS
BiCGstab: Convergence at 27 iterations, L2 relative residual: iterated = 9.236029e-13, true = 9.236029e-13 (requested = 1.000000e-12)
PyQUDA INFO: Time = 0.329 secs, Performance = 139.719 GFLOPS
BiCGstab: Convergence at 27 iterations, L2 relative residual: iterated = 9.348049e-13, true = 9.348049e-13 (requested = 1.000000e-12)
PyQUDA INFO: Time = 0.311 secs, Performance = 147.941 GFLOPS
BiCGstab: Convergence at 27 iterations, L2 relative residual: iterated = 6.913397e-13, true = 6.913397e-13 (requested = 1.000000e-12)
PyQUDA INFO: Time = 0.332 secs, Performance = 140.801 GFLOPS
BiCGstab: Convergence at 27 iterations, L2 relative residual: iterated = 4.017927e-13, true = 4.017927e-13 (requested = 1.000000e-12)
PyQUDA INFO: Time = 0.313 secs, Performance = 147.233 GFLOPS
Processing configurations:  56%|█████▌    | 28/50 [06:33<05:47, 15.81s/it]BiCGstab: Convergence at 29 iterations, L2 relative residual: iterated = 8.849839e-13, true = 8.849839e-13 (requested = 1.000000e-12)
PyQUDA INFO: Time = 0.350 secs, Performance = 139.685 GFLOPS
BiCGstab: Convergence at 30 iterations, L2 relative residual: iterated = 2.876114e-13, true = 2.876114e-13 (requested = 1.000000e-12)
PyQUDA INFO: Time = 0.346 secs, Performance = 147.456 GFLOPS
BiCGstab: Convergence at 30 iterations, L2 relative residual: iterated = 6.831139e-13, true = 6.831139e-13 (requested = 1.000000e-12)
PyQUDA INFO: Time = 0.332 secs, Performance = 149.435 GFLOPS
BiCGstab: Convergence at 29 iterations, L2 relative residual: iterated = 7.771727e-13, true = 7.771727e-13 (requested = 1.000000e-12)
PyQUDA INFO: Time = 0.313 secs, Performance = 154.287 GFLOPS
BiCGstab: Convergence at 29 iterations, L2 relative residual: iterated = 8.387939e-13, true = 8.387939e-13 (requested = 1.000000e-12)
PyQUDA INFO: Time = 0.329 secs, Performance = 148.819 GFLOPS
BiCGstab: Convergence at 30 iterations, L2 relative residual: iterated = 7.754178e-13, true = 7.754178e-13 (requested = 1.000000e-12)
PyQUDA INFO: Time = 0.326 secs, Performance = 152.159 GFLOPS
BiCGstab: Convergence at 30 iterations, L2 relative residual: iterated = 4.366412e-13, true = 4.366412e-13 (requested = 1.000000e-12)
PyQUDA INFO: Time = 0.323 secs, Performance = 153.856 GFLOPS
BiCGstab: Convergence at 29 iterations, L2 relative residual: iterated = 4.747476e-13, true = 4.747476e-13 (requested = 1.000000e-12)
PyQUDA INFO: Time = 0.312 secs, Performance = 154.318 GFLOPS
BiCGstab: Convergence at 31 iterations, L2 relative residual: iterated = 6.107021e-13, true = 6.107021e-13 (requested = 1.000000e-12)
PyQUDA INFO: Time = 0.340 secs, Performance = 152.311 GFLOPS
BiCGstab: Convergence at 29 iterations, L2 relative residual: iterated = 8.218269e-13, true = 8.218269e-13 (requested = 1.000000e-12)
PyQUDA INFO: Time = 0.332 secs, Performance = 147.342 GFLOPS
BiCGstab: Convergence at 29 iterations, L2 relative residual: iterated = 6.320579e-13, true = 6.320579e-13 (requested = 1.000000e-12)
PyQUDA INFO: Time = 0.333 secs, Performance = 146.803 GFLOPS
BiCGstab: Convergence at 31 iterations, L2 relative residual: iterated = 1.242389e-13, true = 1.242389e-13 (requested = 1.000000e-12)
PyQUDA INFO: Time = 0.341 secs, Performance = 151.763 GFLOPS
BiCGstab: Convergence at 28 iterations, L2 relative residual: iterated = 3.088799e-13, true = 3.088799e-13 (requested = 1.000000e-12)
PyQUDA INFO: Time = 0.328 secs, Performance = 142.813 GFLOPS
BiCGstab: Convergence at 30 iterations, L2 relative residual: iterated = 3.266112e-13, true = 3.266112e-13 (requested = 1.000000e-12)
PyQUDA INFO: Time = 0.334 secs, Performance = 150.881 GFLOPS
BiCGstab: Convergence at 29 iterations, L2 relative residual: iterated = 4.700708e-13, true = 4.700708e-13 (requested = 1.000000e-12)
PyQUDA INFO: Time = 0.340 secs, Performance = 143.806 GFLOPS
BiCGstab: Convergence at 28 iterations, L2 relative residual: iterated = 8.478104e-13, true = 8.478104e-13 (requested = 1.000000e-12)
PyQUDA INFO: Time = 0.328 secs, Performance = 144.522 GFLOPS
BiCGstab: Convergence at 29 iterations, L2 relative residual: iterated = 1.998412e-13, true = 1.998412e-13 (requested = 1.000000e-12)
PyQUDA INFO: Time = 0.333 secs, Performance = 146.724 GFLOPS
BiCGstab: Convergence at 29 iterations, L2 relative residual: iterated = 4.787661e-13, true = 4.787661e-13 (requested = 1.000000e-12)
PyQUDA INFO: Time = 0.333 secs, Performance = 146.723 GFLOPS
BiCGstab: Convergence at 28 iterations, L2 relative residual: iterated = 3.230892e-13, true = 3.230892e-13 (requested = 1.000000e-12)
PyQUDA INFO: Time = 0.324 secs, Performance = 146.669 GFLOPS
BiCGstab: Convergence at 29 iterations, L2 relative residual: iterated = 2.081220e-13, true = 2.081220e-13 (requested = 1.000000e-12)
PyQUDA INFO: Time = 0.317 secs, Performance = 152.109 GFLOPS
BiCGstab: Convergence at 28 iterations, L2 relative residual: iterated = 8.128376e-13, true = 8.128376e-13 (requested = 1.000000e-12)
PyQUDA INFO: Time = 0.324 secs, Performance = 146.672 GFLOPS
BiCGstab: Convergence at 28 iterations, L2 relative residual: iterated = 3.934634e-13, true = 3.934634e-13 (requested = 1.000000e-12)
PyQUDA INFO: Time = 0.324 secs, Performance = 146.688 GFLOPS
BiCGstab: Convergence at 29 iterations, L2 relative residual: iterated = 2.630609e-13, true = 2.630609e-13 (requested = 1.000000e-12)
PyQUDA INFO: Time = 0.339 secs, Performance = 144.208 GFLOPS
BiCGstab: Convergence at 28 iterations, L2 relative residual: iterated = 5.386542e-13, true = 5.386542e-13 (requested = 1.000000e-12)
PyQUDA INFO: Time = 0.311 secs, Performance = 150.482 GFLOPS
BiCGstab: Convergence at 27 iterations, L2 relative residual: iterated = 7.078456e-13, true = 7.078456e-13 (requested = 1.000000e-12)
PyQUDA INFO: Time = 0.337 secs, Performance = 136.429 GFLOPS
BiCGstab: Convergence at 27 iterations, L2 relative residual: iterated = 3.746052e-13, true = 3.746052e-13 (requested = 1.000000e-12)
PyQUDA INFO: Time = 0.312 secs, Performance = 147.525 GFLOPS
BiCGstab: Convergence at 27 iterations, L2 relative residual: iterated = 3.523103e-13, true = 3.523103e-13 (requested = 1.000000e-12)
PyQUDA INFO: Time = 0.150 secs, Performance = 307.197 GFLOPS
BiCGstab: Convergence at 26 iterations, L2 relative residual: iterated = 7.889709e-13, true = 7.889709e-13 (requested = 1.000000e-12)
PyQUDA INFO: Time = 0.147 secs, Performance = 303.798 GFLOPS
BiCGstab: Convergence at 28 iterations, L2 relative residual: iterated = 2.672790e-13, true = 2.672790e-13 (requested = 1.000000e-12)
PyQUDA INFO: Time = 0.152 secs, Performance = 311.736 GFLOPS
BiCGstab: Convergence at 27 iterations, L2 relative residual: iterated = 7.410155e-13, true = 7.410155e-13 (requested = 1.000000e-12)
PyQUDA INFO: Time = 0.208 secs, Performance = 221.266 GFLOPS
BiCGstab: Convergence at 27 iterations, L2 relative residual: iterated = 7.222422e-13, true = 7.222422e-13 (requested = 1.000000e-12)
PyQUDA INFO: Time = 0.159 secs, Performance = 289.427 GFLOPS
BiCGstab: Convergence at 26 iterations, L2 relative residual: iterated = 6.466809e-13, true = 6.466809e-13 (requested = 1.000000e-12)
PyQUDA INFO: Time = 0.197 secs, Performance = 226.903 GFLOPS
BiCGstab: Convergence at 28 iterations, L2 relative residual: iterated = 1.706954e-13, true = 1.706954e-13 (requested = 1.000000e-12)
PyQUDA INFO: Time = 0.319 secs, Performance = 148.949 GFLOPS
BiCGstab: Convergence at 27 iterations, L2 relative residual: iterated = 3.323400e-13, true = 3.323400e-13 (requested = 1.000000e-12)
PyQUDA INFO: Time = 0.315 secs, Performance = 146.056 GFLOPS
BiCGstab: Convergence at 27 iterations, L2 relative residual: iterated = 3.998355e-13, true = 3.998355e-13 (requested = 1.000000e-12)
PyQUDA INFO: Time = 0.316 secs, Performance = 145.743 GFLOPS
BiCGstab: Convergence at 27 iterations, L2 relative residual: iterated = 4.118062e-13, true = 4.118062e-13 (requested = 1.000000e-12)
PyQUDA INFO: Time = 0.310 secs, Performance = 148.277 GFLOPS
BiCGstab: Convergence at 27 iterations, L2 relative residual: iterated = 5.802349e-13, true = 5.802349e-13 (requested = 1.000000e-12)
PyQUDA INFO: Time = 0.328 secs, Performance = 140.307 GFLOPS
BiCGstab: Convergence at 27 iterations, L2 relative residual: iterated = 4.687759e-13, true = 4.687759e-13 (requested = 1.000000e-12)
PyQUDA INFO: Time = 0.313 secs, Performance = 147.275 GFLOPS
BiCGstab: Convergence at 27 iterations, L2 relative residual: iterated = 3.930067e-13, true = 3.930067e-13 (requested = 1.000000e-12)
PyQUDA INFO: Time = 0.308 secs, Performance = 147.513 GFLOPS
BiCGstab: Convergence at 27 iterations, L2 relative residual: iterated = 5.448222e-13, true = 5.448222e-13 (requested = 1.000000e-12)
PyQUDA INFO: Time = 0.314 secs, Performance = 146.582 GFLOPS
BiCGstab: Convergence at 27 iterations, L2 relative residual: iterated = 4.375050e-13, true = 4.375050e-13 (requested = 1.000000e-12)
PyQUDA INFO: Time = 0.314 secs, Performance = 146.717 GFLOPS
BiCGstab: Convergence at 27 iterations, L2 relative residual: iterated = 6.500533e-13, true = 6.500533e-13 (requested = 1.000000e-12)
PyQUDA INFO: Time = 0.314 secs, Performance = 146.793 GFLOPS
BiCGstab: Convergence at 27 iterations, L2 relative residual: iterated = 5.222699e-13, true = 5.222699e-13 (requested = 1.000000e-12)
PyQUDA INFO: Time = 0.314 secs, Performance = 146.623 GFLOPS
BiCGstab: Convergence at 27 iterations, L2 relative residual: iterated = 5.936677e-13, true = 5.936677e-13 (requested = 1.000000e-12)
PyQUDA INFO: Time = 0.303 secs, Performance = 149.842 GFLOPS
BiCGstab: Convergence at 27 iterations, L2 relative residual: iterated = 5.068840e-13, true = 5.068840e-13 (requested = 1.000000e-12)
PyQUDA INFO: Time = 0.327 secs, Performance = 140.766 GFLOPS
BiCGstab: Convergence at 27 iterations, L2 relative residual: iterated = 7.531063e-13, true = 7.531063e-13 (requested = 1.000000e-12)
PyQUDA INFO: Time = 0.317 secs, Performance = 145.133 GFLOPS
BiCGstab: Convergence at 27 iterations, L2 relative residual: iterated = 4.124250e-13, true = 4.124250e-13 (requested = 1.000000e-12)
PyQUDA INFO: Time = 0.304 secs, Performance = 149.298 GFLOPS
BiCGstab: Convergence at 28 iterations, L2 relative residual: iterated = 2.898314e-13, true = 2.898314e-13 (requested = 1.000000e-12)
PyQUDA INFO: Time = 0.321 secs, Performance = 148.007 GFLOPS
Processing configurations:  58%|█████▊    | 29/50 [06:49<05:32, 15.82s/it]BiCGstab: Convergence at 30 iterations, L2 relative residual: iterated = 4.432563e-13, true = 4.432563e-13 (requested = 1.000000e-12)
PyQUDA INFO: Time = 0.352 secs, Performance = 143.168 GFLOPS
BiCGstab: Convergence at 31 iterations, L2 relative residual: iterated = 9.136739e-13, true = 9.136739e-13 (requested = 1.000000e-12)
PyQUDA INFO: Time = 0.354 secs, Performance = 148.031 GFLOPS
BiCGstab: Convergence at 29 iterations, L2 relative residual: iterated = 7.430524e-13, true = 7.430524e-13 (requested = 1.000000e-12)
PyQUDA INFO: Time = 0.329 secs, Performance = 146.667 GFLOPS
BiCGstab: Convergence at 29 iterations, L2 relative residual: iterated = 7.403363e-13, true = 7.403363e-13 (requested = 1.000000e-12)
PyQUDA INFO: Time = 0.326 secs, Performance = 149.780 GFLOPS
BiCGstab: Convergence at 30 iterations, L2 relative residual: iterated = 2.194538e-13, true = 2.194538e-13 (requested = 1.000000e-12)
PyQUDA INFO: Time = 0.330 secs, Performance = 152.272 GFLOPS
BiCGstab: Convergence at 30 iterations, L2 relative residual: iterated = 7.355787e-13, true = 7.355787e-13 (requested = 1.000000e-12)
PyQUDA INFO: Time = 0.324 secs, Performance = 153.453 GFLOPS
BiCGstab: Convergence at 29 iterations, L2 relative residual: iterated = 5.405135e-13, true = 5.405135e-13 (requested = 1.000000e-12)
PyQUDA INFO: Time = 0.332 secs, Performance = 147.359 GFLOPS
BiCGstab: Convergence at 29 iterations, L2 relative residual: iterated = 7.309599e-13, true = 7.309599e-13 (requested = 1.000000e-12)
PyQUDA INFO: Time = 0.328 secs, Performance = 148.858 GFLOPS
BiCGstab: Convergence at 30 iterations, L2 relative residual: iterated = 8.122997e-13, true = 8.122997e-13 (requested = 1.000000e-12)
PyQUDA INFO: Time = 0.340 secs, Performance = 147.895 GFLOPS
BiCGstab: Convergence at 29 iterations, L2 relative residual: iterated = 9.591583e-13, true = 9.591583e-13 (requested = 1.000000e-12)
PyQUDA INFO: Time = 0.328 secs, Performance = 148.925 GFLOPS
BiCGstab: Convergence at 29 iterations, L2 relative residual: iterated = 8.801997e-13, true = 8.801997e-13 (requested = 1.000000e-12)
PyQUDA INFO: Time = 0.329 secs, Performance = 148.682 GFLOPS
BiCGstab: Convergence at 29 iterations, L2 relative residual: iterated = 8.161152e-13, true = 8.161152e-13 (requested = 1.000000e-12)
PyQUDA INFO: Time = 0.318 secs, Performance = 151.830 GFLOPS
BiCGstab: Convergence at 29 iterations, L2 relative residual: iterated = 6.774401e-13, true = 6.774401e-13 (requested = 1.000000e-12)
PyQUDA INFO: Time = 0.346 secs, Performance = 141.509 GFLOPS
BiCGstab: Convergence at 28 iterations, L2 relative residual: iterated = 7.044353e-13, true = 7.044353e-13 (requested = 1.000000e-12)
PyQUDA INFO: Time = 0.335 secs, Performance = 141.633 GFLOPS
BiCGstab: Convergence at 29 iterations, L2 relative residual: iterated = 5.104715e-13, true = 5.104715e-13 (requested = 1.000000e-12)
PyQUDA INFO: Time = 0.328 secs, Performance = 148.882 GFLOPS
BiCGstab: Convergence at 28 iterations, L2 relative residual: iterated = 4.756332e-13, true = 4.756332e-13 (requested = 1.000000e-12)
PyQUDA INFO: Time = 0.335 secs, Performance = 143.779 GFLOPS
BiCGstab: Convergence at 28 iterations, L2 relative residual: iterated = 8.836939e-13, true = 8.836939e-13 (requested = 1.000000e-12)
PyQUDA INFO: Time = 0.340 secs, Performance = 141.763 GFLOPS
BiCGstab: Convergence at 28 iterations, L2 relative residual: iterated = 3.864336e-13, true = 3.864336e-13 (requested = 1.000000e-12)
PyQUDA INFO: Time = 0.312 secs, Performance = 149.785 GFLOPS
BiCGstab: Convergence at 28 iterations, L2 relative residual: iterated = 8.499416e-13, true = 8.499416e-13 (requested = 1.000000e-12)
PyQUDA INFO: Time = 0.321 secs, Performance = 147.670 GFLOPS
BiCGstab: Convergence at 28 iterations, L2 relative residual: iterated = 5.491053e-13, true = 5.491053e-13 (requested = 1.000000e-12)
PyQUDA INFO: Time = 0.323 secs, Performance = 146.762 GFLOPS
BiCGstab: Convergence at 28 iterations, L2 relative residual: iterated = 6.559640e-13, true = 6.559640e-13 (requested = 1.000000e-12)
PyQUDA INFO: Time = 0.325 secs, Performance = 145.839 GFLOPS
BiCGstab: Convergence at 29 iterations, L2 relative residual: iterated = 3.449963e-13, true = 3.449963e-13 (requested = 1.000000e-12)
PyQUDA INFO: Time = 0.327 secs, Performance = 149.681 GFLOPS
BiCGstab: Convergence at 29 iterations, L2 relative residual: iterated = 2.276114e-13, true = 2.276114e-13 (requested = 1.000000e-12)
PyQUDA INFO: Time = 0.332 secs, Performance = 147.406 GFLOPS
BiCGstab: Convergence at 30 iterations, L2 relative residual: iterated = 2.355999e-13, true = 2.355999e-13 (requested = 1.000000e-12)
PyQUDA INFO: Time = 0.337 secs, Performance = 149.505 GFLOPS
BiCGstab: Convergence at 27 iterations, L2 relative residual: iterated = 3.953464e-13, true = 3.953464e-13 (requested = 1.000000e-12)
PyQUDA INFO: Time = 0.352 secs, Performance = 132.878 GFLOPS
BiCGstab: Convergence at 27 iterations, L2 relative residual: iterated = 4.278823e-13, true = 4.278823e-13 (requested = 1.000000e-12)
PyQUDA INFO: Time = 0.208 secs, Performance = 221.008 GFLOPS
BiCGstab: Convergence at 28 iterations, L2 relative residual: iterated = 4.952344e-13, true = 4.952344e-13 (requested = 1.000000e-12)
PyQUDA INFO: Time = 0.160 secs, Performance = 300.285 GFLOPS
BiCGstab: Convergence at 26 iterations, L2 relative residual: iterated = 7.991020e-13, true = 7.991020e-13 (requested = 1.000000e-12)
PyQUDA INFO: Time = 0.157 secs, Performance = 284.612 GFLOPS
BiCGstab: Convergence at 27 iterations, L2 relative residual: iterated = 7.975154e-13, true = 7.975154e-13 (requested = 1.000000e-12)
PyQUDA INFO: Time = 0.160 secs, Performance = 287.267 GFLOPS
BiCGstab: Convergence at 27 iterations, L2 relative residual: iterated = 3.993968e-13, true = 3.993968e-13 (requested = 1.000000e-12)
PyQUDA INFO: Time = 0.240 secs, Performance = 192.072 GFLOPS
BiCGstab: Convergence at 27 iterations, L2 relative residual: iterated = 5.005026e-13, true = 5.005026e-13 (requested = 1.000000e-12)
PyQUDA INFO: Time = 0.206 secs, Performance = 223.914 GFLOPS
BiCGstab: Convergence at 26 iterations, L2 relative residual: iterated = 9.682183e-13, true = 9.682183e-13 (requested = 1.000000e-12)
PyQUDA INFO: Time = 0.293 secs, Performance = 152.207 GFLOPS
BiCGstab: Convergence at 27 iterations, L2 relative residual: iterated = 5.085306e-13, true = 5.085306e-13 (requested = 1.000000e-12)
PyQUDA INFO: Time = 0.314 secs, Performance = 146.736 GFLOPS
BiCGstab: Convergence at 28 iterations, L2 relative residual: iterated = 4.034543e-13, true = 4.034543e-13 (requested = 1.000000e-12)
PyQUDA INFO: Time = 0.323 secs, Performance = 146.734 GFLOPS
BiCGstab: Convergence at 27 iterations, L2 relative residual: iterated = 3.910007e-13, true = 3.910007e-13 (requested = 1.000000e-12)
PyQUDA INFO: Time = 0.314 secs, Performance = 146.663 GFLOPS
BiCGstab: Convergence at 27 iterations, L2 relative residual: iterated = 6.067878e-13, true = 6.067878e-13 (requested = 1.000000e-12)
PyQUDA INFO: Time = 0.317 secs, Performance = 145.375 GFLOPS
BiCGstab: Convergence at 26 iterations, L2 relative residual: iterated = 8.971224e-13, true = 8.971224e-13 (requested = 1.000000e-12)
PyQUDA INFO: Time = 0.329 secs, Performance = 135.682 GFLOPS
BiCGstab: Convergence at 28 iterations, L2 relative residual: iterated = 2.674181e-13, true = 2.674181e-13 (requested = 1.000000e-12)
PyQUDA INFO: Time = 0.321 secs, Performance = 147.991 GFLOPS
BiCGstab: Convergence at 27 iterations, L2 relative residual: iterated = 7.010707e-13, true = 7.010707e-13 (requested = 1.000000e-12)
PyQUDA INFO: Time = 0.318 secs, Performance = 144.742 GFLOPS
BiCGstab: Convergence at 27 iterations, L2 relative residual: iterated = 6.201641e-13, true = 6.201641e-13 (requested = 1.000000e-12)
PyQUDA INFO: Time = 0.315 secs, Performance = 146.309 GFLOPS
BiCGstab: Convergence at 28 iterations, L2 relative residual: iterated = 2.406457e-13, true = 2.406457e-13 (requested = 1.000000e-12)
PyQUDA INFO: Time = 0.323 secs, Performance = 146.836 GFLOPS
BiCGstab: Convergence at 27 iterations, L2 relative residual: iterated = 5.110888e-13, true = 5.110888e-13 (requested = 1.000000e-12)
PyQUDA INFO: Time = 0.315 secs, Performance = 145.972 GFLOPS
BiCGstab: Convergence at 27 iterations, L2 relative residual: iterated = 4.374472e-13, true = 4.374472e-13 (requested = 1.000000e-12)
PyQUDA INFO: Time = 0.313 secs, Performance = 147.237 GFLOPS
BiCGstab: Convergence at 27 iterations, L2 relative residual: iterated = 8.574370e-13, true = 8.574370e-13 (requested = 1.000000e-12)
PyQUDA INFO: Time = 0.327 secs, Performance = 140.814 GFLOPS
BiCGstab: Convergence at 27 iterations, L2 relative residual: iterated = 6.057990e-13, true = 6.057990e-13 (requested = 1.000000e-12)
PyQUDA INFO: Time = 0.317 secs, Performance = 145.092 GFLOPS
BiCGstab: Convergence at 27 iterations, L2 relative residual: iterated = 9.982551e-13, true = 9.982551e-13 (requested = 1.000000e-12)
PyQUDA INFO: Time = 0.319 secs, Performance = 144.485 GFLOPS
BiCGstab: Convergence at 26 iterations, L2 relative residual: iterated = 8.828543e-13, true = 8.828543e-13 (requested = 1.000000e-12)
PyQUDA INFO: Time = 0.312 secs, Performance = 143.001 GFLOPS
BiCGstab: Convergence at 27 iterations, L2 relative residual: iterated = 4.343469e-13, true = 4.343469e-13 (requested = 1.000000e-12)
PyQUDA INFO: Time = 0.331 secs, Performance = 140.979 GFLOPS
Processing configurations:  60%|██████    | 30/50 [07:05<05:17, 15.88s/it]BiCGstab: Convergence at 29 iterations, L2 relative residual: iterated = 7.770124e-13, true = 7.770124e-13 (requested = 1.000000e-12)
PyQUDA INFO: Time = 0.345 secs, Performance = 141.789 GFLOPS
BiCGstab: Convergence at 29 iterations, L2 relative residual: iterated = 6.127981e-13, true = 6.127981e-13 (requested = 1.000000e-12)
PyQUDA INFO: Time = 0.340 secs, Performance = 143.923 GFLOPS
BiCGstab: Convergence at 31 iterations, L2 relative residual: iterated = 7.912981e-14, true = 7.912981e-14 (requested = 1.000000e-12)
PyQUDA INFO: Time = 0.327 secs, Performance = 156.226 GFLOPS
BiCGstab: Convergence at 29 iterations, L2 relative residual: iterated = 5.255134e-13, true = 5.255134e-13 (requested = 1.000000e-12)
PyQUDA INFO: Time = 0.317 secs, Performance = 152.023 GFLOPS
BiCGstab: Convergence at 30 iterations, L2 relative residual: iterated = 2.171094e-13, true = 2.171094e-13 (requested = 1.000000e-12)
PyQUDA INFO: Time = 0.333 secs, Performance = 150.941 GFLOPS
BiCGstab: Convergence at 30 iterations, L2 relative residual: iterated = 6.793534e-13, true = 6.793534e-13 (requested = 1.000000e-12)
PyQUDA INFO: Time = 0.324 secs, Performance = 153.469 GFLOPS
BiCGstab: Convergence at 29 iterations, L2 relative residual: iterated = 4.568741e-13, true = 4.568741e-13 (requested = 1.000000e-12)
PyQUDA INFO: Time = 0.332 secs, Performance = 147.320 GFLOPS
BiCGstab: Convergence at 30 iterations, L2 relative residual: iterated = 4.217335e-13, true = 4.217335e-13 (requested = 1.000000e-12)
PyQUDA INFO: Time = 0.338 secs, Performance = 149.082 GFLOPS
BiCGstab: Convergence at 29 iterations, L2 relative residual: iterated = 8.121086e-13, true = 8.121086e-13 (requested = 1.000000e-12)
PyQUDA INFO: Time = 0.318 secs, Performance = 151.867 GFLOPS
BiCGstab: Convergence at 29 iterations, L2 relative residual: iterated = 8.394325e-13, true = 8.394325e-13 (requested = 1.000000e-12)
PyQUDA INFO: Time = 0.330 secs, Performance = 148.297 GFLOPS
BiCGstab: Convergence at 30 iterations, L2 relative residual: iterated = 1.765288e-13, true = 1.765288e-13 (requested = 1.000000e-12)
PyQUDA INFO: Time = 0.328 secs, Performance = 151.449 GFLOPS
BiCGstab: Convergence at 30 iterations, L2 relative residual: iterated = 1.801932e-13, true = 1.801932e-13 (requested = 1.000000e-12)
PyQUDA INFO: Time = 0.334 secs, Performance = 150.824 GFLOPS
BiCGstab: Convergence at 28 iterations, L2 relative residual: iterated = 4.881496e-13, true = 4.881496e-13 (requested = 1.000000e-12)
PyQUDA INFO: Time = 0.353 secs, Performance = 134.289 GFLOPS
BiCGstab: Convergence at 29 iterations, L2 relative residual: iterated = 9.023291e-13, true = 9.023291e-13 (requested = 1.000000e-12)
PyQUDA INFO: Time = 0.332 secs, Performance = 147.378 GFLOPS
BiCGstab: Convergence at 28 iterations, L2 relative residual: iterated = 4.075669e-13, true = 4.075669e-13 (requested = 1.000000e-12)
PyQUDA INFO: Time = 0.326 secs, Performance = 145.802 GFLOPS
BiCGstab: Convergence at 29 iterations, L2 relative residual: iterated = 4.303412e-13, true = 4.303412e-13 (requested = 1.000000e-12)
PyQUDA INFO: Time = 0.329 secs, Performance = 148.733 GFLOPS
BiCGstab: Convergence at 30 iterations, L2 relative residual: iterated = 1.029710e-13, true = 1.029710e-13 (requested = 1.000000e-12)
PyQUDA INFO: Time = 0.333 secs, Performance = 150.954 GFLOPS
BiCGstab: Convergence at 27 iterations, L2 relative residual: iterated = 9.389367e-13, true = 9.389367e-13 (requested = 1.000000e-12)
PyQUDA INFO: Time = 0.307 secs, Performance = 147.639 GFLOPS
BiCGstab: Convergence at 28 iterations, L2 relative residual: iterated = 3.003108e-13, true = 3.003108e-13 (requested = 1.000000e-12)
PyQUDA INFO: Time = 0.324 secs, Performance = 146.723 GFLOPS
BiCGstab: Convergence at 28 iterations, L2 relative residual: iterated = 8.658846e-13, true = 8.658846e-13 (requested = 1.000000e-12)
PyQUDA INFO: Time = 0.323 secs, Performance = 146.752 GFLOPS
BiCGstab: Convergence at 29 iterations, L2 relative residual: iterated = 1.572243e-13, true = 1.572243e-13 (requested = 1.000000e-12)
PyQUDA INFO: Time = 0.345 secs, Performance = 143.839 GFLOPS
BiCGstab: Convergence at 27 iterations, L2 relative residual: iterated = 7.488172e-13, true = 7.488172e-13 (requested = 1.000000e-12)
PyQUDA INFO: Time = 0.307 secs, Performance = 147.748 GFLOPS
BiCGstab: Convergence at 28 iterations, L2 relative residual: iterated = 8.698745e-13, true = 8.698745e-13 (requested = 1.000000e-12)
PyQUDA INFO: Time = 0.313 secs, Performance = 149.516 GFLOPS
BiCGstab: Convergence at 28 iterations, L2 relative residual: iterated = 4.077387e-13, true = 4.077387e-13 (requested = 1.000000e-12)
PyQUDA INFO: Time = 0.325 secs, Performance = 146.057 GFLOPS
BiCGstab: Convergence at 27 iterations, L2 relative residual: iterated = 4.630078e-13, true = 4.630078e-13 (requested = 1.000000e-12)
PyQUDA INFO: Time = 0.257 secs, Performance = 179.150 GFLOPS
BiCGstab: Convergence at 27 iterations, L2 relative residual: iterated = 4.865321e-13, true = 4.865321e-13 (requested = 1.000000e-12)
PyQUDA INFO: Time = 0.157 secs, Performance = 297.485 GFLOPS
BiCGstab: Convergence at 27 iterations, L2 relative residual: iterated = 3.541638e-13, true = 3.541638e-13 (requested = 1.000000e-12)
PyQUDA INFO: Time = 0.179 secs, Performance = 253.863 GFLOPS
BiCGstab: Convergence at 27 iterations, L2 relative residual: iterated = 6.673569e-13, true = 6.673569e-13 (requested = 1.000000e-12)
PyQUDA INFO: Time = 0.153 secs, Performance = 301.270 GFLOPS
BiCGstab: Convergence at 27 iterations, L2 relative residual: iterated = 3.003198e-13, true = 3.003198e-13 (requested = 1.000000e-12)
PyQUDA INFO: Time = 0.157 secs, Performance = 297.268 GFLOPS
BiCGstab: Convergence at 27 iterations, L2 relative residual: iterated = 6.069556e-13, true = 6.069556e-13 (requested = 1.000000e-12)
PyQUDA INFO: Time = 0.151 secs, Performance = 304.835 GFLOPS
BiCGstab: Convergence at 27 iterations, L2 relative residual: iterated = 3.018958e-13, true = 3.018958e-13 (requested = 1.000000e-12)
PyQUDA INFO: Time = 0.233 secs, Performance = 197.832 GFLOPS
BiCGstab: Convergence at 27 iterations, L2 relative residual: iterated = 3.937497e-13, true = 3.937497e-13 (requested = 1.000000e-12)
PyQUDA INFO: Time = 0.306 secs, Performance = 150.452 GFLOPS
BiCGstab: Convergence at 27 iterations, L2 relative residual: iterated = 5.576514e-13, true = 5.576514e-13 (requested = 1.000000e-12)
PyQUDA INFO: Time = 0.315 secs, Performance = 145.997 GFLOPS
BiCGstab: Convergence at 27 iterations, L2 relative residual: iterated = 4.834295e-13, true = 4.834295e-13 (requested = 1.000000e-12)
PyQUDA INFO: Time = 0.318 secs, Performance = 144.552 GFLOPS
BiCGstab: Convergence at 27 iterations, L2 relative residual: iterated = 5.122449e-13, true = 5.122449e-13 (requested = 1.000000e-12)
PyQUDA INFO: Time = 0.313 secs, Performance = 147.218 GFLOPS
BiCGstab: Convergence at 27 iterations, L2 relative residual: iterated = 8.910066e-13, true = 8.910066e-13 (requested = 1.000000e-12)
PyQUDA INFO: Time = 0.302 secs, Performance = 150.225 GFLOPS
BiCGstab: Convergence at 28 iterations, L2 relative residual: iterated = 6.012311e-13, true = 6.012311e-13 (requested = 1.000000e-12)
PyQUDA INFO: Time = 0.340 secs, Performance = 139.400 GFLOPS
BiCGstab: Convergence at 27 iterations, L2 relative residual: iterated = 3.612051e-13, true = 3.612051e-13 (requested = 1.000000e-12)
PyQUDA INFO: Time = 0.317 secs, Performance = 145.326 GFLOPS
BiCGstab: Convergence at 27 iterations, L2 relative residual: iterated = 6.608298e-13, true = 6.608298e-13 (requested = 1.000000e-12)
PyQUDA INFO: Time = 0.305 secs, Performance = 148.900 GFLOPS
BiCGstab: Convergence at 28 iterations, L2 relative residual: iterated = 2.103539e-13, true = 2.103539e-13 (requested = 1.000000e-12)
PyQUDA INFO: Time = 0.306 secs, Performance = 153.018 GFLOPS
BiCGstab: Convergence at 27 iterations, L2 relative residual: iterated = 4.229063e-13, true = 4.229063e-13 (requested = 1.000000e-12)
PyQUDA INFO: Time = 0.318 secs, Performance = 144.603 GFLOPS
BiCGstab: Convergence at 26 iterations, L2 relative residual: iterated = 9.771497e-13, true = 9.771497e-13 (requested = 1.000000e-12)
PyQUDA INFO: Time = 0.300 secs, Performance = 146.482 GFLOPS
BiCGstab: Convergence at 28 iterations, L2 relative residual: iterated = 3.300939e-13, true = 3.300939e-13 (requested = 1.000000e-12)
PyQUDA INFO: Time = 0.319 secs, Performance = 148.787 GFLOPS
BiCGstab: Convergence at 27 iterations, L2 relative residual: iterated = 5.536248e-13, true = 5.536248e-13 (requested = 1.000000e-12)
PyQUDA INFO: Time = 0.330 secs, Performance = 139.434 GFLOPS
BiCGstab: Convergence at 27 iterations, L2 relative residual: iterated = 7.008896e-13, true = 7.008896e-13 (requested = 1.000000e-12)
PyQUDA INFO: Time = 0.316 secs, Performance = 145.877 GFLOPS
BiCGstab: Convergence at 28 iterations, L2 relative residual: iterated = 6.887709e-13, true = 6.887709e-13 (requested = 1.000000e-12)
PyQUDA INFO: Time = 0.327 secs, Performance = 145.202 GFLOPS
BiCGstab: Convergence at 27 iterations, L2 relative residual: iterated = 6.829931e-13, true = 6.829931e-13 (requested = 1.000000e-12)
PyQUDA INFO: Time = 0.303 secs, Performance = 149.799 GFLOPS
BiCGstab: Convergence at 27 iterations, L2 relative residual: iterated = 3.285938e-13, true = 3.285938e-13 (requested = 1.000000e-12)
PyQUDA INFO: Time = 0.318 secs, Performance = 144.723 GFLOPS
Processing configurations:  62%|██████▏   | 31/50 [07:21<05:00, 15.83s/it]BiCGstab: Convergence at 29 iterations, L2 relative residual: iterated = 6.603950e-13, true = 6.603950e-13 (requested = 1.000000e-12)
PyQUDA INFO: Time = 0.349 secs, Performance = 140.216 GFLOPS
BiCGstab: Convergence at 30 iterations, L2 relative residual: iterated = 3.715885e-13, true = 3.715885e-13 (requested = 1.000000e-12)
PyQUDA INFO: Time = 0.345 secs, Performance = 145.729 GFLOPS
BiCGstab: Convergence at 31 iterations, L2 relative residual: iterated = 1.725921e-13, true = 1.725921e-13 (requested = 1.000000e-12)
PyQUDA INFO: Time = 0.354 secs, Performance = 148.118 GFLOPS
BiCGstab: Convergence at 32 iterations, L2 relative residual: iterated = 2.496179e-13, true = 2.496179e-13 (requested = 1.000000e-12)
PyQUDA INFO: Time = 0.348 secs, Performance = 152.803 GFLOPS
BiCGstab: Convergence at 30 iterations, L2 relative residual: iterated = 3.600698e-13, true = 3.600698e-13 (requested = 1.000000e-12)
PyQUDA INFO: Time = 0.322 secs, Performance = 154.089 GFLOPS
BiCGstab: Convergence at 30 iterations, L2 relative residual: iterated = 4.375250e-13, true = 4.375250e-13 (requested = 1.000000e-12)
PyQUDA INFO: Time = 0.333 secs, Performance = 150.928 GFLOPS
BiCGstab: Convergence at 30 iterations, L2 relative residual: iterated = 3.800836e-13, true = 3.800836e-13 (requested = 1.000000e-12)
PyQUDA INFO: Time = 0.326 secs, Performance = 152.139 GFLOPS
BiCGstab: Convergence at 29 iterations, L2 relative residual: iterated = 4.787203e-13, true = 4.787203e-13 (requested = 1.000000e-12)
PyQUDA INFO: Time = 0.332 secs, Performance = 147.194 GFLOPS
BiCGstab: Convergence at 31 iterations, L2 relative residual: iterated = 1.536172e-13, true = 1.536172e-13 (requested = 1.000000e-12)
PyQUDA INFO: Time = 0.338 secs, Performance = 153.051 GFLOPS
BiCGstab: Convergence at 30 iterations, L2 relative residual: iterated = 3.016599e-13, true = 3.016599e-13 (requested = 1.000000e-12)
PyQUDA INFO: Time = 0.338 secs, Performance = 148.830 GFLOPS
BiCGstab: Convergence at 30 iterations, L2 relative residual: iterated = 2.445906e-13, true = 2.445906e-13 (requested = 1.000000e-12)
PyQUDA INFO: Time = 0.338 secs, Performance = 148.895 GFLOPS
BiCGstab: Convergence at 29 iterations, L2 relative residual: iterated = 8.522872e-13, true = 8.522872e-13 (requested = 1.000000e-12)
PyQUDA INFO: Time = 0.317 secs, Performance = 152.302 GFLOPS
BiCGstab: Convergence at 28 iterations, L2 relative residual: iterated = 3.946301e-13, true = 3.946301e-13 (requested = 1.000000e-12)
PyQUDA INFO: Time = 0.338 secs, Performance = 138.416 GFLOPS
BiCGstab: Convergence at 28 iterations, L2 relative residual: iterated = 5.806267e-13, true = 5.806267e-13 (requested = 1.000000e-12)
PyQUDA INFO: Time = 0.328 secs, Performance = 144.588 GFLOPS
BiCGstab: Convergence at 28 iterations, L2 relative residual: iterated = 9.328247e-13, true = 9.328247e-13 (requested = 1.000000e-12)
PyQUDA INFO: Time = 0.323 secs, Performance = 146.725 GFLOPS
BiCGstab: Convergence at 28 iterations, L2 relative residual: iterated = 4.152106e-13, true = 4.152106e-13 (requested = 1.000000e-12)
PyQUDA INFO: Time = 0.325 secs, Performance = 146.052 GFLOPS
BiCGstab: Convergence at 28 iterations, L2 relative residual: iterated = 7.184654e-13, true = 7.184654e-13 (requested = 1.000000e-12)
PyQUDA INFO: Time = 0.338 secs, Performance = 142.344 GFLOPS
BiCGstab: Convergence at 29 iterations, L2 relative residual: iterated = 7.002166e-13, true = 7.002166e-13 (requested = 1.000000e-12)
PyQUDA INFO: Time = 0.330 secs, Performance = 148.328 GFLOPS
BiCGstab: Convergence at 28 iterations, L2 relative residual: iterated = 3.622014e-13, true = 3.622014e-13 (requested = 1.000000e-12)
PyQUDA INFO: Time = 0.311 secs, Performance = 150.478 GFLOPS
BiCGstab: Convergence at 28 iterations, L2 relative residual: iterated = 2.133977e-13, true = 2.133977e-13 (requested = 1.000000e-12)
PyQUDA INFO: Time = 0.328 secs, Performance = 144.573 GFLOPS
BiCGstab: Convergence at 28 iterations, L2 relative residual: iterated = 5.221974e-13, true = 5.221974e-13 (requested = 1.000000e-12)
PyQUDA INFO: Time = 0.310 secs, Performance = 150.718 GFLOPS
BiCGstab: Convergence at 28 iterations, L2 relative residual: iterated = 3.312960e-13, true = 3.312960e-13 (requested = 1.000000e-12)
PyQUDA INFO: Time = 0.314 secs, Performance = 148.979 GFLOPS
BiCGstab: Convergence at 27 iterations, L2 relative residual: iterated = 9.489238e-13, true = 9.489238e-13 (requested = 1.000000e-12)
PyQUDA INFO: Time = 0.319 secs, Performance = 144.445 GFLOPS
BiCGstab: Convergence at 28 iterations, L2 relative residual: iterated = 3.912576e-13, true = 3.912576e-13 (requested = 1.000000e-12)
PyQUDA INFO: Time = 0.313 secs, Performance = 149.734 GFLOPS
BiCGstab: Convergence at 28 iterations, L2 relative residual: iterated = 1.466458e-13, true = 1.466458e-13 (requested = 1.000000e-12)
PyQUDA INFO: Time = 0.250 secs, Performance = 192.836 GFLOPS
BiCGstab: Convergence at 27 iterations, L2 relative residual: iterated = 4.071996e-13, true = 4.071996e-13 (requested = 1.000000e-12)
PyQUDA INFO: Time = 0.150 secs, Performance = 306.082 GFLOPS
BiCGstab: Convergence at 27 iterations, L2 relative residual: iterated = 8.157130e-13, true = 8.157130e-13 (requested = 1.000000e-12)
PyQUDA INFO: Time = 0.159 secs, Performance = 294.579 GFLOPS
BiCGstab: Convergence at 27 iterations, L2 relative residual: iterated = 3.671279e-13, true = 3.671279e-13 (requested = 1.000000e-12)
PyQUDA INFO: Time = 0.152 secs, Performance = 302.577 GFLOPS
BiCGstab: Convergence at 26 iterations, L2 relative residual: iterated = 8.291915e-13, true = 8.291915e-13 (requested = 1.000000e-12)
PyQUDA INFO: Time = 0.141 secs, Performance = 311.472 GFLOPS
BiCGstab: Convergence at 27 iterations, L2 relative residual: iterated = 4.330441e-13, true = 4.330441e-13 (requested = 1.000000e-12)
PyQUDA INFO: Time = 0.151 secs, Performance = 305.541 GFLOPS
BiCGstab: Convergence at 26 iterations, L2 relative residual: iterated = 8.232407e-13, true = 8.232407e-13 (requested = 1.000000e-12)
PyQUDA INFO: Time = 0.211 secs, Performance = 211.305 GFLOPS
BiCGstab: Convergence at 27 iterations, L2 relative residual: iterated = 4.727420e-13, true = 4.727420e-13 (requested = 1.000000e-12)
PyQUDA INFO: Time = 0.321 secs, Performance = 145.434 GFLOPS
BiCGstab: Convergence at 27 iterations, L2 relative residual: iterated = 4.572193e-13, true = 4.572193e-13 (requested = 1.000000e-12)
PyQUDA INFO: Time = 0.330 secs, Performance = 141.597 GFLOPS
BiCGstab: Convergence at 28 iterations, L2 relative residual: iterated = 3.995659e-13, true = 3.995659e-13 (requested = 1.000000e-12)
PyQUDA INFO: Time = 0.323 secs, Performance = 146.751 GFLOPS
BiCGstab: Convergence at 27 iterations, L2 relative residual: iterated = 8.165133e-13, true = 8.165133e-13 (requested = 1.000000e-12)
PyQUDA INFO: Time = 0.309 secs, Performance = 148.860 GFLOPS
BiCGstab: Convergence at 26 iterations, L2 relative residual: iterated = 9.806060e-13, true = 9.806060e-13 (requested = 1.000000e-12)
PyQUDA INFO: Time = 0.304 secs, Performance = 146.600 GFLOPS
BiCGstab: Convergence at 27 iterations, L2 relative residual: iterated = 4.232467e-13, true = 4.232467e-13 (requested = 1.000000e-12)
PyQUDA INFO: Time = 0.332 secs, Performance = 138.553 GFLOPS
BiCGstab: Convergence at 26 iterations, L2 relative residual: iterated = 9.380801e-13, true = 9.380801e-13 (requested = 1.000000e-12)
PyQUDA INFO: Time = 0.312 secs, Performance = 142.763 GFLOPS
BiCGstab: Convergence at 28 iterations, L2 relative residual: iterated = 2.259855e-13, true = 2.259855e-13 (requested = 1.000000e-12)
PyQUDA INFO: Time = 0.318 secs, Performance = 149.123 GFLOPS
BiCGstab: Convergence at 27 iterations, L2 relative residual: iterated = 9.005686e-13, true = 9.005686e-13 (requested = 1.000000e-12)
PyQUDA INFO: Time = 0.315 secs, Performance = 146.287 GFLOPS
BiCGstab: Convergence at 27 iterations, L2 relative residual: iterated = 4.872189e-13, true = 4.872189e-13 (requested = 1.000000e-12)
PyQUDA INFO: Time = 0.330 secs, Performance = 141.723 GFLOPS
BiCGstab: Convergence at 27 iterations, L2 relative residual: iterated = 4.995313e-13, true = 4.995313e-13 (requested = 1.000000e-12)
PyQUDA INFO: Time = 0.319 secs, Performance = 144.403 GFLOPS
BiCGstab: Convergence at 28 iterations, L2 relative residual: iterated = 2.337296e-13, true = 2.337296e-13 (requested = 1.000000e-12)
PyQUDA INFO: Time = 0.334 secs, Performance = 144.001 GFLOPS
BiCGstab: Convergence at 27 iterations, L2 relative residual: iterated = 5.456585e-13, true = 5.456585e-13 (requested = 1.000000e-12)
PyQUDA INFO: Time = 0.312 secs, Performance = 145.588 GFLOPS
BiCGstab: Convergence at 26 iterations, L2 relative residual: iterated = 7.502200e-13, true = 7.502200e-13 (requested = 1.000000e-12)
PyQUDA INFO: Time = 0.312 secs, Performance = 142.812 GFLOPS
BiCGstab: Convergence at 27 iterations, L2 relative residual: iterated = 4.718221e-13, true = 4.718221e-13 (requested = 1.000000e-12)
PyQUDA INFO: Time = 0.317 secs, Performance = 145.345 GFLOPS
BiCGstab: Convergence at 27 iterations, L2 relative residual: iterated = 7.649612e-13, true = 7.649612e-13 (requested = 1.000000e-12)
PyQUDA INFO: Time = 0.321 secs, Performance = 143.599 GFLOPS
BiCGstab: Convergence at 27 iterations, L2 relative residual: iterated = 6.601263e-13, true = 6.601263e-13 (requested = 1.000000e-12)
PyQUDA INFO: Time = 0.303 secs, Performance = 149.861 GFLOPS
Processing configurations:  64%|██████▍   | 32/50 [07:36<04:44, 15.80s/it]BiCGstab: Convergence at 31 iterations, L2 relative residual: iterated = 2.685541e-13, true = 2.685541e-13 (requested = 1.000000e-12)
PyQUDA INFO: Time = 0.375 secs, Performance = 139.832 GFLOPS
BiCGstab: Convergence at 29 iterations, L2 relative residual: iterated = 9.105152e-13, true = 9.105152e-13 (requested = 1.000000e-12)
PyQUDA INFO: Time = 0.329 secs, Performance = 146.776 GFLOPS
BiCGstab: Convergence at 30 iterations, L2 relative residual: iterated = 4.181039e-13, true = 4.181039e-13 (requested = 1.000000e-12)
PyQUDA INFO: Time = 0.333 secs, Performance = 150.900 GFLOPS
BiCGstab: Convergence at 29 iterations, L2 relative residual: iterated = 6.644247e-13, true = 6.644247e-13 (requested = 1.000000e-12)
PyQUDA INFO: Time = 0.317 secs, Performance = 152.049 GFLOPS
BiCGstab: Convergence at 30 iterations, L2 relative residual: iterated = 2.891767e-13, true = 2.891767e-13 (requested = 1.000000e-12)
PyQUDA INFO: Time = 0.322 secs, Performance = 154.104 GFLOPS
BiCGstab: Convergence at 29 iterations, L2 relative residual: iterated = 4.163023e-13, true = 4.163023e-13 (requested = 1.000000e-12)
PyQUDA INFO: Time = 0.340 secs, Performance = 145.882 GFLOPS
BiCGstab: Convergence at 30 iterations, L2 relative residual: iterated = 3.748083e-13, true = 3.748083e-13 (requested = 1.000000e-12)
PyQUDA INFO: Time = 0.336 secs, Performance = 149.693 GFLOPS
BiCGstab: Convergence at 31 iterations, L2 relative residual: iterated = 2.016861e-13, true = 2.016861e-13 (requested = 1.000000e-12)
PyQUDA INFO: Time = 0.348 secs, Performance = 148.918 GFLOPS
BiCGstab: Convergence at 29 iterations, L2 relative residual: iterated = 7.825951e-13, true = 7.825951e-13 (requested = 1.000000e-12)
PyQUDA INFO: Time = 0.329 secs, Performance = 148.735 GFLOPS
BiCGstab: Convergence at 30 iterations, L2 relative residual: iterated = 2.021569e-13, true = 2.021569e-13 (requested = 1.000000e-12)
PyQUDA INFO: Time = 0.318 secs, Performance = 156.323 GFLOPS
BiCGstab: Convergence at 29 iterations, L2 relative residual: iterated = 7.595537e-13, true = 7.595537e-13 (requested = 1.000000e-12)
PyQUDA INFO: Time = 0.317 secs, Performance = 151.983 GFLOPS
BiCGstab: Convergence at 30 iterations, L2 relative residual: iterated = 3.489912e-13, true = 3.489912e-13 (requested = 1.000000e-12)
PyQUDA INFO: Time = 0.333 secs, Performance = 150.938 GFLOPS
BiCGstab: Convergence at 29 iterations, L2 relative residual: iterated = 2.154586e-13, true = 2.154586e-13 (requested = 1.000000e-12)
PyQUDA INFO: Time = 0.357 secs, Performance = 136.958 GFLOPS
BiCGstab: Convergence at 28 iterations, L2 relative residual: iterated = 6.923382e-13, true = 6.923382e-13 (requested = 1.000000e-12)
PyQUDA INFO: Time = 0.328 secs, Performance = 144.584 GFLOPS
BiCGstab: Convergence at 28 iterations, L2 relative residual: iterated = 8.168693e-13, true = 8.168693e-13 (requested = 1.000000e-12)
PyQUDA INFO: Time = 0.312 secs, Performance = 149.844 GFLOPS
BiCGstab: Convergence at 28 iterations, L2 relative residual: iterated = 2.979551e-13, true = 2.979551e-13 (requested = 1.000000e-12)
PyQUDA INFO: Time = 0.324 secs, Performance = 146.664 GFLOPS
BiCGstab: Convergence at 28 iterations, L2 relative residual: iterated = 7.936712e-13, true = 7.936712e-13 (requested = 1.000000e-12)
PyQUDA INFO: Time = 0.328 secs, Performance = 144.542 GFLOPS
BiCGstab: Convergence at 28 iterations, L2 relative residual: iterated = 4.721975e-13, true = 4.721975e-13 (requested = 1.000000e-12)
PyQUDA INFO: Time = 0.312 secs, Performance = 149.887 GFLOPS
BiCGstab: Convergence at 28 iterations, L2 relative residual: iterated = 5.514660e-13, true = 5.514660e-13 (requested = 1.000000e-12)
PyQUDA INFO: Time = 0.312 secs, Performance = 149.766 GFLOPS
BiCGstab: Convergence at 27 iterations, L2 relative residual: iterated = 8.390677e-13, true = 8.390677e-13 (requested = 1.000000e-12)
PyQUDA INFO: Time = 0.308 secs, Performance = 147.513 GFLOPS
BiCGstab: Convergence at 29 iterations, L2 relative residual: iterated = 2.214822e-13, true = 2.214822e-13 (requested = 1.000000e-12)
PyQUDA INFO: Time = 0.329 secs, Performance = 148.792 GFLOPS
BiCGstab: Convergence at 29 iterations, L2 relative residual: iterated = 2.683064e-13, true = 2.683064e-13 (requested = 1.000000e-12)
PyQUDA INFO: Time = 0.333 secs, Performance = 146.718 GFLOPS
BiCGstab: Convergence at 28 iterations, L2 relative residual: iterated = 4.413009e-13, true = 4.413009e-13 (requested = 1.000000e-12)
PyQUDA INFO: Time = 0.312 secs, Performance = 149.770 GFLOPS
BiCGstab: Convergence at 29 iterations, L2 relative residual: iterated = 5.344303e-13, true = 5.344303e-13 (requested = 1.000000e-12)
PyQUDA INFO: Time = 0.328 secs, Performance = 148.883 GFLOPS
BiCGstab: Convergence at 27 iterations, L2 relative residual: iterated = 5.836661e-13, true = 5.836661e-13 (requested = 1.000000e-12)
PyQUDA INFO: Time = 0.263 secs, Performance = 177.709 GFLOPS
BiCGstab: Convergence at 26 iterations, L2 relative residual: iterated = 8.913965e-13, true = 8.913965e-13 (requested = 1.000000e-12)
PyQUDA INFO: Time = 0.147 secs, Performance = 302.734 GFLOPS
BiCGstab: Convergence at 27 iterations, L2 relative residual: iterated = 4.354982e-13, true = 4.354982e-13 (requested = 1.000000e-12)
PyQUDA INFO: Time = 0.151 secs, Performance = 305.738 GFLOPS
BiCGstab: Convergence at 27 iterations, L2 relative residual: iterated = 6.077190e-13, true = 6.077190e-13 (requested = 1.000000e-12)
PyQUDA INFO: Time = 0.150 secs, Performance = 306.884 GFLOPS
BiCGstab: Convergence at 27 iterations, L2 relative residual: iterated = 5.729761e-13, true = 5.729761e-13 (requested = 1.000000e-12)
PyQUDA INFO: Time = 0.150 secs, Performance = 306.544 GFLOPS
BiCGstab: Convergence at 27 iterations, L2 relative residual: iterated = 3.015316e-13, true = 3.015316e-13 (requested = 1.000000e-12)
PyQUDA INFO: Time = 0.150 secs, Performance = 306.845 GFLOPS
BiCGstab: Convergence at 26 iterations, L2 relative residual: iterated = 9.315938e-13, true = 9.315938e-13 (requested = 1.000000e-12)
PyQUDA INFO: Time = 0.204 secs, Performance = 221.573 GFLOPS
BiCGstab: Convergence at 26 iterations, L2 relative residual: iterated = 8.041663e-13, true = 8.041663e-13 (requested = 1.000000e-12)
PyQUDA INFO: Time = 0.288 secs, Performance = 154.683 GFLOPS
BiCGstab: Convergence at 27 iterations, L2 relative residual: iterated = 3.107451e-13, true = 3.107451e-13 (requested = 1.000000e-12)
PyQUDA INFO: Time = 0.307 secs, Performance = 147.655 GFLOPS
BiCGstab: Convergence at 27 iterations, L2 relative residual: iterated = 9.881591e-13, true = 9.881591e-13 (requested = 1.000000e-12)
PyQUDA INFO: Time = 0.330 secs, Performance = 141.576 GFLOPS
BiCGstab: Convergence at 27 iterations, L2 relative residual: iterated = 4.407179e-13, true = 4.407179e-13 (requested = 1.000000e-12)
PyQUDA INFO: Time = 0.319 secs, Performance = 144.473 GFLOPS
BiCGstab: Convergence at 27 iterations, L2 relative residual: iterated = 8.741697e-13, true = 8.741697e-13 (requested = 1.000000e-12)
PyQUDA INFO: Time = 0.303 secs, Performance = 149.904 GFLOPS
BiCGstab: Convergence at 27 iterations, L2 relative residual: iterated = 4.671422e-13, true = 4.671422e-13 (requested = 1.000000e-12)
PyQUDA INFO: Time = 0.335 secs, Performance = 137.405 GFLOPS
BiCGstab: Convergence at 27 iterations, L2 relative residual: iterated = 6.446434e-13, true = 6.446434e-13 (requested = 1.000000e-12)
PyQUDA INFO: Time = 0.326 secs, Performance = 143.380 GFLOPS
BiCGstab: Convergence at 26 iterations, L2 relative residual: iterated = 9.254766e-13, true = 9.254766e-13 (requested = 1.000000e-12)
PyQUDA INFO: Time = 0.309 secs, Performance = 144.313 GFLOPS
BiCGstab: Convergence at 27 iterations, L2 relative residual: iterated = 3.977919e-13, true = 3.977919e-13 (requested = 1.000000e-12)
PyQUDA INFO: Time = 0.314 secs, Performance = 146.595 GFLOPS
BiCGstab: Convergence at 27 iterations, L2 relative residual: iterated = 8.051992e-13, true = 8.051992e-13 (requested = 1.000000e-12)
PyQUDA INFO: Time = 0.318 secs, Performance = 144.633 GFLOPS
BiCGstab: Convergence at 27 iterations, L2 relative residual: iterated = 8.316931e-13, true = 8.316931e-13 (requested = 1.000000e-12)
PyQUDA INFO: Time = 0.314 secs, Performance = 146.474 GFLOPS
BiCGstab: Convergence at 27 iterations, L2 relative residual: iterated = 4.968079e-13, true = 4.968079e-13 (requested = 1.000000e-12)
PyQUDA INFO: Time = 0.330 secs, Performance = 141.534 GFLOPS
BiCGstab: Convergence at 27 iterations, L2 relative residual: iterated = 9.121319e-13, true = 9.121319e-13 (requested = 1.000000e-12)
PyQUDA INFO: Time = 0.327 secs, Performance = 140.785 GFLOPS
BiCGstab: Convergence at 27 iterations, L2 relative residual: iterated = 7.889774e-13, true = 7.889774e-13 (requested = 1.000000e-12)
PyQUDA INFO: Time = 0.322 secs, Performance = 143.191 GFLOPS
BiCGstab: Convergence at 27 iterations, L2 relative residual: iterated = 8.758350e-13, true = 8.758350e-13 (requested = 1.000000e-12)
PyQUDA INFO: Time = 0.316 secs, Performance = 145.847 GFLOPS
BiCGstab: Convergence at 27 iterations, L2 relative residual: iterated = 7.123879e-13, true = 7.123879e-13 (requested = 1.000000e-12)
PyQUDA INFO: Time = 0.316 secs, Performance = 145.813 GFLOPS
BiCGstab: Convergence at 28 iterations, L2 relative residual: iterated = 4.116716e-13, true = 4.116716e-13 (requested = 1.000000e-12)
PyQUDA INFO: Time = 0.339 secs, Performance = 141.954 GFLOPS
Processing configurations:  66%|██████▌   | 33/50 [07:52<04:28, 15.77s/it]BiCGstab: Convergence at 29 iterations, L2 relative residual: iterated = 6.853483e-13, true = 6.853483e-13 (requested = 1.000000e-12)
PyQUDA INFO: Time = 0.347 secs, Performance = 141.082 GFLOPS
BiCGstab: Convergence at 30 iterations, L2 relative residual: iterated = 7.047439e-13, true = 7.047439e-13 (requested = 1.000000e-12)
PyQUDA INFO: Time = 0.344 secs, Performance = 146.221 GFLOPS
BiCGstab: Convergence at 30 iterations, L2 relative residual: iterated = 2.527158e-13, true = 2.527158e-13 (requested = 1.000000e-12)
PyQUDA INFO: Time = 0.329 secs, Performance = 152.859 GFLOPS
BiCGstab: Convergence at 30 iterations, L2 relative residual: iterated = 6.893979e-13, true = 6.893979e-13 (requested = 1.000000e-12)
PyQUDA INFO: Time = 0.322 secs, Performance = 154.129 GFLOPS
BiCGstab: Convergence at 29 iterations, L2 relative residual: iterated = 6.143296e-13, true = 6.143296e-13 (requested = 1.000000e-12)
PyQUDA INFO: Time = 0.328 secs, Performance = 149.094 GFLOPS
BiCGstab: Convergence at 29 iterations, L2 relative residual: iterated = 7.294730e-13, true = 7.294730e-13 (requested = 1.000000e-12)
PyQUDA INFO: Time = 0.329 secs, Performance = 148.589 GFLOPS
BiCGstab: Convergence at 29 iterations, L2 relative residual: iterated = 9.405567e-13, true = 9.405567e-13 (requested = 1.000000e-12)
PyQUDA INFO: Time = 0.319 secs, Performance = 151.335 GFLOPS
BiCGstab: Convergence at 29 iterations, L2 relative residual: iterated = 5.516465e-13, true = 5.516465e-13 (requested = 1.000000e-12)
PyQUDA INFO: Time = 0.320 secs, Performance = 150.649 GFLOPS
BiCGstab: Convergence at 30 iterations, L2 relative residual: iterated = 2.927641e-13, true = 2.927641e-13 (requested = 1.000000e-12)
PyQUDA INFO: Time = 0.334 secs, Performance = 150.786 GFLOPS
BiCGstab: Convergence at 29 iterations, L2 relative residual: iterated = 6.337428e-13, true = 6.337428e-13 (requested = 1.000000e-12)
PyQUDA INFO: Time = 0.331 secs, Performance = 147.676 GFLOPS
BiCGstab: Convergence at 30 iterations, L2 relative residual: iterated = 1.878859e-13, true = 1.878859e-13 (requested = 1.000000e-12)
PyQUDA INFO: Time = 0.308 secs, Performance = 159.000 GFLOPS
BiCGstab: Convergence at 30 iterations, L2 relative residual: iterated = 1.717254e-13, true = 1.717254e-13 (requested = 1.000000e-12)
PyQUDA INFO: Time = 0.340 secs, Performance = 147.891 GFLOPS
BiCGstab: Convergence at 28 iterations, L2 relative residual: iterated = 4.050283e-13, true = 4.050283e-13 (requested = 1.000000e-12)
PyQUDA INFO: Time = 0.336 secs, Performance = 139.200 GFLOPS
BiCGstab: Convergence at 28 iterations, L2 relative residual: iterated = 4.228813e-13, true = 4.228813e-13 (requested = 1.000000e-12)
PyQUDA INFO: Time = 0.328 secs, Performance = 144.603 GFLOPS
BiCGstab: Convergence at 28 iterations, L2 relative residual: iterated = 2.919621e-13, true = 2.919621e-13 (requested = 1.000000e-12)
PyQUDA INFO: Time = 0.308 secs, Performance = 152.130 GFLOPS
BiCGstab: Convergence at 29 iterations, L2 relative residual: iterated = 1.443032e-13, true = 1.443032e-13 (requested = 1.000000e-12)
PyQUDA INFO: Time = 0.333 secs, Performance = 146.819 GFLOPS
BiCGstab: Convergence at 27 iterations, L2 relative residual: iterated = 6.315029e-13, true = 6.315029e-13 (requested = 1.000000e-12)
PyQUDA INFO: Time = 0.308 secs, Performance = 147.451 GFLOPS
BiCGstab: Convergence at 28 iterations, L2 relative residual: iterated = 8.938817e-13, true = 8.938817e-13 (requested = 1.000000e-12)
PyQUDA INFO: Time = 0.312 secs, Performance = 149.928 GFLOPS
BiCGstab: Convergence at 28 iterations, L2 relative residual: iterated = 3.297877e-13, true = 3.297877e-13 (requested = 1.000000e-12)
PyQUDA INFO: Time = 0.328 secs, Performance = 144.628 GFLOPS
BiCGstab: Convergence at 29 iterations, L2 relative residual: iterated = 1.970938e-13, true = 1.970938e-13 (requested = 1.000000e-12)
PyQUDA INFO: Time = 0.345 secs, Performance = 143.783 GFLOPS
BiCGstab: Convergence at 27 iterations, L2 relative residual: iterated = 9.948750e-13, true = 9.948750e-13 (requested = 1.000000e-12)
PyQUDA INFO: Time = 0.334 secs, Performance = 139.643 GFLOPS
BiCGstab: Convergence at 29 iterations, L2 relative residual: iterated = 2.711899e-13, true = 2.711899e-13 (requested = 1.000000e-12)
PyQUDA INFO: Time = 0.313 secs, Performance = 154.210 GFLOPS
BiCGstab: Convergence at 28 iterations, L2 relative residual: iterated = 3.326529e-13, true = 3.326529e-13 (requested = 1.000000e-12)
PyQUDA INFO: Time = 0.324 secs, Performance = 146.612 GFLOPS
BiCGstab: Convergence at 29 iterations, L2 relative residual: iterated = 5.950106e-13, true = 5.950106e-13 (requested = 1.000000e-12)
PyQUDA INFO: Time = 0.345 secs, Performance = 143.877 GFLOPS
BiCGstab: Convergence at 28 iterations, L2 relative residual: iterated = 1.099541e-13, true = 1.099541e-13 (requested = 1.000000e-12)
PyQUDA INFO: Time = 0.274 secs, Performance = 173.268 GFLOPS
BiCGstab: Convergence at 27 iterations, L2 relative residual: iterated = 4.866696e-13, true = 4.866696e-13 (requested = 1.000000e-12)
PyQUDA INFO: Time = 0.149 secs, Performance = 308.337 GFLOPS
BiCGstab: Convergence at 26 iterations, L2 relative residual: iterated = 8.385813e-13, true = 8.385813e-13 (requested = 1.000000e-12)
PyQUDA INFO: Time = 0.156 secs, Performance = 290.132 GFLOPS
BiCGstab: Convergence at 27 iterations, L2 relative residual: iterated = 3.701012e-13, true = 3.701012e-13 (requested = 1.000000e-12)
PyQUDA INFO: Time = 0.150 secs, Performance = 307.262 GFLOPS
BiCGstab: Convergence at 27 iterations, L2 relative residual: iterated = 2.875839e-13, true = 2.875839e-13 (requested = 1.000000e-12)
PyQUDA INFO: Time = 0.150 secs, Performance = 306.857 GFLOPS
BiCGstab: Convergence at 27 iterations, L2 relative residual: iterated = 2.804159e-13, true = 2.804159e-13 (requested = 1.000000e-12)
PyQUDA INFO: Time = 0.151 secs, Performance = 305.235 GFLOPS
BiCGstab: Convergence at 28 iterations, L2 relative residual: iterated = 3.949218e-13, true = 3.949218e-13 (requested = 1.000000e-12)
PyQUDA INFO: Time = 0.201 secs, Performance = 236.392 GFLOPS
BiCGstab: Convergence at 28 iterations, L2 relative residual: iterated = 1.332248e-13, true = 1.332248e-13 (requested = 1.000000e-12)
PyQUDA INFO: Time = 0.304 secs, Performance = 155.991 GFLOPS
BiCGstab: Convergence at 27 iterations, L2 relative residual: iterated = 8.057242e-13, true = 8.057242e-13 (requested = 1.000000e-12)
PyQUDA INFO: Time = 0.317 secs, Performance = 145.433 GFLOPS
BiCGstab: Convergence at 28 iterations, L2 relative residual: iterated = 1.806482e-13, true = 1.806482e-13 (requested = 1.000000e-12)
PyQUDA INFO: Time = 0.321 secs, Performance = 147.988 GFLOPS
BiCGstab: Convergence at 27 iterations, L2 relative residual: iterated = 4.412244e-13, true = 4.412244e-13 (requested = 1.000000e-12)
PyQUDA INFO: Time = 0.319 secs, Performance = 144.434 GFLOPS
BiCGstab: Convergence at 28 iterations, L2 relative residual: iterated = 1.849142e-13, true = 1.849142e-13 (requested = 1.000000e-12)
PyQUDA INFO: Time = 0.319 secs, Performance = 148.856 GFLOPS
BiCGstab: Convergence at 27 iterations, L2 relative residual: iterated = 9.496400e-13, true = 9.496400e-13 (requested = 1.000000e-12)
PyQUDA INFO: Time = 0.331 secs, Performance = 138.877 GFLOPS
BiCGstab: Convergence at 28 iterations, L2 relative residual: iterated = 4.908517e-13, true = 4.908517e-13 (requested = 1.000000e-12)
PyQUDA INFO: Time = 0.319 secs, Performance = 148.888 GFLOPS
BiCGstab: Convergence at 27 iterations, L2 relative residual: iterated = 8.990092e-13, true = 8.990092e-13 (requested = 1.000000e-12)
PyQUDA INFO: Time = 0.320 secs, Performance = 143.817 GFLOPS
BiCGstab: Convergence at 28 iterations, L2 relative residual: iterated = 3.516804e-13, true = 3.516804e-13 (requested = 1.000000e-12)
PyQUDA INFO: Time = 0.322 secs, Performance = 147.272 GFLOPS
BiCGstab: Convergence at 28 iterations, L2 relative residual: iterated = 2.094799e-13, true = 2.094799e-13 (requested = 1.000000e-12)
PyQUDA INFO: Time = 0.330 secs, Performance = 145.904 GFLOPS
BiCGstab: Convergence at 27 iterations, L2 relative residual: iterated = 6.660052e-13, true = 6.660052e-13 (requested = 1.000000e-12)
PyQUDA INFO: Time = 0.319 secs, Performance = 144.415 GFLOPS
BiCGstab: Convergence at 28 iterations, L2 relative residual: iterated = 7.187095e-13, true = 7.187095e-13 (requested = 1.000000e-12)
PyQUDA INFO: Time = 0.312 secs, Performance = 149.783 GFLOPS
BiCGstab: Convergence at 27 iterations, L2 relative residual: iterated = 4.786538e-13, true = 4.786538e-13 (requested = 1.000000e-12)
PyQUDA INFO: Time = 0.340 secs, Performance = 137.547 GFLOPS
BiCGstab: Convergence at 27 iterations, L2 relative residual: iterated = 5.544272e-13, true = 5.544272e-13 (requested = 1.000000e-12)
PyQUDA INFO: Time = 0.316 secs, Performance = 145.772 GFLOPS
BiCGstab: Convergence at 27 iterations, L2 relative residual: iterated = 8.639982e-13, true = 8.639982e-13 (requested = 1.000000e-12)
PyQUDA INFO: Time = 0.305 secs, Performance = 148.530 GFLOPS
BiCGstab: Convergence at 27 iterations, L2 relative residual: iterated = 4.236327e-13, true = 4.236327e-13 (requested = 1.000000e-12)
PyQUDA INFO: Time = 0.311 secs, Performance = 147.888 GFLOPS
BiCGstab: Convergence at 27 iterations, L2 relative residual: iterated = 3.792788e-13, true = 3.792788e-13 (requested = 1.000000e-12)
PyQUDA INFO: Time = 0.319 secs, Performance = 144.466 GFLOPS
Processing configurations:  68%|██████▊   | 34/50 [08:08<04:12, 15.75s/it]BiCGstab: Convergence at 30 iterations, L2 relative residual: iterated = 6.159800e-13, true = 6.159800e-13 (requested = 1.000000e-12)
PyQUDA INFO: Time = 0.354 secs, Performance = 142.070 GFLOPS
BiCGstab: Convergence at 30 iterations, L2 relative residual: iterated = 1.745631e-13, true = 1.745631e-13 (requested = 1.000000e-12)
PyQUDA INFO: Time = 0.332 secs, Performance = 149.774 GFLOPS
BiCGstab: Convergence at 31 iterations, L2 relative residual: iterated = 1.200563e-13, true = 1.200563e-13 (requested = 1.000000e-12)
PyQUDA INFO: Time = 0.324 secs, Performance = 157.579 GFLOPS
BiCGstab: Convergence at 30 iterations, L2 relative residual: iterated = 7.753606e-13, true = 7.753606e-13 (requested = 1.000000e-12)
PyQUDA INFO: Time = 0.333 secs, Performance = 150.948 GFLOPS
BiCGstab: Convergence at 31 iterations, L2 relative residual: iterated = 1.035862e-13, true = 1.035862e-13 (requested = 1.000000e-12)
PyQUDA INFO: Time = 0.354 secs, Performance = 147.960 GFLOPS
BiCGstab: Convergence at 31 iterations, L2 relative residual: iterated = 2.409916e-13, true = 2.409916e-13 (requested = 1.000000e-12)
PyQUDA INFO: Time = 0.348 secs, Performance = 148.814 GFLOPS
BiCGstab: Convergence at 31 iterations, L2 relative residual: iterated = 2.448346e-13, true = 2.448346e-13 (requested = 1.000000e-12)
PyQUDA INFO: Time = 0.344 secs, Performance = 150.238 GFLOPS
BiCGstab: Convergence at 30 iterations, L2 relative residual: iterated = 6.291929e-13, true = 6.291929e-13 (requested = 1.000000e-12)
PyQUDA INFO: Time = 0.339 secs, Performance = 148.353 GFLOPS
BiCGstab: Convergence at 29 iterations, L2 relative residual: iterated = 6.155139e-13, true = 6.155139e-13 (requested = 1.000000e-12)
PyQUDA INFO: Time = 0.326 secs, Performance = 150.203 GFLOPS
BiCGstab: Convergence at 29 iterations, L2 relative residual: iterated = 5.074937e-13, true = 5.074937e-13 (requested = 1.000000e-12)
PyQUDA INFO: Time = 0.316 secs, Performance = 152.707 GFLOPS
BiCGstab: Convergence at 29 iterations, L2 relative residual: iterated = 4.896963e-13, true = 4.896963e-13 (requested = 1.000000e-12)
PyQUDA INFO: Time = 0.333 secs, Performance = 146.750 GFLOPS
BiCGstab: Convergence at 29 iterations, L2 relative residual: iterated = 5.920147e-13, true = 5.920147e-13 (requested = 1.000000e-12)
PyQUDA INFO: Time = 0.328 secs, Performance = 148.883 GFLOPS
BiCGstab: Convergence at 29 iterations, L2 relative residual: iterated = 2.882900e-13, true = 2.882900e-13 (requested = 1.000000e-12)
PyQUDA INFO: Time = 0.357 secs, Performance = 137.000 GFLOPS
BiCGstab: Convergence at 28 iterations, L2 relative residual: iterated = 9.839459e-13, true = 9.839459e-13 (requested = 1.000000e-12)
PyQUDA INFO: Time = 0.312 secs, Performance = 149.834 GFLOPS
BiCGstab: Convergence at 29 iterations, L2 relative residual: iterated = 3.934931e-13, true = 3.934931e-13 (requested = 1.000000e-12)
PyQUDA INFO: Time = 0.330 secs, Performance = 148.208 GFLOPS
BiCGstab: Convergence at 28 iterations, L2 relative residual: iterated = 5.265944e-13, true = 5.265944e-13 (requested = 1.000000e-12)
PyQUDA INFO: Time = 0.311 secs, Performance = 150.461 GFLOPS
BiCGstab: Convergence at 28 iterations, L2 relative residual: iterated = 2.768680e-13, true = 2.768680e-13 (requested = 1.000000e-12)
PyQUDA INFO: Time = 0.324 secs, Performance = 146.692 GFLOPS
BiCGstab: Convergence at 29 iterations, L2 relative residual: iterated = 3.069659e-13, true = 3.069659e-13 (requested = 1.000000e-12)
PyQUDA INFO: Time = 0.317 secs, Performance = 152.070 GFLOPS
BiCGstab: Convergence at 28 iterations, L2 relative residual: iterated = 3.963255e-13, true = 3.963255e-13 (requested = 1.000000e-12)
PyQUDA INFO: Time = 0.326 secs, Performance = 145.418 GFLOPS
BiCGstab: Convergence at 28 iterations, L2 relative residual: iterated = 2.259747e-13, true = 2.259747e-13 (requested = 1.000000e-12)
PyQUDA INFO: Time = 0.326 secs, Performance = 145.805 GFLOPS
BiCGstab: Convergence at 28 iterations, L2 relative residual: iterated = 5.024826e-13, true = 5.024826e-13 (requested = 1.000000e-12)
PyQUDA INFO: Time = 0.301 secs, Performance = 153.138 GFLOPS
BiCGstab: Convergence at 28 iterations, L2 relative residual: iterated = 6.226104e-13, true = 6.226104e-13 (requested = 1.000000e-12)
PyQUDA INFO: Time = 0.330 secs, Performance = 143.930 GFLOPS
BiCGstab: Convergence at 28 iterations, L2 relative residual: iterated = 3.779858e-13, true = 3.779858e-13 (requested = 1.000000e-12)
PyQUDA INFO: Time = 0.322 secs, Performance = 147.284 GFLOPS
BiCGstab: Convergence at 28 iterations, L2 relative residual: iterated = 4.031420e-13, true = 4.031420e-13 (requested = 1.000000e-12)
PyQUDA INFO: Time = 0.323 secs, Performance = 146.848 GFLOPS
BiCGstab: Convergence at 27 iterations, L2 relative residual: iterated = 4.432602e-13, true = 4.432602e-13 (requested = 1.000000e-12)
PyQUDA INFO: Time = 0.260 secs, Performance = 177.352 GFLOPS
BiCGstab: Convergence at 27 iterations, L2 relative residual: iterated = 5.142324e-13, true = 5.142324e-13 (requested = 1.000000e-12)
PyQUDA INFO: Time = 0.157 secs, Performance = 297.160 GFLOPS
BiCGstab: Convergence at 27 iterations, L2 relative residual: iterated = 6.225440e-13, true = 6.225440e-13 (requested = 1.000000e-12)
PyQUDA INFO: Time = 0.162 secs, Performance = 283.392 GFLOPS
BiCGstab: Convergence at 27 iterations, L2 relative residual: iterated = 5.188165e-13, true = 5.188165e-13 (requested = 1.000000e-12)
PyQUDA INFO: Time = 0.172 secs, Performance = 267.917 GFLOPS
BiCGstab: Convergence at 27 iterations, L2 relative residual: iterated = 2.997671e-13, true = 2.997671e-13 (requested = 1.000000e-12)
PyQUDA INFO: Time = 0.226 secs, Performance = 203.271 GFLOPS
BiCGstab: Convergence at 27 iterations, L2 relative residual: iterated = 5.112529e-13, true = 5.112529e-13 (requested = 1.000000e-12)
PyQUDA INFO: Time = 0.209 secs, Performance = 220.230 GFLOPS
BiCGstab: Convergence at 27 iterations, L2 relative residual: iterated = 3.029629e-13, true = 3.029629e-13 (requested = 1.000000e-12)
PyQUDA INFO: Time = 0.307 secs, Performance = 152.332 GFLOPS
BiCGstab: Convergence at 27 iterations, L2 relative residual: iterated = 4.324782e-13, true = 4.324782e-13 (requested = 1.000000e-12)
PyQUDA INFO: Time = 0.307 secs, Performance = 147.954 GFLOPS
BiCGstab: Convergence at 26 iterations, L2 relative residual: iterated = 8.435454e-13, true = 8.435454e-13 (requested = 1.000000e-12)
PyQUDA INFO: Time = 0.310 secs, Performance = 144.085 GFLOPS
BiCGstab: Convergence at 26 iterations, L2 relative residual: iterated = 7.478640e-13, true = 7.478640e-13 (requested = 1.000000e-12)
PyQUDA INFO: Time = 0.293 secs, Performance = 149.920 GFLOPS
BiCGstab: Convergence at 28 iterations, L2 relative residual: iterated = 1.690555e-13, true = 1.690555e-13 (requested = 1.000000e-12)
PyQUDA INFO: Time = 0.330 secs, Performance = 145.806 GFLOPS
BiCGstab: Convergence at 26 iterations, L2 relative residual: iterated = 9.776715e-13, true = 9.776715e-13 (requested = 1.000000e-12)
PyQUDA INFO: Time = 0.298 secs, Performance = 147.520 GFLOPS
BiCGstab: Convergence at 27 iterations, L2 relative residual: iterated = 3.939306e-13, true = 3.939306e-13 (requested = 1.000000e-12)
PyQUDA INFO: Time = 0.331 secs, Performance = 139.120 GFLOPS
BiCGstab: Convergence at 27 iterations, L2 relative residual: iterated = 4.078667e-13, true = 4.078667e-13 (requested = 1.000000e-12)
PyQUDA INFO: Time = 0.302 secs, Performance = 149.965 GFLOPS
BiCGstab: Convergence at 28 iterations, L2 relative residual: iterated = 1.389948e-13, true = 1.389948e-13 (requested = 1.000000e-12)
PyQUDA INFO: Time = 0.319 secs, Performance = 148.749 GFLOPS
BiCGstab: Convergence at 27 iterations, L2 relative residual: iterated = 4.828374e-13, true = 4.828374e-13 (requested = 1.000000e-12)
PyQUDA INFO: Time = 0.325 secs, Performance = 143.701 GFLOPS
BiCGstab: Convergence at 27 iterations, L2 relative residual: iterated = 6.780091e-13, true = 6.780091e-13 (requested = 1.000000e-12)
PyQUDA INFO: Time = 0.319 secs, Performance = 144.533 GFLOPS
BiCGstab: Convergence at 27 iterations, L2 relative residual: iterated = 4.937550e-13, true = 4.937550e-13 (requested = 1.000000e-12)
PyQUDA INFO: Time = 0.314 secs, Performance = 146.562 GFLOPS
BiCGstab: Convergence at 27 iterations, L2 relative residual: iterated = 4.361491e-13, true = 4.361491e-13 (requested = 1.000000e-12)
PyQUDA INFO: Time = 0.326 secs, Performance = 141.392 GFLOPS
BiCGstab: Convergence at 27 iterations, L2 relative residual: iterated = 5.938402e-13, true = 5.938402e-13 (requested = 1.000000e-12)
PyQUDA INFO: Time = 0.318 secs, Performance = 144.720 GFLOPS
BiCGstab: Convergence at 27 iterations, L2 relative residual: iterated = 7.011770e-13, true = 7.011770e-13 (requested = 1.000000e-12)
PyQUDA INFO: Time = 0.297 secs, Performance = 152.791 GFLOPS
BiCGstab: Convergence at 27 iterations, L2 relative residual: iterated = 9.755326e-13, true = 9.755326e-13 (requested = 1.000000e-12)
PyQUDA INFO: Time = 0.317 secs, Performance = 145.129 GFLOPS
BiCGstab: Convergence at 27 iterations, L2 relative residual: iterated = 5.155619e-13, true = 5.155619e-13 (requested = 1.000000e-12)
PyQUDA INFO: Time = 0.317 secs, Performance = 145.282 GFLOPS
BiCGstab: Convergence at 27 iterations, L2 relative residual: iterated = 4.405953e-13, true = 4.405953e-13 (requested = 1.000000e-12)
PyQUDA INFO: Time = 0.300 secs, Performance = 151.264 GFLOPS
Processing configurations:  70%|███████   | 35/50 [08:24<03:56, 15.80s/it]BiCGstab: Convergence at 29 iterations, L2 relative residual: iterated = 6.423106e-13, true = 6.423106e-13 (requested = 1.000000e-12)
PyQUDA INFO: Time = 0.356 secs, Performance = 137.233 GFLOPS
BiCGstab: Convergence at 30 iterations, L2 relative residual: iterated = 3.169373e-13, true = 3.169373e-13 (requested = 1.000000e-12)
PyQUDA INFO: Time = 0.322 secs, Performance = 154.245 GFLOPS
BiCGstab: Convergence at 29 iterations, L2 relative residual: iterated = 7.510821e-13, true = 7.510821e-13 (requested = 1.000000e-12)
PyQUDA INFO: Time = 0.317 secs, Performance = 151.999 GFLOPS
BiCGstab: Convergence at 30 iterations, L2 relative residual: iterated = 2.631503e-13, true = 2.631503e-13 (requested = 1.000000e-12)
PyQUDA INFO: Time = 0.322 secs, Performance = 154.115 GFLOPS
BiCGstab: Convergence at 29 iterations, L2 relative residual: iterated = 5.593477e-13, true = 5.593477e-13 (requested = 1.000000e-12)
PyQUDA INFO: Time = 0.313 secs, Performance = 154.268 GFLOPS
BiCGstab: Convergence at 30 iterations, L2 relative residual: iterated = 5.746165e-13, true = 5.746165e-13 (requested = 1.000000e-12)
PyQUDA INFO: Time = 0.322 secs, Performance = 154.139 GFLOPS
BiCGstab: Convergence at 30 iterations, L2 relative residual: iterated = 2.282305e-13, true = 2.282305e-13 (requested = 1.000000e-12)
PyQUDA INFO: Time = 0.326 secs, Performance = 152.209 GFLOPS
BiCGstab: Convergence at 29 iterations, L2 relative residual: iterated = 9.321517e-13, true = 9.321517e-13 (requested = 1.000000e-12)
PyQUDA INFO: Time = 0.318 secs, Performance = 151.853 GFLOPS
BiCGstab: Convergence at 29 iterations, L2 relative residual: iterated = 8.002186e-13, true = 8.002186e-13 (requested = 1.000000e-12)
PyQUDA INFO: Time = 0.314 secs, Performance = 153.669 GFLOPS
BiCGstab: Convergence at 30 iterations, L2 relative residual: iterated = 9.307850e-13, true = 9.307850e-13 (requested = 1.000000e-12)
PyQUDA INFO: Time = 0.333 secs, Performance = 151.001 GFLOPS
BiCGstab: Convergence at 31 iterations, L2 relative residual: iterated = 6.799353e-13, true = 6.799353e-13 (requested = 1.000000e-12)
PyQUDA INFO: Time = 0.342 secs, Performance = 151.444 GFLOPS
BiCGstab: Convergence at 29 iterations, L2 relative residual: iterated = 6.818147e-13, true = 6.818147e-13 (requested = 1.000000e-12)
PyQUDA INFO: Time = 0.333 secs, Performance = 146.748 GFLOPS
BiCGstab: Convergence at 28 iterations, L2 relative residual: iterated = 9.820156e-13, true = 9.820156e-13 (requested = 1.000000e-12)
PyQUDA INFO: Time = 0.357 secs, Performance = 133.030 GFLOPS
BiCGstab: Convergence at 29 iterations, L2 relative residual: iterated = 4.527430e-13, true = 4.527430e-13 (requested = 1.000000e-12)
PyQUDA INFO: Time = 0.331 secs, Performance = 147.627 GFLOPS
BiCGstab: Convergence at 28 iterations, L2 relative residual: iterated = 5.467462e-13, true = 5.467462e-13 (requested = 1.000000e-12)
PyQUDA INFO: Time = 0.326 secs, Performance = 145.821 GFLOPS
BiCGstab: Convergence at 28 iterations, L2 relative residual: iterated = 7.112813e-13, true = 7.112813e-13 (requested = 1.000000e-12)
PyQUDA INFO: Time = 0.324 secs, Performance = 146.641 GFLOPS
BiCGstab: Convergence at 28 iterations, L2 relative residual: iterated = 4.638309e-13, true = 4.638309e-13 (requested = 1.000000e-12)
PyQUDA INFO: Time = 0.323 secs, Performance = 146.777 GFLOPS
BiCGstab: Convergence at 29 iterations, L2 relative residual: iterated = 1.855982e-13, true = 1.855982e-13 (requested = 1.000000e-12)
PyQUDA INFO: Time = 0.317 secs, Performance = 151.978 GFLOPS
BiCGstab: Convergence at 28 iterations, L2 relative residual: iterated = 5.362080e-13, true = 5.362080e-13 (requested = 1.000000e-12)
PyQUDA INFO: Time = 0.312 secs, Performance = 149.802 GFLOPS
BiCGstab: Convergence at 28 iterations, L2 relative residual: iterated = 6.143443e-13, true = 6.143443e-13 (requested = 1.000000e-12)
PyQUDA INFO: Time = 0.314 secs, Performance = 149.097 GFLOPS
BiCGstab: Convergence at 28 iterations, L2 relative residual: iterated = 4.455546e-13, true = 4.455546e-13 (requested = 1.000000e-12)
PyQUDA INFO: Time = 0.311 secs, Performance = 150.574 GFLOPS
BiCGstab: Convergence at 29 iterations, L2 relative residual: iterated = 1.275041e-13, true = 1.275041e-13 (requested = 1.000000e-12)
PyQUDA INFO: Time = 0.333 secs, Performance = 147.027 GFLOPS
BiCGstab: Convergence at 28 iterations, L2 relative residual: iterated = 7.995274e-13, true = 7.995274e-13 (requested = 1.000000e-12)
PyQUDA INFO: Time = 0.327 secs, Performance = 145.255 GFLOPS
BiCGstab: Convergence at 27 iterations, L2 relative residual: iterated = 9.527264e-13, true = 9.527264e-13 (requested = 1.000000e-12)
PyQUDA INFO: Time = 0.319 secs, Performance = 144.464 GFLOPS
BiCGstab: Convergence at 27 iterations, L2 relative residual: iterated = 4.573095e-13, true = 4.573095e-13 (requested = 1.000000e-12)
PyQUDA INFO: Time = 0.161 secs, Performance = 285.158 GFLOPS
BiCGstab: Convergence at 27 iterations, L2 relative residual: iterated = 6.152792e-13, true = 6.152792e-13 (requested = 1.000000e-12)
PyQUDA INFO: Time = 0.150 secs, Performance = 307.275 GFLOPS
BiCGstab: Convergence at 28 iterations, L2 relative residual: iterated = 2.461766e-13, true = 2.461766e-13 (requested = 1.000000e-12)
PyQUDA INFO: Time = 0.153 secs, Performance = 309.308 GFLOPS
BiCGstab: Convergence at 26 iterations, L2 relative residual: iterated = 9.507844e-13, true = 9.507844e-13 (requested = 1.000000e-12)
PyQUDA INFO: Time = 0.148 secs, Performance = 302.203 GFLOPS
BiCGstab: Convergence at 27 iterations, L2 relative residual: iterated = 4.126848e-13, true = 4.126848e-13 (requested = 1.000000e-12)
PyQUDA INFO: Time = 0.151 secs, Performance = 304.380 GFLOPS
BiCGstab: Convergence at 27 iterations, L2 relative residual: iterated = 3.626499e-13, true = 3.626499e-13 (requested = 1.000000e-12)
PyQUDA INFO: Time = 0.155 secs, Performance = 296.310 GFLOPS
BiCGstab: Convergence at 28 iterations, L2 relative residual: iterated = 4.518877e-13, true = 4.518877e-13 (requested = 1.000000e-12)
PyQUDA INFO: Time = 0.293 secs, Performance = 161.768 GFLOPS
BiCGstab: Convergence at 27 iterations, L2 relative residual: iterated = 5.230384e-13, true = 5.230384e-13 (requested = 1.000000e-12)
PyQUDA INFO: Time = 0.315 secs, Performance = 146.004 GFLOPS
BiCGstab: Convergence at 26 iterations, L2 relative residual: iterated = 9.164374e-13, true = 9.164374e-13 (requested = 1.000000e-12)
PyQUDA INFO: Time = 0.296 secs, Performance = 148.257 GFLOPS
BiCGstab: Convergence at 28 iterations, L2 relative residual: iterated = 4.689220e-13, true = 4.689220e-13 (requested = 1.000000e-12)
PyQUDA INFO: Time = 0.322 secs, Performance = 147.593 GFLOPS
BiCGstab: Convergence at 28 iterations, L2 relative residual: iterated = 1.522435e-13, true = 1.522435e-13 (requested = 1.000000e-12)
PyQUDA INFO: Time = 0.332 secs, Performance = 144.956 GFLOPS
BiCGstab: Convergence at 27 iterations, L2 relative residual: iterated = 3.227157e-13, true = 3.227157e-13 (requested = 1.000000e-12)
PyQUDA INFO: Time = 0.319 secs, Performance = 144.515 GFLOPS
BiCGstab: Convergence at 27 iterations, L2 relative residual: iterated = 4.714878e-13, true = 4.714878e-13 (requested = 1.000000e-12)
PyQUDA INFO: Time = 0.331 secs, Performance = 138.898 GFLOPS
BiCGstab: Convergence at 27 iterations, L2 relative residual: iterated = 4.631068e-13, true = 4.631068e-13 (requested = 1.000000e-12)
PyQUDA INFO: Time = 0.314 secs, Performance = 146.643 GFLOPS
BiCGstab: Convergence at 27 iterations, L2 relative residual: iterated = 4.686462e-13, true = 4.686462e-13 (requested = 1.000000e-12)
PyQUDA INFO: Time = 0.304 secs, Performance = 149.139 GFLOPS
BiCGstab: Convergence at 27 iterations, L2 relative residual: iterated = 9.252339e-13, true = 9.252339e-13 (requested = 1.000000e-12)
PyQUDA INFO: Time = 0.317 secs, Performance = 145.189 GFLOPS
BiCGstab: Convergence at 28 iterations, L2 relative residual: iterated = 3.390821e-13, true = 3.390821e-13 (requested = 1.000000e-12)
PyQUDA INFO: Time = 0.324 secs, Performance = 146.724 GFLOPS
BiCGstab: Convergence at 28 iterations, L2 relative residual: iterated = 3.345757e-13, true = 3.345757e-13 (requested = 1.000000e-12)
PyQUDA INFO: Time = 0.335 secs, Performance = 143.768 GFLOPS
BiCGstab: Convergence at 27 iterations, L2 relative residual: iterated = 5.719482e-13, true = 5.719482e-13 (requested = 1.000000e-12)
PyQUDA INFO: Time = 0.299 secs, Performance = 151.698 GFLOPS
BiCGstab: Convergence at 27 iterations, L2 relative residual: iterated = 4.924535e-13, true = 4.924535e-13 (requested = 1.000000e-12)
PyQUDA INFO: Time = 0.308 secs, Performance = 147.073 GFLOPS
BiCGstab: Convergence at 28 iterations, L2 relative residual: iterated = 2.067296e-13, true = 2.067296e-13 (requested = 1.000000e-12)
PyQUDA INFO: Time = 0.321 secs, Performance = 147.958 GFLOPS
BiCGstab: Convergence at 27 iterations, L2 relative residual: iterated = 6.809485e-13, true = 6.809485e-13 (requested = 1.000000e-12)
PyQUDA INFO: Time = 0.314 secs, Performance = 146.632 GFLOPS
BiCGstab: Convergence at 27 iterations, L2 relative residual: iterated = 4.253161e-13, true = 4.253161e-13 (requested = 1.000000e-12)
PyQUDA INFO: Time = 0.330 secs, Performance = 141.509 GFLOPS
BiCGstab: Convergence at 28 iterations, L2 relative residual: iterated = 7.274386e-13, true = 7.274386e-13 (requested = 1.000000e-12)
PyQUDA INFO: Time = 0.324 secs, Performance = 146.648 GFLOPS
Processing configurations:  72%|███████▏  | 36/50 [08:39<03:40, 15.75s/it]BiCGstab: Convergence at 29 iterations, L2 relative residual: iterated = 6.771023e-13, true = 6.771023e-13 (requested = 1.000000e-12)
PyQUDA INFO: Time = 0.356 secs, Performance = 137.258 GFLOPS
BiCGstab: Convergence at 29 iterations, L2 relative residual: iterated = 8.888948e-13, true = 8.888948e-13 (requested = 1.000000e-12)
PyQUDA INFO: Time = 0.328 secs, Performance = 148.951 GFLOPS
BiCGstab: Convergence at 32 iterations, L2 relative residual: iterated = 4.521977e-14, true = 4.521977e-14 (requested = 1.000000e-12)
PyQUDA INFO: Time = 0.348 secs, Performance = 152.889 GFLOPS
BiCGstab: Convergence at 29 iterations, L2 relative residual: iterated = 3.544831e-13, true = 3.544831e-13 (requested = 1.000000e-12)
PyQUDA INFO: Time = 0.312 secs, Performance = 154.337 GFLOPS
BiCGstab: Convergence at 29 iterations, L2 relative residual: iterated = 3.779337e-13, true = 3.779337e-13 (requested = 1.000000e-12)
PyQUDA INFO: Time = 0.329 secs, Performance = 148.834 GFLOPS
BiCGstab: Convergence at 31 iterations, L2 relative residual: iterated = 8.879898e-13, true = 8.879898e-13 (requested = 1.000000e-12)
PyQUDA INFO: Time = 0.343 secs, Performance = 150.876 GFLOPS
BiCGstab: Convergence at 29 iterations, L2 relative residual: iterated = 8.307143e-13, true = 8.307143e-13 (requested = 1.000000e-12)
PyQUDA INFO: Time = 0.314 secs, Performance = 153.565 GFLOPS
BiCGstab: Convergence at 29 iterations, L2 relative residual: iterated = 8.493372e-13, true = 8.493372e-13 (requested = 1.000000e-12)
PyQUDA INFO: Time = 0.328 secs, Performance = 148.929 GFLOPS
BiCGstab: Convergence at 29 iterations, L2 relative residual: iterated = 6.284978e-13, true = 6.284978e-13 (requested = 1.000000e-12)
PyQUDA INFO: Time = 0.316 secs, Performance = 152.653 GFLOPS
BiCGstab: Convergence at 30 iterations, L2 relative residual: iterated = 2.057923e-13, true = 2.057923e-13 (requested = 1.000000e-12)
PyQUDA INFO: Time = 0.327 secs, Performance = 151.924 GFLOPS
BiCGstab: Convergence at 29 iterations, L2 relative residual: iterated = 7.441069e-13, true = 7.441069e-13 (requested = 1.000000e-12)
PyQUDA INFO: Time = 0.313 secs, Performance = 154.266 GFLOPS
BiCGstab: Convergence at 29 iterations, L2 relative residual: iterated = 6.916288e-13, true = 6.916288e-13 (requested = 1.000000e-12)
PyQUDA INFO: Time = 0.326 secs, Performance = 149.754 GFLOPS
BiCGstab: Convergence at 28 iterations, L2 relative residual: iterated = 5.432722e-13, true = 5.432722e-13 (requested = 1.000000e-12)
PyQUDA INFO: Time = 0.352 secs, Performance = 134.737 GFLOPS
BiCGstab: Convergence at 28 iterations, L2 relative residual: iterated = 3.379149e-13, true = 3.379149e-13 (requested = 1.000000e-12)
PyQUDA INFO: Time = 0.312 secs, Performance = 149.807 GFLOPS
BiCGstab: Convergence at 29 iterations, L2 relative residual: iterated = 1.915065e-13, true = 1.915065e-13 (requested = 1.000000e-12)
PyQUDA INFO: Time = 0.333 secs, Performance = 147.023 GFLOPS
BiCGstab: Convergence at 29 iterations, L2 relative residual: iterated = 6.844719e-13, true = 6.844719e-13 (requested = 1.000000e-12)
PyQUDA INFO: Time = 0.332 secs, Performance = 147.302 GFLOPS
BiCGstab: Convergence at 28 iterations, L2 relative residual: iterated = 3.484912e-13, true = 3.484912e-13 (requested = 1.000000e-12)
PyQUDA INFO: Time = 0.314 secs, Performance = 149.043 GFLOPS
BiCGstab: Convergence at 28 iterations, L2 relative residual: iterated = 4.822563e-13, true = 4.822563e-13 (requested = 1.000000e-12)
PyQUDA INFO: Time = 0.320 secs, Performance = 148.272 GFLOPS
BiCGstab: Convergence at 28 iterations, L2 relative residual: iterated = 5.847816e-13, true = 5.847816e-13 (requested = 1.000000e-12)
PyQUDA INFO: Time = 0.339 secs, Performance = 141.814 GFLOPS
BiCGstab: Convergence at 28 iterations, L2 relative residual: iterated = 7.994453e-13, true = 7.994453e-13 (requested = 1.000000e-12)
PyQUDA INFO: Time = 0.327 secs, Performance = 145.273 GFLOPS
BiCGstab: Convergence at 27 iterations, L2 relative residual: iterated = 9.030085e-13, true = 9.030085e-13 (requested = 1.000000e-12)
PyQUDA INFO: Time = 0.303 secs, Performance = 149.873 GFLOPS
BiCGstab: Convergence at 27 iterations, L2 relative residual: iterated = 9.582518e-13, true = 9.582518e-13 (requested = 1.000000e-12)
PyQUDA INFO: Time = 0.323 secs, Performance = 142.608 GFLOPS
BiCGstab: Convergence at 28 iterations, L2 relative residual: iterated = 5.250522e-13, true = 5.250522e-13 (requested = 1.000000e-12)
PyQUDA INFO: Time = 0.308 secs, Performance = 151.819 GFLOPS
BiCGstab: Convergence at 29 iterations, L2 relative residual: iterated = 8.946558e-14, true = 8.946558e-14 (requested = 1.000000e-12)
PyQUDA INFO: Time = 0.333 secs, Performance = 146.767 GFLOPS
BiCGstab: Convergence at 27 iterations, L2 relative residual: iterated = 7.378167e-13, true = 7.378167e-13 (requested = 1.000000e-12)
PyQUDA INFO: Time = 0.197 secs, Performance = 233.302 GFLOPS
BiCGstab: Convergence at 27 iterations, L2 relative residual: iterated = 8.226027e-13, true = 8.226027e-13 (requested = 1.000000e-12)
PyQUDA INFO: Time = 0.157 secs, Performance = 297.269 GFLOPS
BiCGstab: Convergence at 26 iterations, L2 relative residual: iterated = 8.111797e-13, true = 8.111797e-13 (requested = 1.000000e-12)
PyQUDA INFO: Time = 0.147 secs, Performance = 303.149 GFLOPS
BiCGstab: Convergence at 26 iterations, L2 relative residual: iterated = 9.544837e-13, true = 9.544837e-13 (requested = 1.000000e-12)
PyQUDA INFO: Time = 0.149 secs, Performance = 298.862 GFLOPS
BiCGstab: Convergence at 26 iterations, L2 relative residual: iterated = 7.150709e-13, true = 7.150709e-13 (requested = 1.000000e-12)
PyQUDA INFO: Time = 0.141 secs, Performance = 311.733 GFLOPS
BiCGstab: Convergence at 27 iterations, L2 relative residual: iterated = 4.949998e-13, true = 4.949998e-13 (requested = 1.000000e-12)
PyQUDA INFO: Time = 0.151 secs, Performance = 304.839 GFLOPS
BiCGstab: Convergence at 26 iterations, L2 relative residual: iterated = 7.249750e-13, true = 7.249750e-13 (requested = 1.000000e-12)
PyQUDA INFO: Time = 0.257 secs, Performance = 176.503 GFLOPS
BiCGstab: Convergence at 27 iterations, L2 relative residual: iterated = 4.971654e-13, true = 4.971654e-13 (requested = 1.000000e-12)
PyQUDA INFO: Time = 0.317 secs, Performance = 145.452 GFLOPS
BiCGstab: Convergence at 27 iterations, L2 relative residual: iterated = 4.576884e-13, true = 4.576884e-13 (requested = 1.000000e-12)
PyQUDA INFO: Time = 0.327 secs, Performance = 142.758 GFLOPS
BiCGstab: Convergence at 26 iterations, L2 relative residual: iterated = 9.278787e-13, true = 9.278787e-13 (requested = 1.000000e-12)
PyQUDA INFO: Time = 0.309 secs, Performance = 144.339 GFLOPS
BiCGstab: Convergence at 27 iterations, L2 relative residual: iterated = 6.637214e-13, true = 6.637214e-13 (requested = 1.000000e-12)
PyQUDA INFO: Time = 0.313 secs, Performance = 147.034 GFLOPS
BiCGstab: Convergence at 27 iterations, L2 relative residual: iterated = 5.179607e-13, true = 5.179607e-13 (requested = 1.000000e-12)
PyQUDA INFO: Time = 0.309 secs, Performance = 149.212 GFLOPS
BiCGstab: Convergence at 26 iterations, L2 relative residual: iterated = 9.183245e-13, true = 9.183245e-13 (requested = 1.000000e-12)
PyQUDA INFO: Time = 0.325 secs, Performance = 137.058 GFLOPS
BiCGstab: Convergence at 27 iterations, L2 relative residual: iterated = 7.450415e-13, true = 7.450415e-13 (requested = 1.000000e-12)
PyQUDA INFO: Time = 0.313 secs, Performance = 147.279 GFLOPS
BiCGstab: Convergence at 27 iterations, L2 relative residual: iterated = 3.331370e-13, true = 3.331370e-13 (requested = 1.000000e-12)
PyQUDA INFO: Time = 0.312 secs, Performance = 147.372 GFLOPS
BiCGstab: Convergence at 27 iterations, L2 relative residual: iterated = 6.672810e-13, true = 6.672810e-13 (requested = 1.000000e-12)
PyQUDA INFO: Time = 0.314 secs, Performance = 146.544 GFLOPS
BiCGstab: Convergence at 27 iterations, L2 relative residual: iterated = 4.350774e-13, true = 4.350774e-13 (requested = 1.000000e-12)
PyQUDA INFO: Time = 0.314 secs, Performance = 146.717 GFLOPS
BiCGstab: Convergence at 26 iterations, L2 relative residual: iterated = 9.929427e-13, true = 9.929427e-13 (requested = 1.000000e-12)
PyQUDA INFO: Time = 0.309 secs, Performance = 144.517 GFLOPS
BiCGstab: Convergence at 27 iterations, L2 relative residual: iterated = 4.923202e-13, true = 4.923202e-13 (requested = 1.000000e-12)
PyQUDA INFO: Time = 0.315 secs, Performance = 146.331 GFLOPS
BiCGstab: Convergence at 27 iterations, L2 relative residual: iterated = 6.921378e-13, true = 6.921378e-13 (requested = 1.000000e-12)
PyQUDA INFO: Time = 0.314 secs, Performance = 144.341 GFLOPS
BiCGstab: Convergence at 27 iterations, L2 relative residual: iterated = 8.149362e-13, true = 8.149362e-13 (requested = 1.000000e-12)
PyQUDA INFO: Time = 0.319 secs, Performance = 144.449 GFLOPS
BiCGstab: Convergence at 27 iterations, L2 relative residual: iterated = 5.499919e-13, true = 5.499919e-13 (requested = 1.000000e-12)
PyQUDA INFO: Time = 0.314 secs, Performance = 146.624 GFLOPS
BiCGstab: Convergence at 27 iterations, L2 relative residual: iterated = 3.066106e-13, true = 3.066106e-13 (requested = 1.000000e-12)
PyQUDA INFO: Time = 0.330 secs, Performance = 141.534 GFLOPS
BiCGstab: Convergence at 27 iterations, L2 relative residual: iterated = 6.595108e-13, true = 6.595108e-13 (requested = 1.000000e-12)
PyQUDA INFO: Time = 0.315 secs, Performance = 146.021 GFLOPS
Processing configurations:  74%|███████▍  | 37/50 [08:55<03:24, 15.70s/it]BiCGstab: Convergence at 29 iterations, L2 relative residual: iterated = 7.812402e-13, true = 7.812402e-13 (requested = 1.000000e-12)
PyQUDA INFO: Time = 0.333 secs, Performance = 144.631 GFLOPS
BiCGstab: Convergence at 29 iterations, L2 relative residual: iterated = 9.746734e-13, true = 9.746734e-13 (requested = 1.000000e-12)
PyQUDA INFO: Time = 0.324 secs, Performance = 148.958 GFLOPS
BiCGstab: Convergence at 31 iterations, L2 relative residual: iterated = 3.507175e-13, true = 3.507175e-13 (requested = 1.000000e-12)
PyQUDA INFO: Time = 0.332 secs, Performance = 154.039 GFLOPS
BiCGstab: Convergence at 29 iterations, L2 relative residual: iterated = 7.808371e-13, true = 7.808371e-13 (requested = 1.000000e-12)
PyQUDA INFO: Time = 0.328 secs, Performance = 149.120 GFLOPS
BiCGstab: Convergence at 29 iterations, L2 relative residual: iterated = 7.290319e-13, true = 7.290319e-13 (requested = 1.000000e-12)
PyQUDA INFO: Time = 0.318 secs, Performance = 151.768 GFLOPS
BiCGstab: Convergence at 30 iterations, L2 relative residual: iterated = 4.606246e-13, true = 4.606246e-13 (requested = 1.000000e-12)
PyQUDA INFO: Time = 0.335 secs, Performance = 150.410 GFLOPS
BiCGstab: Convergence at 29 iterations, L2 relative residual: iterated = 7.345916e-13, true = 7.345916e-13 (requested = 1.000000e-12)
PyQUDA INFO: Time = 0.316 secs, Performance = 152.644 GFLOPS
BiCGstab: Convergence at 31 iterations, L2 relative residual: iterated = 4.680844e-13, true = 4.680844e-13 (requested = 1.000000e-12)
PyQUDA INFO: Time = 0.346 secs, Performance = 149.568 GFLOPS
BiCGstab: Convergence at 30 iterations, L2 relative residual: iterated = 4.170941e-13, true = 4.170941e-13 (requested = 1.000000e-12)
PyQUDA INFO: Time = 0.333 secs, Performance = 150.945 GFLOPS
BiCGstab: Convergence at 31 iterations, L2 relative residual: iterated = 2.626310e-13, true = 2.626310e-13 (requested = 1.000000e-12)
PyQUDA INFO: Time = 0.338 secs, Performance = 152.987 GFLOPS
BiCGstab: Convergence at 30 iterations, L2 relative residual: iterated = 1.814410e-13, true = 1.814410e-13 (requested = 1.000000e-12)
PyQUDA INFO: Time = 0.333 secs, Performance = 150.938 GFLOPS
BiCGstab: Convergence at 29 iterations, L2 relative residual: iterated = 6.051847e-13, true = 6.051847e-13 (requested = 1.000000e-12)
PyQUDA INFO: Time = 0.331 secs, Performance = 147.656 GFLOPS
BiCGstab: Convergence at 28 iterations, L2 relative residual: iterated = 4.898760e-13, true = 4.898760e-13 (requested = 1.000000e-12)
PyQUDA INFO: Time = 0.333 secs, Performance = 138.538 GFLOPS
BiCGstab: Convergence at 28 iterations, L2 relative residual: iterated = 4.914085e-13, true = 4.914085e-13 (requested = 1.000000e-12)
PyQUDA INFO: Time = 0.296 secs, Performance = 155.642 GFLOPS
BiCGstab: Convergence at 28 iterations, L2 relative residual: iterated = 5.982161e-13, true = 5.982161e-13 (requested = 1.000000e-12)
PyQUDA INFO: Time = 0.328 secs, Performance = 144.583 GFLOPS
BiCGstab: Convergence at 28 iterations, L2 relative residual: iterated = 3.751366e-13, true = 3.751366e-13 (requested = 1.000000e-12)
PyQUDA INFO: Time = 0.323 secs, Performance = 146.740 GFLOPS
BiCGstab: Convergence at 28 iterations, L2 relative residual: iterated = 2.845514e-13, true = 2.845514e-13 (requested = 1.000000e-12)
PyQUDA INFO: Time = 0.336 secs, Performance = 143.221 GFLOPS
BiCGstab: Convergence at 29 iterations, L2 relative residual: iterated = 3.855944e-13, true = 3.855944e-13 (requested = 1.000000e-12)
PyQUDA INFO: Time = 0.332 secs, Performance = 147.417 GFLOPS
BiCGstab: Convergence at 27 iterations, L2 relative residual: iterated = 9.530674e-13, true = 9.530674e-13 (requested = 1.000000e-12)
PyQUDA INFO: Time = 0.334 secs, Performance = 139.670 GFLOPS
BiCGstab: Convergence at 28 iterations, L2 relative residual: iterated = 5.167729e-13, true = 5.167729e-13 (requested = 1.000000e-12)
PyQUDA INFO: Time = 0.324 secs, Performance = 146.563 GFLOPS
BiCGstab: Convergence at 28 iterations, L2 relative residual: iterated = 8.384213e-13, true = 8.384213e-13 (requested = 1.000000e-12)
PyQUDA INFO: Time = 0.323 secs, Performance = 146.744 GFLOPS
BiCGstab: Convergence at 28 iterations, L2 relative residual: iterated = 4.172288e-13, true = 4.172288e-13 (requested = 1.000000e-12)
PyQUDA INFO: Time = 0.339 secs, Performance = 141.802 GFLOPS
BiCGstab: Convergence at 27 iterations, L2 relative residual: iterated = 9.134534e-13, true = 9.134534e-13 (requested = 1.000000e-12)
PyQUDA INFO: Time = 0.316 secs, Performance = 145.873 GFLOPS
BiCGstab: Convergence at 28 iterations, L2 relative residual: iterated = 5.848783e-13, true = 5.848783e-13 (requested = 1.000000e-12)
PyQUDA INFO: Time = 0.311 secs, Performance = 150.516 GFLOPS
BiCGstab: Convergence at 26 iterations, L2 relative residual: iterated = 7.752320e-13, true = 7.752320e-13 (requested = 1.000000e-12)
PyQUDA INFO: Time = 0.226 secs, Performance = 197.741 GFLOPS
BiCGstab: Convergence at 27 iterations, L2 relative residual: iterated = 4.652391e-13, true = 4.652391e-13 (requested = 1.000000e-12)
PyQUDA INFO: Time = 0.151 secs, Performance = 304.956 GFLOPS
BiCGstab: Convergence at 28 iterations, L2 relative residual: iterated = 4.848765e-13, true = 4.848765e-13 (requested = 1.000000e-12)
PyQUDA INFO: Time = 0.153 secs, Performance = 310.113 GFLOPS
BiCGstab: Convergence at 28 iterations, L2 relative residual: iterated = 1.968495e-13, true = 1.968495e-13 (requested = 1.000000e-12)
PyQUDA INFO: Time = 0.153 secs, Performance = 309.595 GFLOPS
BiCGstab: Convergence at 27 iterations, L2 relative residual: iterated = 8.728314e-13, true = 8.728314e-13 (requested = 1.000000e-12)
PyQUDA INFO: Time = 0.149 secs, Performance = 308.003 GFLOPS
BiCGstab: Convergence at 26 iterations, L2 relative residual: iterated = 9.007780e-13, true = 9.007780e-13 (requested = 1.000000e-12)
PyQUDA INFO: Time = 0.148 secs, Performance = 301.567 GFLOPS
BiCGstab: Convergence at 27 iterations, L2 relative residual: iterated = 5.687814e-13, true = 5.687814e-13 (requested = 1.000000e-12)
PyQUDA INFO: Time = 0.225 secs, Performance = 204.795 GFLOPS
BiCGstab: Convergence at 27 iterations, L2 relative residual: iterated = 9.801602e-13, true = 9.801602e-13 (requested = 1.000000e-12)
PyQUDA INFO: Time = 0.328 secs, Performance = 142.357 GFLOPS
BiCGstab: Convergence at 27 iterations, L2 relative residual: iterated = 5.168090e-13, true = 5.168090e-13 (requested = 1.000000e-12)
PyQUDA INFO: Time = 0.310 secs, Performance = 148.522 GFLOPS
BiCGstab: Convergence at 26 iterations, L2 relative residual: iterated = 8.103782e-13, true = 8.103782e-13 (requested = 1.000000e-12)
PyQUDA INFO: Time = 0.312 secs, Performance = 143.083 GFLOPS
BiCGstab: Convergence at 27 iterations, L2 relative residual: iterated = 9.989825e-13, true = 9.989825e-13 (requested = 1.000000e-12)
PyQUDA INFO: Time = 0.311 secs, Performance = 147.875 GFLOPS
BiCGstab: Convergence at 27 iterations, L2 relative residual: iterated = 7.567328e-13, true = 7.567328e-13 (requested = 1.000000e-12)
PyQUDA INFO: Time = 0.315 secs, Performance = 146.095 GFLOPS
BiCGstab: Convergence at 27 iterations, L2 relative residual: iterated = 6.393136e-13, true = 6.393136e-13 (requested = 1.000000e-12)
PyQUDA INFO: Time = 0.336 secs, Performance = 137.184 GFLOPS
BiCGstab: Convergence at 28 iterations, L2 relative residual: iterated = 1.875082e-13, true = 1.875082e-13 (requested = 1.000000e-12)
PyQUDA INFO: Time = 0.319 secs, Performance = 148.884 GFLOPS
BiCGstab: Convergence at 28 iterations, L2 relative residual: iterated = 6.175802e-13, true = 6.175802e-13 (requested = 1.000000e-12)
PyQUDA INFO: Time = 0.319 secs, Performance = 149.017 GFLOPS
BiCGstab: Convergence at 27 iterations, L2 relative residual: iterated = 6.068371e-13, true = 6.068371e-13 (requested = 1.000000e-12)
PyQUDA INFO: Time = 0.330 secs, Performance = 141.683 GFLOPS
BiCGstab: Convergence at 28 iterations, L2 relative residual: iterated = 4.371758e-13, true = 4.371758e-13 (requested = 1.000000e-12)
PyQUDA INFO: Time = 0.319 secs, Performance = 148.870 GFLOPS
BiCGstab: Convergence at 27 iterations, L2 relative residual: iterated = 7.323582e-13, true = 7.323582e-13 (requested = 1.000000e-12)
PyQUDA INFO: Time = 0.330 secs, Performance = 141.540 GFLOPS
BiCGstab: Convergence at 27 iterations, L2 relative residual: iterated = 9.969267e-13, true = 9.969267e-13 (requested = 1.000000e-12)
PyQUDA INFO: Time = 0.314 secs, Performance = 146.768 GFLOPS
BiCGstab: Convergence at 27 iterations, L2 relative residual: iterated = 6.826785e-13, true = 6.826785e-13 (requested = 1.000000e-12)
PyQUDA INFO: Time = 0.326 secs, Performance = 141.320 GFLOPS
BiCGstab: Convergence at 27 iterations, L2 relative residual: iterated = 8.479596e-13, true = 8.479596e-13 (requested = 1.000000e-12)
PyQUDA INFO: Time = 0.318 secs, Performance = 144.722 GFLOPS
BiCGstab: Convergence at 27 iterations, L2 relative residual: iterated = 6.931423e-13, true = 6.931423e-13 (requested = 1.000000e-12)
PyQUDA INFO: Time = 0.315 secs, Performance = 146.351 GFLOPS
BiCGstab: Convergence at 27 iterations, L2 relative residual: iterated = 4.397203e-13, true = 4.397203e-13 (requested = 1.000000e-12)
PyQUDA INFO: Time = 0.319 secs, Performance = 144.416 GFLOPS
BiCGstab: Convergence at 27 iterations, L2 relative residual: iterated = 9.265356e-13, true = 9.265356e-13 (requested = 1.000000e-12)
PyQUDA INFO: Time = 0.318 secs, Performance = 144.567 GFLOPS
Processing configurations:  76%|███████▌  | 38/50 [09:11<03:08, 15.70s/it]BiCGstab: Convergence at 30 iterations, L2 relative residual: iterated = 5.436740e-13, true = 5.436740e-13 (requested = 1.000000e-12)
PyQUDA INFO: Time = 0.353 secs, Performance = 142.620 GFLOPS
BiCGstab: Convergence at 30 iterations, L2 relative residual: iterated = 6.640188e-13, true = 6.640188e-13 (requested = 1.000000e-12)
PyQUDA INFO: Time = 0.333 secs, Performance = 148.925 GFLOPS
BiCGstab: Convergence at 30 iterations, L2 relative residual: iterated = 7.375626e-13, true = 7.375626e-13 (requested = 1.000000e-12)
PyQUDA INFO: Time = 0.321 secs, Performance = 154.839 GFLOPS
BiCGstab: Convergence at 30 iterations, L2 relative residual: iterated = 9.763390e-13, true = 9.763390e-13 (requested = 1.000000e-12)
PyQUDA INFO: Time = 0.349 secs, Performance = 145.976 GFLOPS
BiCGstab: Convergence at 30 iterations, L2 relative residual: iterated = 5.082710e-13, true = 5.082710e-13 (requested = 1.000000e-12)
PyQUDA INFO: Time = 0.333 secs, Performance = 150.902 GFLOPS
BiCGstab: Convergence at 31 iterations, L2 relative residual: iterated = 1.065206e-13, true = 1.065206e-13 (requested = 1.000000e-12)
PyQUDA INFO: Time = 0.345 secs, Performance = 149.969 GFLOPS
BiCGstab: Convergence at 29 iterations, L2 relative residual: iterated = 6.385714e-13, true = 6.385714e-13 (requested = 1.000000e-12)
PyQUDA INFO: Time = 0.329 secs, Performance = 148.399 GFLOPS
BiCGstab: Convergence at 29 iterations, L2 relative residual: iterated = 8.000782e-13, true = 8.000782e-13 (requested = 1.000000e-12)
PyQUDA INFO: Time = 0.333 secs, Performance = 146.828 GFLOPS
BiCGstab: Convergence at 30 iterations, L2 relative residual: iterated = 4.048180e-13, true = 4.048180e-13 (requested = 1.000000e-12)
PyQUDA INFO: Time = 0.335 secs, Performance = 150.279 GFLOPS
BiCGstab: Convergence at 30 iterations, L2 relative residual: iterated = 4.152584e-13, true = 4.152584e-13 (requested = 1.000000e-12)
PyQUDA INFO: Time = 0.332 secs, Performance = 151.613 GFLOPS
BiCGstab: Convergence at 29 iterations, L2 relative residual: iterated = 9.523773e-13, true = 9.523773e-13 (requested = 1.000000e-12)
PyQUDA INFO: Time = 0.329 secs, Performance = 148.818 GFLOPS
BiCGstab: Convergence at 29 iterations, L2 relative residual: iterated = 6.655232e-13, true = 6.655232e-13 (requested = 1.000000e-12)
PyQUDA INFO: Time = 0.329 secs, Performance = 148.839 GFLOPS
BiCGstab: Convergence at 29 iterations, L2 relative residual: iterated = 2.060102e-13, true = 2.060102e-13 (requested = 1.000000e-12)
PyQUDA INFO: Time = 0.358 secs, Performance = 136.458 GFLOPS
BiCGstab: Convergence at 29 iterations, L2 relative residual: iterated = 2.599156e-13, true = 2.599156e-13 (requested = 1.000000e-12)
PyQUDA INFO: Time = 0.321 secs, Performance = 150.452 GFLOPS
BiCGstab: Convergence at 28 iterations, L2 relative residual: iterated = 8.494689e-13, true = 8.494689e-13 (requested = 1.000000e-12)
PyQUDA INFO: Time = 0.324 secs, Performance = 146.719 GFLOPS
BiCGstab: Convergence at 29 iterations, L2 relative residual: iterated = 2.975764e-13, true = 2.975764e-13 (requested = 1.000000e-12)
PyQUDA INFO: Time = 0.333 secs, Performance = 146.710 GFLOPS
BiCGstab: Convergence at 28 iterations, L2 relative residual: iterated = 4.680178e-13, true = 4.680178e-13 (requested = 1.000000e-12)
PyQUDA INFO: Time = 0.312 secs, Performance = 149.941 GFLOPS
BiCGstab: Convergence at 29 iterations, L2 relative residual: iterated = 5.046311e-13, true = 5.046311e-13 (requested = 1.000000e-12)
PyQUDA INFO: Time = 0.328 secs, Performance = 148.843 GFLOPS
BiCGstab: Convergence at 28 iterations, L2 relative residual: iterated = 8.641820e-13, true = 8.641820e-13 (requested = 1.000000e-12)
PyQUDA INFO: Time = 0.324 secs, Performance = 146.720 GFLOPS
BiCGstab: Convergence at 28 iterations, L2 relative residual: iterated = 5.207273e-13, true = 5.207273e-13 (requested = 1.000000e-12)
PyQUDA INFO: Time = 0.340 secs, Performance = 141.717 GFLOPS
BiCGstab: Convergence at 29 iterations, L2 relative residual: iterated = 1.330447e-13, true = 1.330447e-13 (requested = 1.000000e-12)
PyQUDA INFO: Time = 0.336 secs, Performance = 145.511 GFLOPS
BiCGstab: Convergence at 29 iterations, L2 relative residual: iterated = 6.379715e-13, true = 6.379715e-13 (requested = 1.000000e-12)
PyQUDA INFO: Time = 0.332 secs, Performance = 147.397 GFLOPS
BiCGstab: Convergence at 28 iterations, L2 relative residual: iterated = 8.050850e-13, true = 8.050850e-13 (requested = 1.000000e-12)
PyQUDA INFO: Time = 0.324 secs, Performance = 146.653 GFLOPS
BiCGstab: Convergence at 27 iterations, L2 relative residual: iterated = 7.004968e-13, true = 7.004968e-13 (requested = 1.000000e-12)
PyQUDA INFO: Time = 0.319 secs, Performance = 144.446 GFLOPS
BiCGstab: Convergence at 26 iterations, L2 relative residual: iterated = 9.854165e-13, true = 9.854165e-13 (requested = 1.000000e-12)
PyQUDA INFO: Time = 0.233 secs, Performance = 191.425 GFLOPS
BiCGstab: Convergence at 27 iterations, L2 relative residual: iterated = 7.168076e-13, true = 7.168076e-13 (requested = 1.000000e-12)
PyQUDA INFO: Time = 0.151 secs, Performance = 305.331 GFLOPS
BiCGstab: Convergence at 26 iterations, L2 relative residual: iterated = 9.900812e-13, true = 9.900812e-13 (requested = 1.000000e-12)
PyQUDA INFO: Time = 0.167 secs, Performance = 271.238 GFLOPS
BiCGstab: Convergence at 27 iterations, L2 relative residual: iterated = 5.423082e-13, true = 5.423082e-13 (requested = 1.000000e-12)
PyQUDA INFO: Time = 0.150 secs, Performance = 307.550 GFLOPS
BiCGstab: Convergence at 26 iterations, L2 relative residual: iterated = 7.256694e-13, true = 7.256694e-13 (requested = 1.000000e-12)
PyQUDA INFO: Time = 0.206 secs, Performance = 216.319 GFLOPS
BiCGstab: Convergence at 27 iterations, L2 relative residual: iterated = 6.665677e-13, true = 6.665677e-13 (requested = 1.000000e-12)
PyQUDA INFO: Time = 0.221 secs, Performance = 208.620 GFLOPS
BiCGstab: Convergence at 27 iterations, L2 relative residual: iterated = 4.375505e-13, true = 4.375505e-13 (requested = 1.000000e-12)
PyQUDA INFO: Time = 0.292 secs, Performance = 159.827 GFLOPS
BiCGstab: Convergence at 29 iterations, L2 relative residual: iterated = 1.612782e-13, true = 1.612782e-13 (requested = 1.000000e-12)
PyQUDA INFO: Time = 0.328 secs, Performance = 148.933 GFLOPS
BiCGstab: Convergence at 27 iterations, L2 relative residual: iterated = 4.868301e-13, true = 4.868301e-13 (requested = 1.000000e-12)
PyQUDA INFO: Time = 0.314 secs, Performance = 146.695 GFLOPS
BiCGstab: Convergence at 26 iterations, L2 relative residual: iterated = 8.808250e-13, true = 8.808250e-13 (requested = 1.000000e-12)
PyQUDA INFO: Time = 0.309 secs, Performance = 144.368 GFLOPS
BiCGstab: Convergence at 26 iterations, L2 relative residual: iterated = 9.265951e-13, true = 9.265951e-13 (requested = 1.000000e-12)
PyQUDA INFO: Time = 0.282 secs, Performance = 153.489 GFLOPS
BiCGstab: Convergence at 26 iterations, L2 relative residual: iterated = 9.217945e-13, true = 9.217945e-13 (requested = 1.000000e-12)
PyQUDA INFO: Time = 0.309 secs, Performance = 144.301 GFLOPS
BiCGstab: Convergence at 27 iterations, L2 relative residual: iterated = 5.980559e-13, true = 5.980559e-13 (requested = 1.000000e-12)
PyQUDA INFO: Time = 0.338 secs, Performance = 136.372 GFLOPS
BiCGstab: Convergence at 27 iterations, L2 relative residual: iterated = 5.825926e-13, true = 5.825926e-13 (requested = 1.000000e-12)
PyQUDA INFO: Time = 0.329 secs, Performance = 141.828 GFLOPS
BiCGstab: Convergence at 28 iterations, L2 relative residual: iterated = 1.496635e-13, true = 1.496635e-13 (requested = 1.000000e-12)
PyQUDA INFO: Time = 0.319 secs, Performance = 148.666 GFLOPS
BiCGstab: Convergence at 26 iterations, L2 relative residual: iterated = 9.901813e-13, true = 9.901813e-13 (requested = 1.000000e-12)
PyQUDA INFO: Time = 0.309 secs, Performance = 144.347 GFLOPS
BiCGstab: Convergence at 27 iterations, L2 relative residual: iterated = 3.887116e-13, true = 3.887116e-13 (requested = 1.000000e-12)
PyQUDA INFO: Time = 0.314 secs, Performance = 146.610 GFLOPS
BiCGstab: Convergence at 28 iterations, L2 relative residual: iterated = 6.723144e-13, true = 6.723144e-13 (requested = 1.000000e-12)
PyQUDA INFO: Time = 0.319 secs, Performance = 148.845 GFLOPS
BiCGstab: Convergence at 27 iterations, L2 relative residual: iterated = 7.644125e-13, true = 7.644125e-13 (requested = 1.000000e-12)
PyQUDA INFO: Time = 0.326 secs, Performance = 141.334 GFLOPS
BiCGstab: Convergence at 27 iterations, L2 relative residual: iterated = 8.509948e-13, true = 8.509948e-13 (requested = 1.000000e-12)
PyQUDA INFO: Time = 0.315 secs, Performance = 146.259 GFLOPS
BiCGstab: Convergence at 27 iterations, L2 relative residual: iterated = 4.835700e-13, true = 4.835700e-13 (requested = 1.000000e-12)
PyQUDA INFO: Time = 0.311 secs, Performance = 147.816 GFLOPS
BiCGstab: Convergence at 28 iterations, L2 relative residual: iterated = 1.846323e-13, true = 1.846323e-13 (requested = 1.000000e-12)
PyQUDA INFO: Time = 0.324 secs, Performance = 146.688 GFLOPS
BiCGstab: Convergence at 28 iterations, L2 relative residual: iterated = 2.171554e-13, true = 2.171554e-13 (requested = 1.000000e-12)
PyQUDA INFO: Time = 0.308 secs, Performance = 152.080 GFLOPS
BiCGstab: Convergence at 27 iterations, L2 relative residual: iterated = 4.729807e-13, true = 4.729807e-13 (requested = 1.000000e-12)
PyQUDA INFO: Time = 0.315 secs, Performance = 145.978 GFLOPS
Processing configurations:  78%|███████▊  | 39/50 [09:27<02:53, 15.77s/it]BiCGstab: Convergence at 29 iterations, L2 relative residual: iterated = 8.787707e-13, true = 8.787707e-13 (requested = 1.000000e-12)
PyQUDA INFO: Time = 0.344 secs, Performance = 140.027 GFLOPS
BiCGstab: Convergence at 30 iterations, L2 relative residual: iterated = 3.024345e-13, true = 3.024345e-13 (requested = 1.000000e-12)
PyQUDA INFO: Time = 0.334 secs, Performance = 150.884 GFLOPS
BiCGstab: Convergence at 29 iterations, L2 relative residual: iterated = 9.391143e-13, true = 9.391143e-13 (requested = 1.000000e-12)
PyQUDA INFO: Time = 0.331 secs, Performance = 147.644 GFLOPS
BiCGstab: Convergence at 30 iterations, L2 relative residual: iterated = 3.193452e-13, true = 3.193452e-13 (requested = 1.000000e-12)
PyQUDA INFO: Time = 0.340 secs, Performance = 148.073 GFLOPS
BiCGstab: Convergence at 29 iterations, L2 relative residual: iterated = 6.361479e-13, true = 6.361479e-13 (requested = 1.000000e-12)
PyQUDA INFO: Time = 0.320 secs, Performance = 150.735 GFLOPS
BiCGstab: Convergence at 30 iterations, L2 relative residual: iterated = 2.794304e-13, true = 2.794304e-13 (requested = 1.000000e-12)
PyQUDA INFO: Time = 0.324 secs, Performance = 153.336 GFLOPS
BiCGstab: Convergence at 31 iterations, L2 relative residual: iterated = 1.751795e-13, true = 1.751795e-13 (requested = 1.000000e-12)
PyQUDA INFO: Time = 0.330 secs, Performance = 154.857 GFLOPS
BiCGstab: Convergence at 30 iterations, L2 relative residual: iterated = 3.254625e-13, true = 3.254625e-13 (requested = 1.000000e-12)
PyQUDA INFO: Time = 0.318 secs, Performance = 156.138 GFLOPS
BiCGstab: Convergence at 30 iterations, L2 relative residual: iterated = 3.514916e-13, true = 3.514916e-13 (requested = 1.000000e-12)
PyQUDA INFO: Time = 0.333 secs, Performance = 150.974 GFLOPS
BiCGstab: Convergence at 30 iterations, L2 relative residual: iterated = 2.645477e-13, true = 2.645477e-13 (requested = 1.000000e-12)
PyQUDA INFO: Time = 0.333 secs, Performance = 151.190 GFLOPS
BiCGstab: Convergence at 30 iterations, L2 relative residual: iterated = 7.794027e-13, true = 7.794027e-13 (requested = 1.000000e-12)
PyQUDA INFO: Time = 0.323 secs, Performance = 153.850 GFLOPS
BiCGstab: Convergence at 29 iterations, L2 relative residual: iterated = 9.374558e-13, true = 9.374558e-13 (requested = 1.000000e-12)
PyQUDA INFO: Time = 0.329 secs, Performance = 146.745 GFLOPS
BiCGstab: Convergence at 30 iterations, L2 relative residual: iterated = 2.617733e-13, true = 2.617733e-13 (requested = 1.000000e-12)
PyQUDA INFO: Time = 0.360 secs, Performance = 139.943 GFLOPS
BiCGstab: Convergence at 29 iterations, L2 relative residual: iterated = 9.951567e-13, true = 9.951567e-13 (requested = 1.000000e-12)
PyQUDA INFO: Time = 0.330 secs, Performance = 148.257 GFLOPS
BiCGstab: Convergence at 28 iterations, L2 relative residual: iterated = 5.669949e-13, true = 5.669949e-13 (requested = 1.000000e-12)
PyQUDA INFO: Time = 0.311 secs, Performance = 150.435 GFLOPS
BiCGstab: Convergence at 29 iterations, L2 relative residual: iterated = 2.174892e-13, true = 2.174892e-13 (requested = 1.000000e-12)
PyQUDA INFO: Time = 0.332 secs, Performance = 147.100 GFLOPS
BiCGstab: Convergence at 28 iterations, L2 relative residual: iterated = 7.198720e-13, true = 7.198720e-13 (requested = 1.000000e-12)
PyQUDA INFO: Time = 0.324 secs, Performance = 146.424 GFLOPS
BiCGstab: Convergence at 28 iterations, L2 relative residual: iterated = 5.026803e-13, true = 5.026803e-13 (requested = 1.000000e-12)
PyQUDA INFO: Time = 0.312 secs, Performance = 149.795 GFLOPS
BiCGstab: Convergence at 29 iterations, L2 relative residual: iterated = 3.455405e-13, true = 3.455405e-13 (requested = 1.000000e-12)
PyQUDA INFO: Time = 0.337 secs, Performance = 144.905 GFLOPS
BiCGstab: Convergence at 28 iterations, L2 relative residual: iterated = 6.391648e-13, true = 6.391648e-13 (requested = 1.000000e-12)
PyQUDA INFO: Time = 0.319 secs, Performance = 148.562 GFLOPS
BiCGstab: Convergence at 28 iterations, L2 relative residual: iterated = 3.189396e-13, true = 3.189396e-13 (requested = 1.000000e-12)
PyQUDA INFO: Time = 0.328 secs, Performance = 144.604 GFLOPS
BiCGstab: Convergence at 28 iterations, L2 relative residual: iterated = 6.655365e-13, true = 6.655365e-13 (requested = 1.000000e-12)
PyQUDA INFO: Time = 0.324 secs, Performance = 146.678 GFLOPS
BiCGstab: Convergence at 28 iterations, L2 relative residual: iterated = 3.280928e-13, true = 3.280928e-13 (requested = 1.000000e-12)
PyQUDA INFO: Time = 0.324 secs, Performance = 146.676 GFLOPS
BiCGstab: Convergence at 28 iterations, L2 relative residual: iterated = 5.080003e-13, true = 5.080003e-13 (requested = 1.000000e-12)
PyQUDA INFO: Time = 0.216 secs, Performance = 219.825 GFLOPS
BiCGstab: Convergence at 28 iterations, L2 relative residual: iterated = 2.828094e-13, true = 2.828094e-13 (requested = 1.000000e-12)
PyQUDA INFO: Time = 0.164 secs, Performance = 289.323 GFLOPS
BiCGstab: Convergence at 27 iterations, L2 relative residual: iterated = 9.909941e-13, true = 9.909941e-13 (requested = 1.000000e-12)
PyQUDA INFO: Time = 0.150 secs, Performance = 307.275 GFLOPS
BiCGstab: Convergence at 27 iterations, L2 relative residual: iterated = 3.301383e-13, true = 3.301383e-13 (requested = 1.000000e-12)
PyQUDA INFO: Time = 0.158 secs, Performance = 295.143 GFLOPS
BiCGstab: Convergence at 26 iterations, L2 relative residual: iterated = 9.379763e-13, true = 9.379763e-13 (requested = 1.000000e-12)
PyQUDA INFO: Time = 0.148 secs, Performance = 301.022 GFLOPS
BiCGstab: Convergence at 27 iterations, L2 relative residual: iterated = 4.082282e-13, true = 4.082282e-13 (requested = 1.000000e-12)
PyQUDA INFO: Time = 0.150 secs, Performance = 307.721 GFLOPS
BiCGstab: Convergence at 27 iterations, L2 relative residual: iterated = 4.386858e-13, true = 4.386858e-13 (requested = 1.000000e-12)
PyQUDA INFO: Time = 0.252 secs, Performance = 182.454 GFLOPS
BiCGstab: Convergence at 27 iterations, L2 relative residual: iterated = 4.098182e-13, true = 4.098182e-13 (requested = 1.000000e-12)
PyQUDA INFO: Time = 0.303 secs, Performance = 149.951 GFLOPS
BiCGstab: Convergence at 27 iterations, L2 relative residual: iterated = 3.105833e-13, true = 3.105833e-13 (requested = 1.000000e-12)
PyQUDA INFO: Time = 0.319 secs, Performance = 144.466 GFLOPS
BiCGstab: Convergence at 27 iterations, L2 relative residual: iterated = 2.902264e-13, true = 2.902264e-13 (requested = 1.000000e-12)
PyQUDA INFO: Time = 0.311 secs, Performance = 148.143 GFLOPS
BiCGstab: Convergence at 28 iterations, L2 relative residual: iterated = 2.959115e-13, true = 2.959115e-13 (requested = 1.000000e-12)
PyQUDA INFO: Time = 0.333 secs, Performance = 144.629 GFLOPS
BiCGstab: Convergence at 26 iterations, L2 relative residual: iterated = 9.626116e-13, true = 9.626116e-13 (requested = 1.000000e-12)
PyQUDA INFO: Time = 0.307 secs, Performance = 145.481 GFLOPS
BiCGstab: Convergence at 27 iterations, L2 relative residual: iterated = 7.579614e-13, true = 7.579614e-13 (requested = 1.000000e-12)
PyQUDA INFO: Time = 0.318 secs, Performance = 144.591 GFLOPS
BiCGstab: Convergence at 28 iterations, L2 relative residual: iterated = 6.509777e-13, true = 6.509777e-13 (requested = 1.000000e-12)
PyQUDA INFO: Time = 0.328 secs, Performance = 142.827 GFLOPS
BiCGstab: Convergence at 28 iterations, L2 relative residual: iterated = 2.801656e-13, true = 2.801656e-13 (requested = 1.000000e-12)
PyQUDA INFO: Time = 0.320 secs, Performance = 148.284 GFLOPS
BiCGstab: Convergence at 27 iterations, L2 relative residual: iterated = 3.937084e-13, true = 3.937084e-13 (requested = 1.000000e-12)
PyQUDA INFO: Time = 0.310 secs, Performance = 148.568 GFLOPS
BiCGstab: Convergence at 27 iterations, L2 relative residual: iterated = 6.018548e-13, true = 6.018548e-13 (requested = 1.000000e-12)
PyQUDA INFO: Time = 0.317 secs, Performance = 145.347 GFLOPS
BiCGstab: Convergence at 28 iterations, L2 relative residual: iterated = 9.249871e-13, true = 9.249871e-13 (requested = 1.000000e-12)
PyQUDA INFO: Time = 0.316 secs, Performance = 150.130 GFLOPS
BiCGstab: Convergence at 28 iterations, L2 relative residual: iterated = 2.854645e-13, true = 2.854645e-13 (requested = 1.000000e-12)
PyQUDA INFO: Time = 0.333 secs, Performance = 144.582 GFLOPS
BiCGstab: Convergence at 27 iterations, L2 relative residual: iterated = 5.067816e-13, true = 5.067816e-13 (requested = 1.000000e-12)
PyQUDA INFO: Time = 0.312 secs, Performance = 145.579 GFLOPS
BiCGstab: Convergence at 27 iterations, L2 relative residual: iterated = 7.509824e-13, true = 7.509824e-13 (requested = 1.000000e-12)
PyQUDA INFO: Time = 0.303 secs, Performance = 149.857 GFLOPS
BiCGstab: Convergence at 27 iterations, L2 relative residual: iterated = 5.097532e-13, true = 5.097532e-13 (requested = 1.000000e-12)
PyQUDA INFO: Time = 0.319 secs, Performance = 144.453 GFLOPS
BiCGstab: Convergence at 27 iterations, L2 relative residual: iterated = 9.497613e-13, true = 9.497613e-13 (requested = 1.000000e-12)
PyQUDA INFO: Time = 0.319 secs, Performance = 144.525 GFLOPS
BiCGstab: Convergence at 27 iterations, L2 relative residual: iterated = 4.150865e-13, true = 4.150865e-13 (requested = 1.000000e-12)
PyQUDA INFO: Time = 0.315 secs, Performance = 145.990 GFLOPS
BiCGstab: Convergence at 27 iterations, L2 relative residual: iterated = 6.335830e-13, true = 6.335830e-13 (requested = 1.000000e-12)
PyQUDA INFO: Time = 0.319 secs, Performance = 144.516 GFLOPS
Processing configurations:  80%|████████  | 40/50 [09:42<02:37, 15.76s/it]BiCGstab: Convergence at 30 iterations, L2 relative residual: iterated = 3.246448e-13, true = 3.246448e-13 (requested = 1.000000e-12)
PyQUDA INFO: Time = 0.366 secs, Performance = 137.431 GFLOPS
BiCGstab: Convergence at 30 iterations, L2 relative residual: iterated = 3.304939e-13, true = 3.304939e-13 (requested = 1.000000e-12)
PyQUDA INFO: Time = 0.333 secs, Performance = 151.065 GFLOPS
BiCGstab: Convergence at 30 iterations, L2 relative residual: iterated = 2.259629e-13, true = 2.259629e-13 (requested = 1.000000e-12)
PyQUDA INFO: Time = 0.334 secs, Performance = 150.712 GFLOPS
BiCGstab: Convergence at 30 iterations, L2 relative residual: iterated = 2.830965e-13, true = 2.830965e-13 (requested = 1.000000e-12)
PyQUDA INFO: Time = 0.338 secs, Performance = 148.837 GFLOPS
BiCGstab: Convergence at 30 iterations, L2 relative residual: iterated = 2.311610e-13, true = 2.311610e-13 (requested = 1.000000e-12)
PyQUDA INFO: Time = 0.338 secs, Performance = 148.820 GFLOPS
BiCGstab: Convergence at 30 iterations, L2 relative residual: iterated = 6.422281e-13, true = 6.422281e-13 (requested = 1.000000e-12)
PyQUDA INFO: Time = 0.331 secs, Performance = 151.915 GFLOPS
BiCGstab: Convergence at 30 iterations, L2 relative residual: iterated = 3.592891e-13, true = 3.592891e-13 (requested = 1.000000e-12)
PyQUDA INFO: Time = 0.324 secs, Performance = 153.192 GFLOPS
BiCGstab: Convergence at 29 iterations, L2 relative residual: iterated = 4.882941e-13, true = 4.882941e-13 (requested = 1.000000e-12)
PyQUDA INFO: Time = 0.328 secs, Performance = 148.845 GFLOPS
BiCGstab: Convergence at 30 iterations, L2 relative residual: iterated = 4.870699e-13, true = 4.870699e-13 (requested = 1.000000e-12)
PyQUDA INFO: Time = 0.338 secs, Performance = 148.840 GFLOPS
BiCGstab: Convergence at 29 iterations, L2 relative residual: iterated = 4.779965e-13, true = 4.779965e-13 (requested = 1.000000e-12)
PyQUDA INFO: Time = 0.328 secs, Performance = 148.896 GFLOPS
BiCGstab: Convergence at 30 iterations, L2 relative residual: iterated = 5.459946e-13, true = 5.459946e-13 (requested = 1.000000e-12)
PyQUDA INFO: Time = 0.336 secs, Performance = 149.709 GFLOPS
BiCGstab: Convergence at 31 iterations, L2 relative residual: iterated = 4.987337e-13, true = 4.987337e-13 (requested = 1.000000e-12)
PyQUDA INFO: Time = 0.363 secs, Performance = 144.377 GFLOPS
BiCGstab: Convergence at 27 iterations, L2 relative residual: iterated = 9.465968e-13, true = 9.465968e-13 (requested = 1.000000e-12)
PyQUDA INFO: Time = 0.340 secs, Performance = 135.284 GFLOPS
BiCGstab: Convergence at 28 iterations, L2 relative residual: iterated = 7.130230e-13, true = 7.130230e-13 (requested = 1.000000e-12)
PyQUDA INFO: Time = 0.324 secs, Performance = 146.681 GFLOPS
BiCGstab: Convergence at 28 iterations, L2 relative residual: iterated = 3.308504e-13, true = 3.308504e-13 (requested = 1.000000e-12)
PyQUDA INFO: Time = 0.317 secs, Performance = 147.726 GFLOPS
BiCGstab: Convergence at 28 iterations, L2 relative residual: iterated = 4.239804e-13, true = 4.239804e-13 (requested = 1.000000e-12)
PyQUDA INFO: Time = 0.323 secs, Performance = 147.022 GFLOPS
BiCGstab: Convergence at 27 iterations, L2 relative residual: iterated = 8.404179e-13, true = 8.404179e-13 (requested = 1.000000e-12)
PyQUDA INFO: Time = 0.306 secs, Performance = 148.215 GFLOPS
BiCGstab: Convergence at 28 iterations, L2 relative residual: iterated = 3.017850e-13, true = 3.017850e-13 (requested = 1.000000e-12)
PyQUDA INFO: Time = 0.324 secs, Performance = 146.649 GFLOPS
BiCGstab: Convergence at 28 iterations, L2 relative residual: iterated = 3.419484e-13, true = 3.419484e-13 (requested = 1.000000e-12)
PyQUDA INFO: Time = 0.311 secs, Performance = 150.444 GFLOPS
BiCGstab: Convergence at 28 iterations, L2 relative residual: iterated = 6.383378e-13, true = 6.383378e-13 (requested = 1.000000e-12)
PyQUDA INFO: Time = 0.311 secs, Performance = 150.432 GFLOPS
BiCGstab: Convergence at 28 iterations, L2 relative residual: iterated = 6.410579e-13, true = 6.410579e-13 (requested = 1.000000e-12)
PyQUDA INFO: Time = 0.324 secs, Performance = 146.681 GFLOPS
BiCGstab: Convergence at 28 iterations, L2 relative residual: iterated = 4.888211e-13, true = 4.888211e-13 (requested = 1.000000e-12)
PyQUDA INFO: Time = 0.324 secs, Performance = 146.675 GFLOPS
BiCGstab: Convergence at 27 iterations, L2 relative residual: iterated = 9.696023e-13, true = 9.696023e-13 (requested = 1.000000e-12)
PyQUDA INFO: Time = 0.319 secs, Performance = 144.439 GFLOPS
BiCGstab: Convergence at 29 iterations, L2 relative residual: iterated = 2.172547e-13, true = 2.172547e-13 (requested = 1.000000e-12)
PyQUDA INFO: Time = 0.234 secs, Performance = 209.155 GFLOPS
BiCGstab: Convergence at 27 iterations, L2 relative residual: iterated = 7.713062e-13, true = 7.713062e-13 (requested = 1.000000e-12)
PyQUDA INFO: Time = 0.162 secs, Performance = 284.678 GFLOPS
BiCGstab: Convergence at 28 iterations, L2 relative residual: iterated = 4.010510e-13, true = 4.010510e-13 (requested = 1.000000e-12)
PyQUDA INFO: Time = 0.152 secs, Performance = 312.542 GFLOPS
BiCGstab: Convergence at 27 iterations, L2 relative residual: iterated = 4.486176e-13, true = 4.486176e-13 (requested = 1.000000e-12)
PyQUDA INFO: Time = 0.160 secs, Performance = 292.828 GFLOPS
BiCGstab: Convergence at 27 iterations, L2 relative residual: iterated = 3.402178e-13, true = 3.402178e-13 (requested = 1.000000e-12)
PyQUDA INFO: Time = 0.174 secs, Performance = 265.046 GFLOPS
BiCGstab: Convergence at 26 iterations, L2 relative residual: iterated = 7.655536e-13, true = 7.655536e-13 (requested = 1.000000e-12)
PyQUDA INFO: Time = 0.211 secs, Performance = 211.655 GFLOPS
BiCGstab: Convergence at 27 iterations, L2 relative residual: iterated = 4.626539e-13, true = 4.626539e-13 (requested = 1.000000e-12)
PyQUDA INFO: Time = 0.275 secs, Performance = 167.214 GFLOPS
BiCGstab: Convergence at 27 iterations, L2 relative residual: iterated = 4.158501e-13, true = 4.158501e-13 (requested = 1.000000e-12)
PyQUDA INFO: Time = 0.314 secs, Performance = 146.647 GFLOPS
BiCGstab: Convergence at 27 iterations, L2 relative residual: iterated = 2.805780e-13, true = 2.805780e-13 (requested = 1.000000e-12)
PyQUDA INFO: Time = 0.322 secs, Performance = 145.130 GFLOPS
BiCGstab: Convergence at 27 iterations, L2 relative residual: iterated = 3.660089e-13, true = 3.660089e-13 (requested = 1.000000e-12)
PyQUDA INFO: Time = 0.324 secs, Performance = 144.247 GFLOPS
BiCGstab: Convergence at 28 iterations, L2 relative residual: iterated = 3.182804e-13, true = 3.182804e-13 (requested = 1.000000e-12)
PyQUDA INFO: Time = 0.324 secs, Performance = 146.723 GFLOPS
BiCGstab: Convergence at 27 iterations, L2 relative residual: iterated = 3.072959e-13, true = 3.072959e-13 (requested = 1.000000e-12)
PyQUDA INFO: Time = 0.319 secs, Performance = 144.408 GFLOPS
BiCGstab: Convergence at 27 iterations, L2 relative residual: iterated = 2.638357e-13, true = 2.638357e-13 (requested = 1.000000e-12)
PyQUDA INFO: Time = 0.314 secs, Performance = 146.640 GFLOPS
BiCGstab: Convergence at 27 iterations, L2 relative residual: iterated = 8.622024e-13, true = 8.622024e-13 (requested = 1.000000e-12)
PyQUDA INFO: Time = 0.331 secs, Performance = 139.069 GFLOPS
BiCGstab: Convergence at 27 iterations, L2 relative residual: iterated = 5.705074e-13, true = 5.705074e-13 (requested = 1.000000e-12)
PyQUDA INFO: Time = 0.303 secs, Performance = 149.951 GFLOPS
BiCGstab: Convergence at 27 iterations, L2 relative residual: iterated = 6.547499e-13, true = 6.547499e-13 (requested = 1.000000e-12)
PyQUDA INFO: Time = 0.319 secs, Performance = 144.478 GFLOPS
BiCGstab: Convergence at 28 iterations, L2 relative residual: iterated = 3.163314e-13, true = 3.163314e-13 (requested = 1.000000e-12)
PyQUDA INFO: Time = 0.319 secs, Performance = 148.833 GFLOPS
BiCGstab: Convergence at 28 iterations, L2 relative residual: iterated = 1.812812e-13, true = 1.812812e-13 (requested = 1.000000e-12)
PyQUDA INFO: Time = 0.324 secs, Performance = 146.705 GFLOPS
BiCGstab: Convergence at 28 iterations, L2 relative residual: iterated = 2.106369e-13, true = 2.106369e-13 (requested = 1.000000e-12)
PyQUDA INFO: Time = 0.321 secs, Performance = 147.682 GFLOPS
BiCGstab: Convergence at 27 iterations, L2 relative residual: iterated = 5.176022e-13, true = 5.176022e-13 (requested = 1.000000e-12)
PyQUDA INFO: Time = 0.336 secs, Performance = 139.210 GFLOPS
BiCGstab: Convergence at 27 iterations, L2 relative residual: iterated = 5.419013e-13, true = 5.419013e-13 (requested = 1.000000e-12)
PyQUDA INFO: Time = 0.330 secs, Performance = 141.391 GFLOPS
BiCGstab: Convergence at 27 iterations, L2 relative residual: iterated = 3.237406e-13, true = 3.237406e-13 (requested = 1.000000e-12)
PyQUDA INFO: Time = 0.314 secs, Performance = 146.642 GFLOPS
BiCGstab: Convergence at 27 iterations, L2 relative residual: iterated = 7.094761e-13, true = 7.094761e-13 (requested = 1.000000e-12)
PyQUDA INFO: Time = 0.317 secs, Performance = 145.313 GFLOPS
BiCGstab: Convergence at 28 iterations, L2 relative residual: iterated = 1.776417e-13, true = 1.776417e-13 (requested = 1.000000e-12)
PyQUDA INFO: Time = 0.327 secs, Performance = 145.295 GFLOPS
BiCGstab: Convergence at 28 iterations, L2 relative residual: iterated = 1.882069e-13, true = 1.882069e-13 (requested = 1.000000e-12)
PyQUDA INFO: Time = 0.322 secs, Performance = 147.320 GFLOPS
Processing configurations:  82%|████████▏ | 41/50 [09:58<02:22, 15.81s/it]BiCGstab: Convergence at 30 iterations, L2 relative residual: iterated = 3.719713e-13, true = 3.719713e-13 (requested = 1.000000e-12)
PyQUDA INFO: Time = 0.362 secs, Performance = 138.898 GFLOPS
BiCGstab: Convergence at 30 iterations, L2 relative residual: iterated = 9.138978e-13, true = 9.138978e-13 (requested = 1.000000e-12)
PyQUDA INFO: Time = 0.338 secs, Performance = 148.975 GFLOPS
BiCGstab: Convergence at 30 iterations, L2 relative residual: iterated = 2.677378e-13, true = 2.677378e-13 (requested = 1.000000e-12)
PyQUDA INFO: Time = 0.334 secs, Performance = 150.676 GFLOPS
BiCGstab: Convergence at 30 iterations, L2 relative residual: iterated = 5.809824e-13, true = 5.809824e-13 (requested = 1.000000e-12)
PyQUDA INFO: Time = 0.333 secs, Performance = 150.901 GFLOPS
BiCGstab: Convergence at 30 iterations, L2 relative residual: iterated = 5.309285e-13, true = 5.309285e-13 (requested = 1.000000e-12)
PyQUDA INFO: Time = 0.323 secs, Performance = 153.544 GFLOPS
BiCGstab: Convergence at 29 iterations, L2 relative residual: iterated = 5.444808e-13, true = 5.444808e-13 (requested = 1.000000e-12)
PyQUDA INFO: Time = 0.320 secs, Performance = 150.673 GFLOPS
BiCGstab: Convergence at 29 iterations, L2 relative residual: iterated = 9.627963e-13, true = 9.627963e-13 (requested = 1.000000e-12)
PyQUDA INFO: Time = 0.340 secs, Performance = 145.658 GFLOPS
BiCGstab: Convergence at 30 iterations, L2 relative residual: iterated = 3.941255e-13, true = 3.941255e-13 (requested = 1.000000e-12)
PyQUDA INFO: Time = 0.338 secs, Performance = 149.102 GFLOPS
BiCGstab: Convergence at 31 iterations, L2 relative residual: iterated = 2.208611e-13, true = 2.208611e-13 (requested = 1.000000e-12)
PyQUDA INFO: Time = 0.339 secs, Performance = 152.737 GFLOPS
BiCGstab: Convergence at 29 iterations, L2 relative residual: iterated = 5.227073e-13, true = 5.227073e-13 (requested = 1.000000e-12)
PyQUDA INFO: Time = 0.333 secs, Performance = 146.716 GFLOPS
BiCGstab: Convergence at 30 iterations, L2 relative residual: iterated = 8.136116e-13, true = 8.136116e-13 (requested = 1.000000e-12)
PyQUDA INFO: Time = 0.331 secs, Performance = 151.809 GFLOPS
BiCGstab: Convergence at 30 iterations, L2 relative residual: iterated = 2.378744e-13, true = 2.378744e-13 (requested = 1.000000e-12)
PyQUDA INFO: Time = 0.336 secs, Performance = 147.948 GFLOPS
BiCGstab: Convergence at 28 iterations, L2 relative residual: iterated = 4.693768e-13, true = 4.693768e-13 (requested = 1.000000e-12)
PyQUDA INFO: Time = 0.345 secs, Performance = 137.386 GFLOPS
BiCGstab: Convergence at 28 iterations, L2 relative residual: iterated = 3.901403e-13, true = 3.901403e-13 (requested = 1.000000e-12)
PyQUDA INFO: Time = 0.328 secs, Performance = 144.703 GFLOPS
BiCGstab: Convergence at 29 iterations, L2 relative residual: iterated = 5.378066e-13, true = 5.378066e-13 (requested = 1.000000e-12)
PyQUDA INFO: Time = 0.328 secs, Performance = 148.916 GFLOPS
BiCGstab: Convergence at 29 iterations, L2 relative residual: iterated = 4.033339e-13, true = 4.033339e-13 (requested = 1.000000e-12)
PyQUDA INFO: Time = 0.317 secs, Performance = 152.010 GFLOPS
BiCGstab: Convergence at 28 iterations, L2 relative residual: iterated = 8.125016e-13, true = 8.125016e-13 (requested = 1.000000e-12)
PyQUDA INFO: Time = 0.324 secs, Performance = 146.682 GFLOPS
BiCGstab: Convergence at 28 iterations, L2 relative residual: iterated = 4.294326e-13, true = 4.294326e-13 (requested = 1.000000e-12)
PyQUDA INFO: Time = 0.328 secs, Performance = 144.553 GFLOPS
BiCGstab: Convergence at 27 iterations, L2 relative residual: iterated = 8.634823e-13, true = 8.634823e-13 (requested = 1.000000e-12)
PyQUDA INFO: Time = 0.319 secs, Performance = 144.425 GFLOPS
BiCGstab: Convergence at 28 iterations, L2 relative residual: iterated = 5.324849e-13, true = 5.324849e-13 (requested = 1.000000e-12)
PyQUDA INFO: Time = 0.324 secs, Performance = 146.659 GFLOPS
BiCGstab: Convergence at 28 iterations, L2 relative residual: iterated = 5.547090e-13, true = 5.547090e-13 (requested = 1.000000e-12)
PyQUDA INFO: Time = 0.324 secs, Performance = 146.668 GFLOPS
BiCGstab: Convergence at 28 iterations, L2 relative residual: iterated = 3.674164e-13, true = 3.674164e-13 (requested = 1.000000e-12)
PyQUDA INFO: Time = 0.324 secs, Performance = 146.711 GFLOPS
BiCGstab: Convergence at 27 iterations, L2 relative residual: iterated = 8.827416e-13, true = 8.827416e-13 (requested = 1.000000e-12)
PyQUDA INFO: Time = 0.319 secs, Performance = 144.413 GFLOPS
BiCGstab: Convergence at 28 iterations, L2 relative residual: iterated = 6.463620e-13, true = 6.463620e-13 (requested = 1.000000e-12)
PyQUDA INFO: Time = 0.199 secs, Performance = 238.114 GFLOPS
BiCGstab: Convergence at 27 iterations, L2 relative residual: iterated = 5.612206e-13, true = 5.612206e-13 (requested = 1.000000e-12)
PyQUDA INFO: Time = 0.202 secs, Performance = 227.529 GFLOPS
BiCGstab: Convergence at 28 iterations, L2 relative residual: iterated = 1.836697e-13, true = 1.836697e-13 (requested = 1.000000e-12)
PyQUDA INFO: Time = 0.161 secs, Performance = 298.966 GFLOPS
BiCGstab: Convergence at 27 iterations, L2 relative residual: iterated = 6.658174e-13, true = 6.658174e-13 (requested = 1.000000e-12)
PyQUDA INFO: Time = 0.157 secs, Performance = 297.060 GFLOPS
BiCGstab: Convergence at 28 iterations, L2 relative residual: iterated = 1.704791e-13, true = 1.704791e-13 (requested = 1.000000e-12)
PyQUDA INFO: Time = 0.217 secs, Performance = 218.802 GFLOPS
BiCGstab: Convergence at 26 iterations, L2 relative residual: iterated = 8.348350e-13, true = 8.348350e-13 (requested = 1.000000e-12)
PyQUDA INFO: Time = 0.250 secs, Performance = 178.765 GFLOPS
BiCGstab: Convergence at 27 iterations, L2 relative residual: iterated = 5.475874e-13, true = 5.475874e-13 (requested = 1.000000e-12)
PyQUDA INFO: Time = 0.318 secs, Performance = 144.807 GFLOPS
BiCGstab: Convergence at 27 iterations, L2 relative residual: iterated = 3.554992e-13, true = 3.554992e-13 (requested = 1.000000e-12)
PyQUDA INFO: Time = 0.324 secs, Performance = 144.300 GFLOPS
BiCGstab: Convergence at 26 iterations, L2 relative residual: iterated = 9.154404e-13, true = 9.154404e-13 (requested = 1.000000e-12)
PyQUDA INFO: Time = 0.306 secs, Performance = 145.622 GFLOPS
BiCGstab: Convergence at 27 iterations, L2 relative residual: iterated = 3.919233e-13, true = 3.919233e-13 (requested = 1.000000e-12)
PyQUDA INFO: Time = 0.314 secs, Performance = 146.641 GFLOPS
BiCGstab: Convergence at 26 iterations, L2 relative residual: iterated = 7.686300e-13, true = 7.686300e-13 (requested = 1.000000e-12)
PyQUDA INFO: Time = 0.320 secs, Performance = 141.304 GFLOPS
BiCGstab: Convergence at 27 iterations, L2 relative residual: iterated = 4.671994e-13, true = 4.671994e-13 (requested = 1.000000e-12)
PyQUDA INFO: Time = 0.312 secs, Performance = 147.643 GFLOPS
BiCGstab: Convergence at 27 iterations, L2 relative residual: iterated = 5.951633e-13, true = 5.951633e-13 (requested = 1.000000e-12)
PyQUDA INFO: Time = 0.308 secs, Performance = 149.434 GFLOPS
BiCGstab: Convergence at 26 iterations, L2 relative residual: iterated = 8.984275e-13, true = 8.984275e-13 (requested = 1.000000e-12)
PyQUDA INFO: Time = 0.326 secs, Performance = 136.802 GFLOPS
BiCGstab: Convergence at 27 iterations, L2 relative residual: iterated = 3.128063e-13, true = 3.128063e-13 (requested = 1.000000e-12)
PyQUDA INFO: Time = 0.314 secs, Performance = 146.658 GFLOPS
BiCGstab: Convergence at 27 iterations, L2 relative residual: iterated = 6.169071e-13, true = 6.169071e-13 (requested = 1.000000e-12)
PyQUDA INFO: Time = 0.329 secs, Performance = 141.810 GFLOPS
BiCGstab: Convergence at 27 iterations, L2 relative residual: iterated = 8.920363e-13, true = 8.920363e-13 (requested = 1.000000e-12)
PyQUDA INFO: Time = 0.307 secs, Performance = 149.913 GFLOPS
BiCGstab: Convergence at 27 iterations, L2 relative residual: iterated = 3.804128e-13, true = 3.804128e-13 (requested = 1.000000e-12)
PyQUDA INFO: Time = 0.317 secs, Performance = 145.347 GFLOPS
BiCGstab: Convergence at 27 iterations, L2 relative residual: iterated = 4.035295e-13, true = 4.035295e-13 (requested = 1.000000e-12)
PyQUDA INFO: Time = 0.324 secs, Performance = 141.981 GFLOPS
BiCGstab: Convergence at 28 iterations, L2 relative residual: iterated = 2.261300e-13, true = 2.261300e-13 (requested = 1.000000e-12)
PyQUDA INFO: Time = 0.324 secs, Performance = 146.693 GFLOPS
BiCGstab: Convergence at 28 iterations, L2 relative residual: iterated = 5.369029e-13, true = 5.369029e-13 (requested = 1.000000e-12)
PyQUDA INFO: Time = 0.324 secs, Performance = 146.687 GFLOPS
BiCGstab: Convergence at 27 iterations, L2 relative residual: iterated = 8.841886e-13, true = 8.841886e-13 (requested = 1.000000e-12)
PyQUDA INFO: Time = 0.317 secs, Performance = 145.047 GFLOPS
BiCGstab: Convergence at 27 iterations, L2 relative residual: iterated = 4.584104e-13, true = 4.584104e-13 (requested = 1.000000e-12)
PyQUDA INFO: Time = 0.330 secs, Performance = 141.666 GFLOPS
BiCGstab: Convergence at 27 iterations, L2 relative residual: iterated = 8.147441e-13, true = 8.147441e-13 (requested = 1.000000e-12)
PyQUDA INFO: Time = 0.314 secs, Performance = 146.584 GFLOPS
BiCGstab: Convergence at 26 iterations, L2 relative residual: iterated = 8.118260e-13, true = 8.118260e-13 (requested = 1.000000e-12)
PyQUDA INFO: Time = 0.314 secs, Performance = 142.134 GFLOPS
Processing configurations:  84%|████████▍ | 42/50 [10:14<02:06, 15.87s/it]BiCGstab: Convergence at 29 iterations, L2 relative residual: iterated = 7.442985e-13, true = 7.442985e-13 (requested = 1.000000e-12)
PyQUDA INFO: Time = 0.353 secs, Performance = 138.648 GFLOPS
BiCGstab: Convergence at 29 iterations, L2 relative residual: iterated = 6.789178e-13, true = 6.789178e-13 (requested = 1.000000e-12)
PyQUDA INFO: Time = 0.317 secs, Performance = 152.250 GFLOPS
BiCGstab: Convergence at 30 iterations, L2 relative residual: iterated = 4.630804e-13, true = 4.630804e-13 (requested = 1.000000e-12)
PyQUDA INFO: Time = 0.318 secs, Performance = 155.992 GFLOPS
BiCGstab: Convergence at 29 iterations, L2 relative residual: iterated = 9.460775e-13, true = 9.460775e-13 (requested = 1.000000e-12)
PyQUDA INFO: Time = 0.328 secs, Performance = 148.925 GFLOPS
BiCGstab: Convergence at 30 iterations, L2 relative residual: iterated = 6.064178e-13, true = 6.064178e-13 (requested = 1.000000e-12)
PyQUDA INFO: Time = 0.336 secs, Performance = 149.705 GFLOPS
BiCGstab: Convergence at 30 iterations, L2 relative residual: iterated = 2.745572e-13, true = 2.745572e-13 (requested = 1.000000e-12)
PyQUDA INFO: Time = 0.335 secs, Performance = 150.058 GFLOPS
BiCGstab: Convergence at 30 iterations, L2 relative residual: iterated = 3.618233e-13, true = 3.618233e-13 (requested = 1.000000e-12)
PyQUDA INFO: Time = 0.333 secs, Performance = 150.943 GFLOPS
BiCGstab: Convergence at 29 iterations, L2 relative residual: iterated = 8.774996e-13, true = 8.774996e-13 (requested = 1.000000e-12)
PyQUDA INFO: Time = 0.317 secs, Performance = 151.966 GFLOPS
BiCGstab: Convergence at 30 iterations, L2 relative residual: iterated = 2.982417e-13, true = 2.982417e-13 (requested = 1.000000e-12)
PyQUDA INFO: Time = 0.338 secs, Performance = 148.831 GFLOPS
BiCGstab: Convergence at 30 iterations, L2 relative residual: iterated = 2.435685e-13, true = 2.435685e-13 (requested = 1.000000e-12)
PyQUDA INFO: Time = 0.317 secs, Performance = 156.420 GFLOPS
BiCGstab: Convergence at 29 iterations, L2 relative residual: iterated = 8.730514e-13, true = 8.730514e-13 (requested = 1.000000e-12)
PyQUDA INFO: Time = 0.329 secs, Performance = 146.700 GFLOPS
BiCGstab: Convergence at 29 iterations, L2 relative residual: iterated = 7.109941e-13, true = 7.109941e-13 (requested = 1.000000e-12)
PyQUDA INFO: Time = 0.317 secs, Performance = 152.025 GFLOPS
BiCGstab: Convergence at 28 iterations, L2 relative residual: iterated = 6.976505e-13, true = 6.976505e-13 (requested = 1.000000e-12)
PyQUDA INFO: Time = 0.340 secs, Performance = 139.428 GFLOPS
BiCGstab: Convergence at 29 iterations, L2 relative residual: iterated = 7.790546e-13, true = 7.790546e-13 (requested = 1.000000e-12)
PyQUDA INFO: Time = 0.348 secs, Performance = 142.249 GFLOPS
BiCGstab: Convergence at 29 iterations, L2 relative residual: iterated = 6.439336e-13, true = 6.439336e-13 (requested = 1.000000e-12)
PyQUDA INFO: Time = 0.318 secs, Performance = 151.754 GFLOPS
BiCGstab: Convergence at 29 iterations, L2 relative residual: iterated = 3.757071e-13, true = 3.757071e-13 (requested = 1.000000e-12)
PyQUDA INFO: Time = 0.328 secs, Performance = 148.852 GFLOPS
BiCGstab: Convergence at 30 iterations, L2 relative residual: iterated = 8.406932e-14, true = 8.406932e-14 (requested = 1.000000e-12)
PyQUDA INFO: Time = 0.338 secs, Performance = 148.891 GFLOPS
BiCGstab: Convergence at 28 iterations, L2 relative residual: iterated = 3.669187e-13, true = 3.669187e-13 (requested = 1.000000e-12)
PyQUDA INFO: Time = 0.324 secs, Performance = 146.548 GFLOPS
BiCGstab: Convergence at 30 iterations, L2 relative residual: iterated = 3.921284e-13, true = 3.921284e-13 (requested = 1.000000e-12)
PyQUDA INFO: Time = 0.333 secs, Performance = 150.954 GFLOPS
BiCGstab: Convergence at 28 iterations, L2 relative residual: iterated = 3.145023e-13, true = 3.145023e-13 (requested = 1.000000e-12)
PyQUDA INFO: Time = 0.324 secs, Performance = 146.699 GFLOPS
BiCGstab: Convergence at 27 iterations, L2 relative residual: iterated = 9.096036e-13, true = 9.096036e-13 (requested = 1.000000e-12)
PyQUDA INFO: Time = 0.319 secs, Performance = 144.396 GFLOPS
BiCGstab: Convergence at 28 iterations, L2 relative residual: iterated = 7.710750e-13, true = 7.710750e-13 (requested = 1.000000e-12)
PyQUDA INFO: Time = 0.301 secs, Performance = 153.157 GFLOPS
BiCGstab: Convergence at 29 iterations, L2 relative residual: iterated = 3.770142e-13, true = 3.770142e-13 (requested = 1.000000e-12)
PyQUDA INFO: Time = 0.249 secs, Performance = 196.603 GFLOPS
BiCGstab: Convergence at 28 iterations, L2 relative residual: iterated = 6.163236e-13, true = 6.163236e-13 (requested = 1.000000e-12)
PyQUDA INFO: Time = 0.152 secs, Performance = 312.990 GFLOPS
BiCGstab: Convergence at 27 iterations, L2 relative residual: iterated = 4.459699e-13, true = 4.459699e-13 (requested = 1.000000e-12)
PyQUDA INFO: Time = 0.170 secs, Performance = 274.328 GFLOPS
BiCGstab: Convergence at 27 iterations, L2 relative residual: iterated = 5.418050e-13, true = 5.418050e-13 (requested = 1.000000e-12)
PyQUDA INFO: Time = 0.182 secs, Performance = 252.405 GFLOPS
BiCGstab: Convergence at 28 iterations, L2 relative residual: iterated = 1.533299e-13, true = 1.533299e-13 (requested = 1.000000e-12)
PyQUDA INFO: Time = 0.158 secs, Performance = 301.145 GFLOPS
BiCGstab: Convergence at 27 iterations, L2 relative residual: iterated = 4.134966e-13, true = 4.134966e-13 (requested = 1.000000e-12)
PyQUDA INFO: Time = 0.152 secs, Performance = 303.579 GFLOPS
BiCGstab: Convergence at 27 iterations, L2 relative residual: iterated = 4.592300e-13, true = 4.592300e-13 (requested = 1.000000e-12)
PyQUDA INFO: Time = 0.284 secs, Performance = 162.161 GFLOPS
BiCGstab: Convergence at 27 iterations, L2 relative residual: iterated = 4.901292e-13, true = 4.901292e-13 (requested = 1.000000e-12)
PyQUDA INFO: Time = 0.328 secs, Performance = 142.245 GFLOPS
BiCGstab: Convergence at 27 iterations, L2 relative residual: iterated = 7.422623e-13, true = 7.422623e-13 (requested = 1.000000e-12)
PyQUDA INFO: Time = 0.318 secs, Performance = 144.773 GFLOPS
BiCGstab: Convergence at 27 iterations, L2 relative residual: iterated = 7.739869e-13, true = 7.739869e-13 (requested = 1.000000e-12)
PyQUDA INFO: Time = 0.310 secs, Performance = 148.586 GFLOPS
BiCGstab: Convergence at 27 iterations, L2 relative residual: iterated = 7.201736e-13, true = 7.201736e-13 (requested = 1.000000e-12)
PyQUDA INFO: Time = 0.317 secs, Performance = 145.302 GFLOPS
BiCGstab: Convergence at 26 iterations, L2 relative residual: iterated = 9.640166e-13, true = 9.640166e-13 (requested = 1.000000e-12)
PyQUDA INFO: Time = 0.306 secs, Performance = 145.565 GFLOPS
BiCGstab: Convergence at 27 iterations, L2 relative residual: iterated = 5.033384e-13, true = 5.033384e-13 (requested = 1.000000e-12)
PyQUDA INFO: Time = 0.318 secs, Performance = 144.827 GFLOPS
BiCGstab: Convergence at 27 iterations, L2 relative residual: iterated = 8.603208e-13, true = 8.603208e-13 (requested = 1.000000e-12)
PyQUDA INFO: Time = 0.312 secs, Performance = 147.473 GFLOPS
BiCGstab: Convergence at 27 iterations, L2 relative residual: iterated = 9.953966e-13, true = 9.953966e-13 (requested = 1.000000e-12)
PyQUDA INFO: Time = 0.336 secs, Performance = 137.173 GFLOPS
BiCGstab: Convergence at 27 iterations, L2 relative residual: iterated = 3.890406e-13, true = 3.890406e-13 (requested = 1.000000e-12)
PyQUDA INFO: Time = 0.303 secs, Performance = 149.912 GFLOPS
BiCGstab: Convergence at 27 iterations, L2 relative residual: iterated = 5.424805e-13, true = 5.424805e-13 (requested = 1.000000e-12)
PyQUDA INFO: Time = 0.325 secs, Performance = 143.654 GFLOPS
BiCGstab: Convergence at 28 iterations, L2 relative residual: iterated = 2.197318e-13, true = 2.197318e-13 (requested = 1.000000e-12)
PyQUDA INFO: Time = 0.319 secs, Performance = 148.876 GFLOPS
BiCGstab: Convergence at 27 iterations, L2 relative residual: iterated = 5.085367e-13, true = 5.085367e-13 (requested = 1.000000e-12)
PyQUDA INFO: Time = 0.317 secs, Performance = 145.325 GFLOPS
BiCGstab: Convergence at 27 iterations, L2 relative residual: iterated = 3.882007e-13, true = 3.882007e-13 (requested = 1.000000e-12)
PyQUDA INFO: Time = 0.320 secs, Performance = 143.990 GFLOPS
BiCGstab: Convergence at 27 iterations, L2 relative residual: iterated = 6.780987e-13, true = 6.780987e-13 (requested = 1.000000e-12)
PyQUDA INFO: Time = 0.309 secs, Performance = 148.853 GFLOPS
BiCGstab: Convergence at 28 iterations, L2 relative residual: iterated = 2.163005e-13, true = 2.163005e-13 (requested = 1.000000e-12)
PyQUDA INFO: Time = 0.296 secs, Performance = 155.595 GFLOPS
BiCGstab: Convergence at 27 iterations, L2 relative residual: iterated = 5.874468e-13, true = 5.874468e-13 (requested = 1.000000e-12)
PyQUDA INFO: Time = 0.318 secs, Performance = 144.867 GFLOPS
BiCGstab: Convergence at 27 iterations, L2 relative residual: iterated = 9.365942e-13, true = 9.365942e-13 (requested = 1.000000e-12)
PyQUDA INFO: Time = 0.319 secs, Performance = 144.471 GFLOPS
BiCGstab: Convergence at 27 iterations, L2 relative residual: iterated = 3.321712e-13, true = 3.321712e-13 (requested = 1.000000e-12)
PyQUDA INFO: Time = 0.314 secs, Performance = 146.441 GFLOPS
BiCGstab: Convergence at 27 iterations, L2 relative residual: iterated = 3.741195e-13, true = 3.741195e-13 (requested = 1.000000e-12)
PyQUDA INFO: Time = 0.308 secs, Performance = 147.451 GFLOPS
Processing configurations:  86%|████████▌ | 43/50 [10:30<01:50, 15.83s/it]BiCGstab: Convergence at 30 iterations, L2 relative residual: iterated = 8.777006e-13, true = 8.777006e-13 (requested = 1.000000e-12)
PyQUDA INFO: Time = 0.327 secs, Performance = 149.679 GFLOPS
BiCGstab: Convergence at 30 iterations, L2 relative residual: iterated = 3.185373e-13, true = 3.185373e-13 (requested = 1.000000e-12)
PyQUDA INFO: Time = 0.345 secs, Performance = 147.983 GFLOPS
BiCGstab: Convergence at 29 iterations, L2 relative residual: iterated = 9.405165e-13, true = 9.405165e-13 (requested = 1.000000e-12)
PyQUDA INFO: Time = 0.306 secs, Performance = 155.561 GFLOPS
BiCGstab: Convergence at 29 iterations, L2 relative residual: iterated = 9.816306e-13, true = 9.816306e-13 (requested = 1.000000e-12)
PyQUDA INFO: Time = 0.301 secs, Performance = 157.806 GFLOPS
BiCGstab: Convergence at 30 iterations, L2 relative residual: iterated = 2.118497e-13, true = 2.118497e-13 (requested = 1.000000e-12)
PyQUDA INFO: Time = 0.320 secs, Performance = 155.074 GFLOPS
BiCGstab: Convergence at 29 iterations, L2 relative residual: iterated = 6.842067e-13, true = 6.842067e-13 (requested = 1.000000e-12)
PyQUDA INFO: Time = 0.329 secs, Performance = 148.818 GFLOPS
BiCGstab: Convergence at 30 iterations, L2 relative residual: iterated = 9.664420e-13, true = 9.664420e-13 (requested = 1.000000e-12)
PyQUDA INFO: Time = 0.333 secs, Performance = 150.908 GFLOPS
BiCGstab: Convergence at 30 iterations, L2 relative residual: iterated = 6.275616e-13, true = 6.275616e-13 (requested = 1.000000e-12)
PyQUDA INFO: Time = 0.335 secs, Performance = 150.151 GFLOPS
BiCGstab: Convergence at 29 iterations, L2 relative residual: iterated = 7.218501e-13, true = 7.218501e-13 (requested = 1.000000e-12)
PyQUDA INFO: Time = 0.333 secs, Performance = 146.798 GFLOPS
BiCGstab: Convergence at 29 iterations, L2 relative residual: iterated = 7.567463e-13, true = 7.567463e-13 (requested = 1.000000e-12)
PyQUDA INFO: Time = 0.313 secs, Performance = 154.215 GFLOPS
BiCGstab: Convergence at 31 iterations, L2 relative residual: iterated = 6.714421e-14, true = 6.714421e-14 (requested = 1.000000e-12)
PyQUDA INFO: Time = 0.355 secs, Performance = 145.911 GFLOPS
BiCGstab: Convergence at 30 iterations, L2 relative residual: iterated = 2.083438e-13, true = 2.083438e-13 (requested = 1.000000e-12)
PyQUDA INFO: Time = 0.338 secs, Performance = 148.834 GFLOPS
BiCGstab: Convergence at 28 iterations, L2 relative residual: iterated = 9.444078e-13, true = 9.444078e-13 (requested = 1.000000e-12)
PyQUDA INFO: Time = 0.345 secs, Performance = 137.596 GFLOPS
BiCGstab: Convergence at 28 iterations, L2 relative residual: iterated = 7.137408e-13, true = 7.137408e-13 (requested = 1.000000e-12)
PyQUDA INFO: Time = 0.324 secs, Performance = 146.603 GFLOPS
BiCGstab: Convergence at 27 iterations, L2 relative residual: iterated = 9.744258e-13, true = 9.744258e-13 (requested = 1.000000e-12)
PyQUDA INFO: Time = 0.307 secs, Performance = 147.574 GFLOPS
BiCGstab: Convergence at 29 iterations, L2 relative residual: iterated = 1.356723e-13, true = 1.356723e-13 (requested = 1.000000e-12)
PyQUDA INFO: Time = 0.329 secs, Performance = 148.771 GFLOPS
BiCGstab: Convergence at 28 iterations, L2 relative residual: iterated = 4.830361e-13, true = 4.830361e-13 (requested = 1.000000e-12)
PyQUDA INFO: Time = 0.330 secs, Performance = 143.962 GFLOPS
BiCGstab: Convergence at 28 iterations, L2 relative residual: iterated = 6.042483e-13, true = 6.042483e-13 (requested = 1.000000e-12)
PyQUDA INFO: Time = 0.311 secs, Performance = 150.473 GFLOPS
BiCGstab: Convergence at 27 iterations, L2 relative residual: iterated = 9.102805e-13, true = 9.102805e-13 (requested = 1.000000e-12)
PyQUDA INFO: Time = 0.307 secs, Performance = 147.531 GFLOPS
BiCGstab: Convergence at 29 iterations, L2 relative residual: iterated = 1.301495e-13, true = 1.301495e-13 (requested = 1.000000e-12)
PyQUDA INFO: Time = 0.350 secs, Performance = 141.457 GFLOPS
BiCGstab: Convergence at 28 iterations, L2 relative residual: iterated = 4.828264e-13, true = 4.828264e-13 (requested = 1.000000e-12)
PyQUDA INFO: Time = 0.341 secs, Performance = 140.984 GFLOPS
BiCGstab: Convergence at 28 iterations, L2 relative residual: iterated = 5.457501e-13, true = 5.457501e-13 (requested = 1.000000e-12)
PyQUDA INFO: Time = 0.311 secs, Performance = 150.333 GFLOPS
BiCGstab: Convergence at 28 iterations, L2 relative residual: iterated = 7.125660e-13, true = 7.125660e-13 (requested = 1.000000e-12)
PyQUDA INFO: Time = 0.159 secs, Performance = 298.816 GFLOPS
BiCGstab: Convergence at 27 iterations, L2 relative residual: iterated = 7.711052e-13, true = 7.711052e-13 (requested = 1.000000e-12)
PyQUDA INFO: Time = 0.150 secs, Performance = 306.718 GFLOPS
BiCGstab: Convergence at 26 iterations, L2 relative residual: iterated = 7.528818e-13, true = 7.528818e-13 (requested = 1.000000e-12)
PyQUDA INFO: Time = 0.153 secs, Performance = 287.643 GFLOPS
BiCGstab: Convergence at 27 iterations, L2 relative residual: iterated = 5.301407e-13, true = 5.301407e-13 (requested = 1.000000e-12)
PyQUDA INFO: Time = 0.151 secs, Performance = 305.846 GFLOPS
BiCGstab: Convergence at 27 iterations, L2 relative residual: iterated = 8.098207e-13, true = 8.098207e-13 (requested = 1.000000e-12)
PyQUDA INFO: Time = 0.149 secs, Performance = 308.027 GFLOPS
BiCGstab: Convergence at 27 iterations, L2 relative residual: iterated = 4.443276e-13, true = 4.443276e-13 (requested = 1.000000e-12)
PyQUDA INFO: Time = 0.184 secs, Performance = 254.070 GFLOPS
BiCGstab: Convergence at 26 iterations, L2 relative residual: iterated = 8.175983e-13, true = 8.175983e-13 (requested = 1.000000e-12)
PyQUDA INFO: Time = 0.272 secs, Performance = 163.850 GFLOPS
BiCGstab: Convergence at 27 iterations, L2 relative residual: iterated = 5.559097e-13, true = 5.559097e-13 (requested = 1.000000e-12)
PyQUDA INFO: Time = 0.316 secs, Performance = 145.843 GFLOPS
BiCGstab: Convergence at 27 iterations, L2 relative residual: iterated = 3.785012e-13, true = 3.785012e-13 (requested = 1.000000e-12)
PyQUDA INFO: Time = 0.320 secs, Performance = 145.774 GFLOPS
BiCGstab: Convergence at 27 iterations, L2 relative residual: iterated = 5.452027e-13, true = 5.452027e-13 (requested = 1.000000e-12)
PyQUDA INFO: Time = 0.330 secs, Performance = 141.571 GFLOPS
BiCGstab: Convergence at 27 iterations, L2 relative residual: iterated = 5.668133e-13, true = 5.668133e-13 (requested = 1.000000e-12)
PyQUDA INFO: Time = 0.325 secs, Performance = 143.633 GFLOPS
BiCGstab: Convergence at 27 iterations, L2 relative residual: iterated = 3.999462e-13, true = 3.999462e-13 (requested = 1.000000e-12)
PyQUDA INFO: Time = 0.303 secs, Performance = 149.807 GFLOPS
BiCGstab: Convergence at 26 iterations, L2 relative residual: iterated = 8.746919e-13, true = 8.746919e-13 (requested = 1.000000e-12)
PyQUDA INFO: Time = 0.309 secs, Performance = 144.417 GFLOPS
BiCGstab: Convergence at 27 iterations, L2 relative residual: iterated = 6.721168e-13, true = 6.721168e-13 (requested = 1.000000e-12)
PyQUDA INFO: Time = 0.314 secs, Performance = 146.700 GFLOPS
BiCGstab: Convergence at 27 iterations, L2 relative residual: iterated = 7.439205e-13, true = 7.439205e-13 (requested = 1.000000e-12)
PyQUDA INFO: Time = 0.332 secs, Performance = 138.541 GFLOPS
BiCGstab: Convergence at 27 iterations, L2 relative residual: iterated = 5.493289e-13, true = 5.493289e-13 (requested = 1.000000e-12)
PyQUDA INFO: Time = 0.315 secs, Performance = 146.009 GFLOPS
BiCGstab: Convergence at 27 iterations, L2 relative residual: iterated = 4.273688e-13, true = 4.273688e-13 (requested = 1.000000e-12)
PyQUDA INFO: Time = 0.316 secs, Performance = 145.686 GFLOPS
BiCGstab: Convergence at 26 iterations, L2 relative residual: iterated = 9.540580e-13, true = 9.540580e-13 (requested = 1.000000e-12)
PyQUDA INFO: Time = 0.297 secs, Performance = 147.924 GFLOPS
BiCGstab: Convergence at 27 iterations, L2 relative residual: iterated = 8.079337e-13, true = 8.079337e-13 (requested = 1.000000e-12)
PyQUDA INFO: Time = 0.312 secs, Performance = 147.719 GFLOPS
BiCGstab: Convergence at 27 iterations, L2 relative residual: iterated = 5.286762e-13, true = 5.286762e-13 (requested = 1.000000e-12)
PyQUDA INFO: Time = 0.326 secs, Performance = 141.315 GFLOPS
BiCGstab: Convergence at 27 iterations, L2 relative residual: iterated = 7.019327e-13, true = 7.019327e-13 (requested = 1.000000e-12)
PyQUDA INFO: Time = 0.319 secs, Performance = 144.446 GFLOPS
BiCGstab: Convergence at 27 iterations, L2 relative residual: iterated = 9.998906e-13, true = 9.998906e-13 (requested = 1.000000e-12)
PyQUDA INFO: Time = 0.330 secs, Performance = 141.614 GFLOPS
BiCGstab: Convergence at 27 iterations, L2 relative residual: iterated = 8.201091e-13, true = 8.201091e-13 (requested = 1.000000e-12)
PyQUDA INFO: Time = 0.331 secs, Performance = 140.948 GFLOPS
BiCGstab: Convergence at 27 iterations, L2 relative residual: iterated = 4.767565e-13, true = 4.767565e-13 (requested = 1.000000e-12)
PyQUDA INFO: Time = 0.328 secs, Performance = 142.456 GFLOPS
BiCGstab: Convergence at 27 iterations, L2 relative residual: iterated = 9.423248e-13, true = 9.423248e-13 (requested = 1.000000e-12)
PyQUDA INFO: Time = 0.315 secs, Performance = 146.331 GFLOPS
BiCGstab: Convergence at 28 iterations, L2 relative residual: iterated = 4.750102e-13, true = 4.750102e-13 (requested = 1.000000e-12)
PyQUDA INFO: Time = 0.328 secs, Performance = 144.572 GFLOPS
Processing configurations:  88%|████████▊ | 44/50 [10:46<01:34, 15.78s/it]BiCGstab: Convergence at 32 iterations, L2 relative residual: iterated = 1.271690e-13, true = 1.271690e-13 (requested = 1.000000e-12)
PyQUDA INFO: Time = 0.366 secs, Performance = 145.190 GFLOPS
BiCGstab: Convergence at 30 iterations, L2 relative residual: iterated = 2.148468e-13, true = 2.148468e-13 (requested = 1.000000e-12)
PyQUDA INFO: Time = 0.322 secs, Performance = 154.151 GFLOPS
BiCGstab: Convergence at 30 iterations, L2 relative residual: iterated = 9.458980e-13, true = 9.458980e-13 (requested = 1.000000e-12)
PyQUDA INFO: Time = 0.322 secs, Performance = 154.257 GFLOPS
BiCGstab: Convergence at 31 iterations, L2 relative residual: iterated = 3.710401e-13, true = 3.710401e-13 (requested = 1.000000e-12)
PyQUDA INFO: Time = 0.311 secs, Performance = 162.010 GFLOPS
BiCGstab: Convergence at 29 iterations, L2 relative residual: iterated = 9.928387e-13, true = 9.928387e-13 (requested = 1.000000e-12)
PyQUDA INFO: Time = 0.317 secs, Performance = 152.017 GFLOPS
BiCGstab: Convergence at 29 iterations, L2 relative residual: iterated = 4.471688e-13, true = 4.471688e-13 (requested = 1.000000e-12)
PyQUDA INFO: Time = 0.329 secs, Performance = 148.816 GFLOPS
BiCGstab: Convergence at 30 iterations, L2 relative residual: iterated = 4.549415e-13, true = 4.549415e-13 (requested = 1.000000e-12)
PyQUDA INFO: Time = 0.322 secs, Performance = 154.136 GFLOPS
BiCGstab: Convergence at 30 iterations, L2 relative residual: iterated = 2.337563e-13, true = 2.337563e-13 (requested = 1.000000e-12)
PyQUDA INFO: Time = 0.361 secs, Performance = 143.313 GFLOPS
BiCGstab: Convergence at 31 iterations, L2 relative residual: iterated = 3.757593e-13, true = 3.757593e-13 (requested = 1.000000e-12)
PyQUDA INFO: Time = 0.341 secs, Performance = 151.730 GFLOPS
BiCGstab: Convergence at 30 iterations, L2 relative residual: iterated = 8.751895e-13, true = 8.751895e-13 (requested = 1.000000e-12)
PyQUDA INFO: Time = 0.331 secs, Performance = 152.180 GFLOPS
BiCGstab: Convergence at 29 iterations, L2 relative residual: iterated = 9.835309e-13, true = 9.835309e-13 (requested = 1.000000e-12)
PyQUDA INFO: Time = 0.340 secs, Performance = 143.709 GFLOPS
BiCGstab: Convergence at 30 iterations, L2 relative residual: iterated = 3.723204e-13, true = 3.723204e-13 (requested = 1.000000e-12)
PyQUDA INFO: Time = 0.322 secs, Performance = 154.285 GFLOPS
BiCGstab: Convergence at 28 iterations, L2 relative residual: iterated = 6.781825e-13, true = 6.781825e-13 (requested = 1.000000e-12)
PyQUDA INFO: Time = 0.334 secs, Performance = 140.154 GFLOPS
BiCGstab: Convergence at 28 iterations, L2 relative residual: iterated = 4.163114e-13, true = 4.163114e-13 (requested = 1.000000e-12)
PyQUDA INFO: Time = 0.323 secs, Performance = 146.948 GFLOPS
BiCGstab: Convergence at 28 iterations, L2 relative residual: iterated = 4.054338e-13, true = 4.054338e-13 (requested = 1.000000e-12)
PyQUDA INFO: Time = 0.311 secs, Performance = 150.579 GFLOPS
BiCGstab: Convergence at 28 iterations, L2 relative residual: iterated = 3.696914e-13, true = 3.696914e-13 (requested = 1.000000e-12)
PyQUDA INFO: Time = 0.326 secs, Performance = 145.781 GFLOPS
BiCGstab: Convergence at 28 iterations, L2 relative residual: iterated = 4.160509e-13, true = 4.160509e-13 (requested = 1.000000e-12)
PyQUDA INFO: Time = 0.325 secs, Performance = 146.058 GFLOPS
BiCGstab: Convergence at 27 iterations, L2 relative residual: iterated = 8.688649e-13, true = 8.688649e-13 (requested = 1.000000e-12)
PyQUDA INFO: Time = 0.322 secs, Performance = 143.038 GFLOPS
BiCGstab: Convergence at 29 iterations, L2 relative residual: iterated = 8.718122e-13, true = 8.718122e-13 (requested = 1.000000e-12)
PyQUDA INFO: Time = 0.333 secs, Performance = 146.904 GFLOPS
BiCGstab: Convergence at 28 iterations, L2 relative residual: iterated = 5.610890e-13, true = 5.610890e-13 (requested = 1.000000e-12)
PyQUDA INFO: Time = 0.311 secs, Performance = 150.488 GFLOPS
BiCGstab: Convergence at 28 iterations, L2 relative residual: iterated = 4.688653e-13, true = 4.688653e-13 (requested = 1.000000e-12)
PyQUDA INFO: Time = 0.310 secs, Performance = 151.115 GFLOPS
BiCGstab: Convergence at 28 iterations, L2 relative residual: iterated = 4.648525e-13, true = 4.648525e-13 (requested = 1.000000e-12)
PyQUDA INFO: Time = 0.312 secs, Performance = 149.919 GFLOPS
BiCGstab: Convergence at 28 iterations, L2 relative residual: iterated = 4.127750e-13, true = 4.127750e-13 (requested = 1.000000e-12)
PyQUDA INFO: Time = 0.210 secs, Performance = 226.411 GFLOPS
BiCGstab: Convergence at 31 iterations, L2 relative residual: iterated = 1.108609e-13, true = 1.108609e-13 (requested = 1.000000e-12)
PyQUDA INFO: Time = 0.190 secs, Performance = 268.341 GFLOPS
BiCGstab: Convergence at 27 iterations, L2 relative residual: iterated = 9.179206e-13, true = 9.179206e-13 (requested = 1.000000e-12)
PyQUDA INFO: Time = 0.169 secs, Performance = 271.646 GFLOPS
BiCGstab: Convergence at 27 iterations, L2 relative residual: iterated = 6.445924e-13, true = 6.445924e-13 (requested = 1.000000e-12)
PyQUDA INFO: Time = 0.164 secs, Performance = 280.708 GFLOPS
BiCGstab: Convergence at 26 iterations, L2 relative residual: iterated = 9.728106e-13, true = 9.728106e-13 (requested = 1.000000e-12)
PyQUDA INFO: Time = 0.189 secs, Performance = 235.555 GFLOPS
BiCGstab: Convergence at 27 iterations, L2 relative residual: iterated = 4.625619e-13, true = 4.625619e-13 (requested = 1.000000e-12)
PyQUDA INFO: Time = 0.222 secs, Performance = 207.021 GFLOPS
BiCGstab: Convergence at 27 iterations, L2 relative residual: iterated = 4.286020e-13, true = 4.286020e-13 (requested = 1.000000e-12)
PyQUDA INFO: Time = 0.310 secs, Performance = 148.709 GFLOPS
BiCGstab: Convergence at 26 iterations, L2 relative residual: iterated = 7.156311e-13, true = 7.156311e-13 (requested = 1.000000e-12)
PyQUDA INFO: Time = 0.297 secs, Performance = 147.823 GFLOPS
BiCGstab: Convergence at 27 iterations, L2 relative residual: iterated = 6.741332e-13, true = 6.741332e-13 (requested = 1.000000e-12)
PyQUDA INFO: Time = 0.310 secs, Performance = 148.621 GFLOPS
BiCGstab: Convergence at 27 iterations, L2 relative residual: iterated = 3.720615e-13, true = 3.720615e-13 (requested = 1.000000e-12)
PyQUDA INFO: Time = 0.319 secs, Performance = 144.442 GFLOPS
BiCGstab: Convergence at 27 iterations, L2 relative residual: iterated = 7.808486e-13, true = 7.808486e-13 (requested = 1.000000e-12)
PyQUDA INFO: Time = 0.313 secs, Performance = 146.920 GFLOPS
BiCGstab: Convergence at 26 iterations, L2 relative residual: iterated = 9.591786e-13, true = 9.591786e-13 (requested = 1.000000e-12)
PyQUDA INFO: Time = 0.309 secs, Performance = 144.185 GFLOPS
BiCGstab: Convergence at 26 iterations, L2 relative residual: iterated = 9.161779e-13, true = 9.161779e-13 (requested = 1.000000e-12)
PyQUDA INFO: Time = 0.323 secs, Performance = 140.162 GFLOPS
BiCGstab: Convergence at 27 iterations, L2 relative residual: iterated = 3.612452e-13, true = 3.612452e-13 (requested = 1.000000e-12)
PyQUDA INFO: Time = 0.315 secs, Performance = 146.017 GFLOPS
BiCGstab: Convergence at 28 iterations, L2 relative residual: iterated = 1.856369e-13, true = 1.856369e-13 (requested = 1.000000e-12)
PyQUDA INFO: Time = 0.342 secs, Performance = 138.610 GFLOPS
BiCGstab: Convergence at 28 iterations, L2 relative residual: iterated = 2.678991e-13, true = 2.678991e-13 (requested = 1.000000e-12)
PyQUDA INFO: Time = 0.322 secs, Performance = 147.555 GFLOPS
BiCGstab: Convergence at 27 iterations, L2 relative residual: iterated = 8.378794e-13, true = 8.378794e-13 (requested = 1.000000e-12)
PyQUDA INFO: Time = 0.315 secs, Performance = 145.991 GFLOPS
BiCGstab: Convergence at 27 iterations, L2 relative residual: iterated = 5.350580e-13, true = 5.350580e-13 (requested = 1.000000e-12)
PyQUDA INFO: Time = 0.319 secs, Performance = 144.465 GFLOPS
BiCGstab: Convergence at 27 iterations, L2 relative residual: iterated = 7.239230e-13, true = 7.239230e-13 (requested = 1.000000e-12)
PyQUDA INFO: Time = 0.326 secs, Performance = 141.187 GFLOPS
BiCGstab: Convergence at 27 iterations, L2 relative residual: iterated = 5.214483e-13, true = 5.214483e-13 (requested = 1.000000e-12)
PyQUDA INFO: Time = 0.319 secs, Performance = 144.488 GFLOPS
BiCGstab: Convergence at 27 iterations, L2 relative residual: iterated = 4.107935e-13, true = 4.107935e-13 (requested = 1.000000e-12)
PyQUDA INFO: Time = 0.319 secs, Performance = 144.431 GFLOPS
BiCGstab: Convergence at 28 iterations, L2 relative residual: iterated = 1.475442e-13, true = 1.475442e-13 (requested = 1.000000e-12)
PyQUDA INFO: Time = 0.325 secs, Performance = 146.222 GFLOPS
BiCGstab: Convergence at 26 iterations, L2 relative residual: iterated = 8.973927e-13, true = 8.973927e-13 (requested = 1.000000e-12)
PyQUDA INFO: Time = 0.294 secs, Performance = 149.591 GFLOPS
BiCGstab: Convergence at 28 iterations, L2 relative residual: iterated = 2.851769e-13, true = 2.851769e-13 (requested = 1.000000e-12)
PyQUDA INFO: Time = 0.325 secs, Performance = 146.053 GFLOPS
BiCGstab: Convergence at 27 iterations, L2 relative residual: iterated = 6.368233e-13, true = 6.368233e-13 (requested = 1.000000e-12)
PyQUDA INFO: Time = 0.317 secs, Performance = 145.046 GFLOPS
BiCGstab: Convergence at 28 iterations, L2 relative residual: iterated = 4.553574e-13, true = 4.553574e-13 (requested = 1.000000e-12)
PyQUDA INFO: Time = 0.328 secs, Performance = 144.650 GFLOPS
Processing configurations:  90%|█████████ | 45/50 [11:02<01:19, 15.81s/it]BiCGstab: Convergence at 30 iterations, L2 relative residual: iterated = 5.644211e-13, true = 5.644211e-13 (requested = 1.000000e-12)
PyQUDA INFO: Time = 0.344 secs, Performance = 144.494 GFLOPS
BiCGstab: Convergence at 29 iterations, L2 relative residual: iterated = 9.113799e-13, true = 9.113799e-13 (requested = 1.000000e-12)
PyQUDA INFO: Time = 0.312 secs, Performance = 154.432 GFLOPS
BiCGstab: Convergence at 30 iterations, L2 relative residual: iterated = 7.226937e-13, true = 7.226937e-13 (requested = 1.000000e-12)
PyQUDA INFO: Time = 0.322 secs, Performance = 154.128 GFLOPS
BiCGstab: Convergence at 30 iterations, L2 relative residual: iterated = 3.056850e-13, true = 3.056850e-13 (requested = 1.000000e-12)
PyQUDA INFO: Time = 0.327 secs, Performance = 151.886 GFLOPS
BiCGstab: Convergence at 29 iterations, L2 relative residual: iterated = 7.309199e-13, true = 7.309199e-13 (requested = 1.000000e-12)
PyQUDA INFO: Time = 0.330 secs, Performance = 148.192 GFLOPS
BiCGstab: Convergence at 30 iterations, L2 relative residual: iterated = 2.026712e-13, true = 2.026712e-13 (requested = 1.000000e-12)
PyQUDA INFO: Time = 0.325 secs, Performance = 152.813 GFLOPS
BiCGstab: Convergence at 29 iterations, L2 relative residual: iterated = 5.930267e-13, true = 5.930267e-13 (requested = 1.000000e-12)
PyQUDA INFO: Time = 0.318 secs, Performance = 151.718 GFLOPS
BiCGstab: Convergence at 31 iterations, L2 relative residual: iterated = 5.718215e-13, true = 5.718215e-13 (requested = 1.000000e-12)
PyQUDA INFO: Time = 0.338 secs, Performance = 152.956 GFLOPS
BiCGstab: Convergence at 29 iterations, L2 relative residual: iterated = 5.232941e-13, true = 5.232941e-13 (requested = 1.000000e-12)
PyQUDA INFO: Time = 0.327 secs, Performance = 149.681 GFLOPS
BiCGstab: Convergence at 30 iterations, L2 relative residual: iterated = 3.298034e-13, true = 3.298034e-13 (requested = 1.000000e-12)
PyQUDA INFO: Time = 0.347 secs, Performance = 147.117 GFLOPS
BiCGstab: Convergence at 29 iterations, L2 relative residual: iterated = 4.817336e-13, true = 4.817336e-13 (requested = 1.000000e-12)
PyQUDA INFO: Time = 0.324 secs, Performance = 148.830 GFLOPS
BiCGstab: Convergence at 30 iterations, L2 relative residual: iterated = 4.560416e-13, true = 4.560416e-13 (requested = 1.000000e-12)
PyQUDA INFO: Time = 0.341 secs, Performance = 147.699 GFLOPS
BiCGstab: Convergence at 29 iterations, L2 relative residual: iterated = 2.960692e-13, true = 2.960692e-13 (requested = 1.000000e-12)
PyQUDA INFO: Time = 0.340 secs, Performance = 141.760 GFLOPS
BiCGstab: Convergence at 29 iterations, L2 relative residual: iterated = 4.451753e-13, true = 4.451753e-13 (requested = 1.000000e-12)
PyQUDA INFO: Time = 0.346 secs, Performance = 143.110 GFLOPS
BiCGstab: Convergence at 29 iterations, L2 relative residual: iterated = 5.615464e-13, true = 5.615464e-13 (requested = 1.000000e-12)
PyQUDA INFO: Time = 0.329 secs, Performance = 148.834 GFLOPS
BiCGstab: Convergence at 28 iterations, L2 relative residual: iterated = 4.937855e-13, true = 4.937855e-13 (requested = 1.000000e-12)
PyQUDA INFO: Time = 0.324 secs, Performance = 146.645 GFLOPS
BiCGstab: Convergence at 28 iterations, L2 relative residual: iterated = 6.992594e-13, true = 6.992594e-13 (requested = 1.000000e-12)
PyQUDA INFO: Time = 0.328 secs, Performance = 144.534 GFLOPS
BiCGstab: Convergence at 28 iterations, L2 relative residual: iterated = 6.834811e-13, true = 6.834811e-13 (requested = 1.000000e-12)
PyQUDA INFO: Time = 0.324 secs, Performance = 146.655 GFLOPS
BiCGstab: Convergence at 27 iterations, L2 relative residual: iterated = 8.456920e-13, true = 8.456920e-13 (requested = 1.000000e-12)
PyQUDA INFO: Time = 0.319 secs, Performance = 144.421 GFLOPS
BiCGstab: Convergence at 29 iterations, L2 relative residual: iterated = 1.588757e-13, true = 1.588757e-13 (requested = 1.000000e-12)
PyQUDA INFO: Time = 0.333 secs, Performance = 146.961 GFLOPS
BiCGstab: Convergence at 28 iterations, L2 relative residual: iterated = 4.776714e-13, true = 4.776714e-13 (requested = 1.000000e-12)
PyQUDA INFO: Time = 0.326 secs, Performance = 145.558 GFLOPS
BiCGstab: Convergence at 28 iterations, L2 relative residual: iterated = 6.259256e-13, true = 6.259256e-13 (requested = 1.000000e-12)
PyQUDA INFO: Time = 0.325 secs, Performance = 146.001 GFLOPS
BiCGstab: Convergence at 28 iterations, L2 relative residual: iterated = 3.637863e-13, true = 3.637863e-13 (requested = 1.000000e-12)
PyQUDA INFO: Time = 0.152 secs, Performance = 311.413 GFLOPS
BiCGstab: Convergence at 28 iterations, L2 relative residual: iterated = 3.721362e-13, true = 3.721362e-13 (requested = 1.000000e-12)
PyQUDA INFO: Time = 0.162 secs, Performance = 293.299 GFLOPS
BiCGstab: Convergence at 28 iterations, L2 relative residual: iterated = 4.412127e-13, true = 4.412127e-13 (requested = 1.000000e-12)
PyQUDA INFO: Time = 0.210 secs, Performance = 226.140 GFLOPS
BiCGstab: Convergence at 27 iterations, L2 relative residual: iterated = 4.198598e-13, true = 4.198598e-13 (requested = 1.000000e-12)
PyQUDA INFO: Time = 0.182 secs, Performance = 252.333 GFLOPS
BiCGstab: Convergence at 27 iterations, L2 relative residual: iterated = 9.331026e-13, true = 9.331026e-13 (requested = 1.000000e-12)
PyQUDA INFO: Time = 0.150 secs, Performance = 306.453 GFLOPS
BiCGstab: Convergence at 27 iterations, L2 relative residual: iterated = 5.969290e-13, true = 5.969290e-13 (requested = 1.000000e-12)
PyQUDA INFO: Time = 0.262 secs, Performance = 175.397 GFLOPS
BiCGstab: Convergence at 28 iterations, L2 relative residual: iterated = 1.683526e-13, true = 1.683526e-13 (requested = 1.000000e-12)
PyQUDA INFO: Time = 0.319 secs, Performance = 148.790 GFLOPS
BiCGstab: Convergence at 28 iterations, L2 relative residual: iterated = 2.329758e-13, true = 2.329758e-13 (requested = 1.000000e-12)
PyQUDA INFO: Time = 0.319 secs, Performance = 148.724 GFLOPS
BiCGstab: Convergence at 27 iterations, L2 relative residual: iterated = 3.177737e-13, true = 3.177737e-13 (requested = 1.000000e-12)
PyQUDA INFO: Time = 0.319 secs, Performance = 144.454 GFLOPS
BiCGstab: Convergence at 26 iterations, L2 relative residual: iterated = 7.665737e-13, true = 7.665737e-13 (requested = 1.000000e-12)
PyQUDA INFO: Time = 0.298 secs, Performance = 147.484 GFLOPS
BiCGstab: Convergence at 27 iterations, L2 relative residual: iterated = 5.475900e-13, true = 5.475900e-13 (requested = 1.000000e-12)
PyQUDA INFO: Time = 0.313 secs, Performance = 147.090 GFLOPS
BiCGstab: Convergence at 27 iterations, L2 relative residual: iterated = 5.963360e-13, true = 5.963360e-13 (requested = 1.000000e-12)
PyQUDA INFO: Time = 0.308 secs, Performance = 149.328 GFLOPS
BiCGstab: Convergence at 26 iterations, L2 relative residual: iterated = 8.690208e-13, true = 8.690208e-13 (requested = 1.000000e-12)
PyQUDA INFO: Time = 0.292 secs, Performance = 150.474 GFLOPS
BiCGstab: Convergence at 26 iterations, L2 relative residual: iterated = 7.960761e-13, true = 7.960761e-13 (requested = 1.000000e-12)
PyQUDA INFO: Time = 0.304 secs, Performance = 146.565 GFLOPS
BiCGstab: Convergence at 28 iterations, L2 relative residual: iterated = 3.139631e-13, true = 3.139631e-13 (requested = 1.000000e-12)
PyQUDA INFO: Time = 0.329 secs, Performance = 142.378 GFLOPS
BiCGstab: Convergence at 27 iterations, L2 relative residual: iterated = 6.815461e-13, true = 6.815461e-13 (requested = 1.000000e-12)
PyQUDA INFO: Time = 0.311 secs, Performance = 147.956 GFLOPS
BiCGstab: Convergence at 27 iterations, L2 relative residual: iterated = 5.460360e-13, true = 5.460360e-13 (requested = 1.000000e-12)
PyQUDA INFO: Time = 0.317 secs, Performance = 145.049 GFLOPS
BiCGstab: Convergence at 28 iterations, L2 relative residual: iterated = 9.770595e-13, true = 9.770595e-13 (requested = 1.000000e-12)
PyQUDA INFO: Time = 0.314 secs, Performance = 151.049 GFLOPS
BiCGstab: Convergence at 28 iterations, L2 relative residual: iterated = 1.983094e-13, true = 1.983094e-13 (requested = 1.000000e-12)
PyQUDA INFO: Time = 0.333 secs, Performance = 142.461 GFLOPS
BiCGstab: Convergence at 27 iterations, L2 relative residual: iterated = 6.136283e-13, true = 6.136283e-13 (requested = 1.000000e-12)
PyQUDA INFO: Time = 0.331 secs, Performance = 140.940 GFLOPS
BiCGstab: Convergence at 27 iterations, L2 relative residual: iterated = 6.363701e-13, true = 6.363701e-13 (requested = 1.000000e-12)
PyQUDA INFO: Time = 0.310 secs, Performance = 148.684 GFLOPS
BiCGstab: Convergence at 27 iterations, L2 relative residual: iterated = 7.334529e-13, true = 7.334529e-13 (requested = 1.000000e-12)
PyQUDA INFO: Time = 0.319 secs, Performance = 144.509 GFLOPS
BiCGstab: Convergence at 28 iterations, L2 relative residual: iterated = 2.780778e-13, true = 2.780778e-13 (requested = 1.000000e-12)
PyQUDA INFO: Time = 0.319 secs, Performance = 148.840 GFLOPS
BiCGstab: Convergence at 27 iterations, L2 relative residual: iterated = 7.683805e-13, true = 7.683805e-13 (requested = 1.000000e-12)
PyQUDA INFO: Time = 0.318 secs, Performance = 144.768 GFLOPS
BiCGstab: Convergence at 28 iterations, L2 relative residual: iterated = 1.424389e-13, true = 1.424389e-13 (requested = 1.000000e-12)
PyQUDA INFO: Time = 0.332 secs, Performance = 144.918 GFLOPS
BiCGstab: Convergence at 28 iterations, L2 relative residual: iterated = 3.561244e-13, true = 3.561244e-13 (requested = 1.000000e-12)
PyQUDA INFO: Time = 0.338 secs, Performance = 142.344 GFLOPS
Processing configurations:  92%|█████████▏| 46/50 [11:17<01:03, 15.83s/it]BiCGstab: Convergence at 30 iterations, L2 relative residual: iterated = 2.142551e-13, true = 2.142551e-13 (requested = 1.000000e-12)
PyQUDA INFO: Time = 0.371 secs, Performance = 137.327 GFLOPS
BiCGstab: Convergence at 30 iterations, L2 relative residual: iterated = 6.305125e-13, true = 6.305125e-13 (requested = 1.000000e-12)
PyQUDA INFO: Time = 0.339 secs, Performance = 148.292 GFLOPS
BiCGstab: Convergence at 29 iterations, L2 relative residual: iterated = 5.785281e-13, true = 5.785281e-13 (requested = 1.000000e-12)
PyQUDA INFO: Time = 0.329 secs, Performance = 148.681 GFLOPS
BiCGstab: Convergence at 29 iterations, L2 relative residual: iterated = 6.054089e-13, true = 6.054089e-13 (requested = 1.000000e-12)
PyQUDA INFO: Time = 0.329 secs, Performance = 148.742 GFLOPS
BiCGstab: Convergence at 29 iterations, L2 relative residual: iterated = 7.411719e-13, true = 7.411719e-13 (requested = 1.000000e-12)
PyQUDA INFO: Time = 0.328 secs, Performance = 148.845 GFLOPS
BiCGstab: Convergence at 29 iterations, L2 relative residual: iterated = 9.406821e-13, true = 9.406821e-13 (requested = 1.000000e-12)
PyQUDA INFO: Time = 0.317 secs, Performance = 151.994 GFLOPS
BiCGstab: Convergence at 29 iterations, L2 relative residual: iterated = 6.202163e-13, true = 6.202163e-13 (requested = 1.000000e-12)
PyQUDA INFO: Time = 0.319 secs, Performance = 151.340 GFLOPS
BiCGstab: Convergence at 29 iterations, L2 relative residual: iterated = 9.923502e-13, true = 9.923502e-13 (requested = 1.000000e-12)
PyQUDA INFO: Time = 0.316 secs, Performance = 152.637 GFLOPS
BiCGstab: Convergence at 29 iterations, L2 relative residual: iterated = 8.224927e-13, true = 8.224927e-13 (requested = 1.000000e-12)
PyQUDA INFO: Time = 0.317 secs, Performance = 151.998 GFLOPS
BiCGstab: Convergence at 29 iterations, L2 relative residual: iterated = 6.572966e-13, true = 6.572966e-13 (requested = 1.000000e-12)
PyQUDA INFO: Time = 0.340 secs, Performance = 143.951 GFLOPS
BiCGstab: Convergence at 29 iterations, L2 relative residual: iterated = 9.953792e-13, true = 9.953792e-13 (requested = 1.000000e-12)
PyQUDA INFO: Time = 0.317 secs, Performance = 152.299 GFLOPS
BiCGstab: Convergence at 29 iterations, L2 relative residual: iterated = 7.771621e-13, true = 7.771621e-13 (requested = 1.000000e-12)
PyQUDA INFO: Time = 0.329 secs, Performance = 148.577 GFLOPS
BiCGstab: Convergence at 28 iterations, L2 relative residual: iterated = 5.442877e-13, true = 5.442877e-13 (requested = 1.000000e-12)
PyQUDA INFO: Time = 0.349 secs, Performance = 135.859 GFLOPS
BiCGstab: Convergence at 27 iterations, L2 relative residual: iterated = 9.327642e-13, true = 9.327642e-13 (requested = 1.000000e-12)
PyQUDA INFO: Time = 0.319 secs, Performance = 144.199 GFLOPS
BiCGstab: Convergence at 28 iterations, L2 relative residual: iterated = 8.590782e-13, true = 8.590782e-13 (requested = 1.000000e-12)
PyQUDA INFO: Time = 0.324 secs, Performance = 146.636 GFLOPS
BiCGstab: Convergence at 28 iterations, L2 relative residual: iterated = 6.710191e-13, true = 6.710191e-13 (requested = 1.000000e-12)
PyQUDA INFO: Time = 0.323 secs, Performance = 146.765 GFLOPS
BiCGstab: Convergence at 28 iterations, L2 relative residual: iterated = 4.237046e-13, true = 4.237046e-13 (requested = 1.000000e-12)
PyQUDA INFO: Time = 0.312 secs, Performance = 149.834 GFLOPS
BiCGstab: Convergence at 27 iterations, L2 relative residual: iterated = 9.465300e-13, true = 9.465300e-13 (requested = 1.000000e-12)
PyQUDA INFO: Time = 0.303 secs, Performance = 149.812 GFLOPS
BiCGstab: Convergence at 27 iterations, L2 relative residual: iterated = 6.951401e-13, true = 6.951401e-13 (requested = 1.000000e-12)
PyQUDA INFO: Time = 0.320 secs, Performance = 143.789 GFLOPS
BiCGstab: Convergence at 29 iterations, L2 relative residual: iterated = 1.730684e-13, true = 1.730684e-13 (requested = 1.000000e-12)
PyQUDA INFO: Time = 0.332 secs, Performance = 147.423 GFLOPS
BiCGstab: Convergence at 29 iterations, L2 relative residual: iterated = 2.117694e-13, true = 2.117694e-13 (requested = 1.000000e-12)
PyQUDA INFO: Time = 0.333 secs, Performance = 146.746 GFLOPS
BiCGstab: Convergence at 28 iterations, L2 relative residual: iterated = 3.691825e-13, true = 3.691825e-13 (requested = 1.000000e-12)
PyQUDA INFO: Time = 0.268 secs, Performance = 177.437 GFLOPS
BiCGstab: Convergence at 27 iterations, L2 relative residual: iterated = 9.058278e-13, true = 9.058278e-13 (requested = 1.000000e-12)
PyQUDA INFO: Time = 0.142 secs, Performance = 319.490 GFLOPS
BiCGstab: Convergence at 30 iterations, L2 relative residual: iterated = 1.749485e-13, true = 1.749485e-13 (requested = 1.000000e-12)
PyQUDA INFO: Time = 0.158 secs, Performance = 319.309 GFLOPS
BiCGstab: Convergence at 27 iterations, L2 relative residual: iterated = 8.761082e-13, true = 8.761082e-13 (requested = 1.000000e-12)
PyQUDA INFO: Time = 0.162 secs, Performance = 283.519 GFLOPS
BiCGstab: Convergence at 28 iterations, L2 relative residual: iterated = 6.354302e-13, true = 6.354302e-13 (requested = 1.000000e-12)
PyQUDA INFO: Time = 0.152 secs, Performance = 312.571 GFLOPS
BiCGstab: Convergence at 26 iterations, L2 relative residual: iterated = 7.487884e-13, true = 7.487884e-13 (requested = 1.000000e-12)
PyQUDA INFO: Time = 0.149 secs, Performance = 300.092 GFLOPS
BiCGstab: Convergence at 27 iterations, L2 relative residual: iterated = 3.896985e-13, true = 3.896985e-13 (requested = 1.000000e-12)
PyQUDA INFO: Time = 0.209 secs, Performance = 220.495 GFLOPS
BiCGstab: Convergence at 27 iterations, L2 relative residual: iterated = 8.357662e-13, true = 8.357662e-13 (requested = 1.000000e-12)
PyQUDA INFO: Time = 0.315 secs, Performance = 145.959 GFLOPS
BiCGstab: Convergence at 27 iterations, L2 relative residual: iterated = 7.604466e-13, true = 7.604466e-13 (requested = 1.000000e-12)
PyQUDA INFO: Time = 0.316 secs, Performance = 145.736 GFLOPS
BiCGstab: Convergence at 27 iterations, L2 relative residual: iterated = 4.984638e-13, true = 4.984638e-13 (requested = 1.000000e-12)
PyQUDA INFO: Time = 0.314 secs, Performance = 146.626 GFLOPS
BiCGstab: Convergence at 26 iterations, L2 relative residual: iterated = 9.753442e-13, true = 9.753442e-13 (requested = 1.000000e-12)
PyQUDA INFO: Time = 0.298 secs, Performance = 147.509 GFLOPS
BiCGstab: Convergence at 27 iterations, L2 relative residual: iterated = 5.314926e-13, true = 5.314926e-13 (requested = 1.000000e-12)
PyQUDA INFO: Time = 0.328 secs, Performance = 142.519 GFLOPS
BiCGstab: Convergence at 27 iterations, L2 relative residual: iterated = 4.588076e-13, true = 4.588076e-13 (requested = 1.000000e-12)
PyQUDA INFO: Time = 0.327 secs, Performance = 142.770 GFLOPS
BiCGstab: Convergence at 26 iterations, L2 relative residual: iterated = 9.974319e-13, true = 9.974319e-13 (requested = 1.000000e-12)
PyQUDA INFO: Time = 0.309 secs, Performance = 144.326 GFLOPS
BiCGstab: Convergence at 27 iterations, L2 relative residual: iterated = 6.177706e-13, true = 6.177706e-13 (requested = 1.000000e-12)
PyQUDA INFO: Time = 0.314 secs, Performance = 146.610 GFLOPS
BiCGstab: Convergence at 27 iterations, L2 relative residual: iterated = 5.007340e-13, true = 5.007340e-13 (requested = 1.000000e-12)
PyQUDA INFO: Time = 0.336 secs, Performance = 137.175 GFLOPS
BiCGstab: Convergence at 28 iterations, L2 relative residual: iterated = 1.983157e-13, true = 1.983157e-13 (requested = 1.000000e-12)
PyQUDA INFO: Time = 0.324 secs, Performance = 146.657 GFLOPS
BiCGstab: Convergence at 28 iterations, L2 relative residual: iterated = 5.791897e-13, true = 5.791897e-13 (requested = 1.000000e-12)
PyQUDA INFO: Time = 0.319 secs, Performance = 148.871 GFLOPS
BiCGstab: Convergence at 29 iterations, L2 relative residual: iterated = 6.725150e-14, true = 6.725150e-14 (requested = 1.000000e-12)
PyQUDA INFO: Time = 0.328 secs, Performance = 148.853 GFLOPS
BiCGstab: Convergence at 28 iterations, L2 relative residual: iterated = 2.682299e-13, true = 2.682299e-13 (requested = 1.000000e-12)
PyQUDA INFO: Time = 0.335 secs, Performance = 141.592 GFLOPS
BiCGstab: Convergence at 28 iterations, L2 relative residual: iterated = 1.541670e-13, true = 1.541670e-13 (requested = 1.000000e-12)
PyQUDA INFO: Time = 0.323 secs, Performance = 146.793 GFLOPS
BiCGstab: Convergence at 28 iterations, L2 relative residual: iterated = 1.496416e-13, true = 1.496416e-13 (requested = 1.000000e-12)
PyQUDA INFO: Time = 0.319 secs, Performance = 148.857 GFLOPS
BiCGstab: Convergence at 28 iterations, L2 relative residual: iterated = 4.838887e-13, true = 4.838887e-13 (requested = 1.000000e-12)
PyQUDA INFO: Time = 0.312 secs, Performance = 149.925 GFLOPS
BiCGstab: Convergence at 27 iterations, L2 relative residual: iterated = 4.119631e-13, true = 4.119631e-13 (requested = 1.000000e-12)
PyQUDA INFO: Time = 0.325 secs, Performance = 143.543 GFLOPS
BiCGstab: Convergence at 27 iterations, L2 relative residual: iterated = 7.247015e-13, true = 7.247015e-13 (requested = 1.000000e-12)
PyQUDA INFO: Time = 0.307 secs, Performance = 147.551 GFLOPS
BiCGstab: Convergence at 27 iterations, L2 relative residual: iterated = 4.769570e-13, true = 4.769570e-13 (requested = 1.000000e-12)
PyQUDA INFO: Time = 0.319 secs, Performance = 144.420 GFLOPS
BiCGstab: Convergence at 27 iterations, L2 relative residual: iterated = 4.990047e-13, true = 4.990047e-13 (requested = 1.000000e-12)
PyQUDA INFO: Time = 0.319 secs, Performance = 144.448 GFLOPS
Processing configurations:  94%|█████████▍| 47/50 [11:33<00:47, 15.78s/it]BiCGstab: Convergence at 29 iterations, L2 relative residual: iterated = 6.486928e-13, true = 6.486928e-13 (requested = 1.000000e-12)
PyQUDA INFO: Time = 0.349 secs, Performance = 140.192 GFLOPS
BiCGstab: Convergence at 29 iterations, L2 relative residual: iterated = 6.100348e-13, true = 6.100348e-13 (requested = 1.000000e-12)
PyQUDA INFO: Time = 0.329 secs, Performance = 148.603 GFLOPS
BiCGstab: Convergence at 30 iterations, L2 relative residual: iterated = 4.652992e-13, true = 4.652992e-13 (requested = 1.000000e-12)
PyQUDA INFO: Time = 0.349 secs, Performance = 146.015 GFLOPS
BiCGstab: Convergence at 29 iterations, L2 relative residual: iterated = 9.348727e-13, true = 9.348727e-13 (requested = 1.000000e-12)
PyQUDA INFO: Time = 0.324 secs, Performance = 151.016 GFLOPS
BiCGstab: Convergence at 30 iterations, L2 relative residual: iterated = 2.759888e-13, true = 2.759888e-13 (requested = 1.000000e-12)
PyQUDA INFO: Time = 0.325 secs, Performance = 152.782 GFLOPS
BiCGstab: Convergence at 30 iterations, L2 relative residual: iterated = 4.534043e-13, true = 4.534043e-13 (requested = 1.000000e-12)
PyQUDA INFO: Time = 0.335 secs, Performance = 150.053 GFLOPS
BiCGstab: Convergence at 31 iterations, L2 relative residual: iterated = 9.329580e-13, true = 9.329580e-13 (requested = 1.000000e-12)
PyQUDA INFO: Time = 0.343 secs, Performance = 150.843 GFLOPS
BiCGstab: Convergence at 29 iterations, L2 relative residual: iterated = 4.029711e-13, true = 4.029711e-13 (requested = 1.000000e-12)
PyQUDA INFO: Time = 0.335 secs, Performance = 145.870 GFLOPS
BiCGstab: Convergence at 29 iterations, L2 relative residual: iterated = 7.971780e-13, true = 7.971780e-13 (requested = 1.000000e-12)
PyQUDA INFO: Time = 0.329 secs, Performance = 148.415 GFLOPS
BiCGstab: Convergence at 29 iterations, L2 relative residual: iterated = 5.790936e-13, true = 5.790936e-13 (requested = 1.000000e-12)
PyQUDA INFO: Time = 0.303 secs, Performance = 157.134 GFLOPS
BiCGstab: Convergence at 30 iterations, L2 relative residual: iterated = 4.582253e-13, true = 4.582253e-13 (requested = 1.000000e-12)
PyQUDA INFO: Time = 0.329 secs, Performance = 150.860 GFLOPS
BiCGstab: Convergence at 32 iterations, L2 relative residual: iterated = 9.045597e-14, true = 9.045597e-14 (requested = 1.000000e-12)
PyQUDA INFO: Time = 0.337 secs, Performance = 156.025 GFLOPS
BiCGstab: Convergence at 29 iterations, L2 relative residual: iterated = 4.160805e-13, true = 4.160805e-13 (requested = 1.000000e-12)
PyQUDA INFO: Time = 0.341 secs, Performance = 141.468 GFLOPS
BiCGstab: Convergence at 29 iterations, L2 relative residual: iterated = 3.053536e-13, true = 3.053536e-13 (requested = 1.000000e-12)
PyQUDA INFO: Time = 0.332 secs, Performance = 147.373 GFLOPS
BiCGstab: Convergence at 28 iterations, L2 relative residual: iterated = 3.108098e-13, true = 3.108098e-13 (requested = 1.000000e-12)
PyQUDA INFO: Time = 0.328 secs, Performance = 144.843 GFLOPS
BiCGstab: Convergence at 28 iterations, L2 relative residual: iterated = 7.004959e-13, true = 7.004959e-13 (requested = 1.000000e-12)
PyQUDA INFO: Time = 0.324 secs, Performance = 146.641 GFLOPS
BiCGstab: Convergence at 28 iterations, L2 relative residual: iterated = 7.460944e-13, true = 7.460944e-13 (requested = 1.000000e-12)
PyQUDA INFO: Time = 0.313 secs, Performance = 149.533 GFLOPS
BiCGstab: Convergence at 27 iterations, L2 relative residual: iterated = 9.790133e-13, true = 9.790133e-13 (requested = 1.000000e-12)
PyQUDA INFO: Time = 0.335 secs, Performance = 139.513 GFLOPS
BiCGstab: Convergence at 28 iterations, L2 relative residual: iterated = 5.406170e-13, true = 5.406170e-13 (requested = 1.000000e-12)
PyQUDA INFO: Time = 0.312 secs, Performance = 149.960 GFLOPS
BiCGstab: Convergence at 28 iterations, L2 relative residual: iterated = 8.116156e-13, true = 8.116156e-13 (requested = 1.000000e-12)
PyQUDA INFO: Time = 0.323 secs, Performance = 146.748 GFLOPS
BiCGstab: Convergence at 28 iterations, L2 relative residual: iterated = 7.218971e-13, true = 7.218971e-13 (requested = 1.000000e-12)
PyQUDA INFO: Time = 0.312 secs, Performance = 149.818 GFLOPS
BiCGstab: Convergence at 28 iterations, L2 relative residual: iterated = 4.600045e-13, true = 4.600045e-13 (requested = 1.000000e-12)
PyQUDA INFO: Time = 0.303 secs, Performance = 154.368 GFLOPS
BiCGstab: Convergence at 27 iterations, L2 relative residual: iterated = 7.565602e-13, true = 7.565602e-13 (requested = 1.000000e-12)
PyQUDA INFO: Time = 0.142 secs, Performance = 319.173 GFLOPS
BiCGstab: Convergence at 28 iterations, L2 relative residual: iterated = 5.172709e-13, true = 5.172709e-13 (requested = 1.000000e-12)
PyQUDA INFO: Time = 0.144 secs, Performance = 325.360 GFLOPS
BiCGstab: Convergence at 27 iterations, L2 relative residual: iterated = 5.510867e-13, true = 5.510867e-13 (requested = 1.000000e-12)
PyQUDA INFO: Time = 0.162 secs, Performance = 284.081 GFLOPS
BiCGstab: Convergence at 27 iterations, L2 relative residual: iterated = 7.069104e-13, true = 7.069104e-13 (requested = 1.000000e-12)
PyQUDA INFO: Time = 0.157 secs, Performance = 297.271 GFLOPS
BiCGstab: Convergence at 27 iterations, L2 relative residual: iterated = 5.375922e-13, true = 5.375922e-13 (requested = 1.000000e-12)
PyQUDA INFO: Time = 0.150 secs, Performance = 306.837 GFLOPS
BiCGstab: Convergence at 26 iterations, L2 relative residual: iterated = 6.998871e-13, true = 6.998871e-13 (requested = 1.000000e-12)
PyQUDA INFO: Time = 0.195 secs, Performance = 229.082 GFLOPS
BiCGstab: Convergence at 26 iterations, L2 relative residual: iterated = 8.649323e-13, true = 8.649323e-13 (requested = 1.000000e-12)
PyQUDA INFO: Time = 0.268 secs, Performance = 166.619 GFLOPS
BiCGstab: Convergence at 27 iterations, L2 relative residual: iterated = 4.143760e-13, true = 4.143760e-13 (requested = 1.000000e-12)
PyQUDA INFO: Time = 0.303 secs, Performance = 149.944 GFLOPS
BiCGstab: Convergence at 27 iterations, L2 relative residual: iterated = 4.164534e-13, true = 4.164534e-13 (requested = 1.000000e-12)
PyQUDA INFO: Time = 0.330 secs, Performance = 141.676 GFLOPS
BiCGstab: Convergence at 26 iterations, L2 relative residual: iterated = 6.599730e-13, true = 6.599730e-13 (requested = 1.000000e-12)
PyQUDA INFO: Time = 0.309 secs, Performance = 144.350 GFLOPS
BiCGstab: Convergence at 27 iterations, L2 relative residual: iterated = 4.448523e-13, true = 4.448523e-13 (requested = 1.000000e-12)
PyQUDA INFO: Time = 0.314 secs, Performance = 146.649 GFLOPS
BiCGstab: Convergence at 27 iterations, L2 relative residual: iterated = 7.441794e-13, true = 7.441794e-13 (requested = 1.000000e-12)
PyQUDA INFO: Time = 0.298 secs, Performance = 152.208 GFLOPS
BiCGstab: Convergence at 27 iterations, L2 relative residual: iterated = 4.019167e-13, true = 4.019167e-13 (requested = 1.000000e-12)
PyQUDA INFO: Time = 0.314 secs, Performance = 146.618 GFLOPS
BiCGstab: Convergence at 27 iterations, L2 relative residual: iterated = 5.365084e-13, true = 5.365084e-13 (requested = 1.000000e-12)
PyQUDA INFO: Time = 0.323 secs, Performance = 142.435 GFLOPS
BiCGstab: Convergence at 27 iterations, L2 relative residual: iterated = 4.728647e-13, true = 4.728647e-13 (requested = 1.000000e-12)
PyQUDA INFO: Time = 0.331 secs, Performance = 138.872 GFLOPS
BiCGstab: Convergence at 27 iterations, L2 relative residual: iterated = 7.737006e-13, true = 7.737006e-13 (requested = 1.000000e-12)
PyQUDA INFO: Time = 0.314 secs, Performance = 146.659 GFLOPS
BiCGstab: Convergence at 27 iterations, L2 relative residual: iterated = 4.684443e-13, true = 4.684443e-13 (requested = 1.000000e-12)
PyQUDA INFO: Time = 0.319 secs, Performance = 144.464 GFLOPS
BiCGstab: Convergence at 27 iterations, L2 relative residual: iterated = 5.066227e-13, true = 5.066227e-13 (requested = 1.000000e-12)
PyQUDA INFO: Time = 0.314 secs, Performance = 146.807 GFLOPS
BiCGstab: Convergence at 27 iterations, L2 relative residual: iterated = 5.205898e-13, true = 5.205898e-13 (requested = 1.000000e-12)
PyQUDA INFO: Time = 0.308 secs, Performance = 149.370 GFLOPS
BiCGstab: Convergence at 27 iterations, L2 relative residual: iterated = 8.349528e-13, true = 8.349528e-13 (requested = 1.000000e-12)
PyQUDA INFO: Time = 0.313 secs, Performance = 145.083 GFLOPS
BiCGstab: Convergence at 27 iterations, L2 relative residual: iterated = 5.668064e-13, true = 5.668064e-13 (requested = 1.000000e-12)
PyQUDA INFO: Time = 0.314 secs, Performance = 146.646 GFLOPS
BiCGstab: Convergence at 27 iterations, L2 relative residual: iterated = 6.770575e-13, true = 6.770575e-13 (requested = 1.000000e-12)
PyQUDA INFO: Time = 0.307 secs, Performance = 147.565 GFLOPS
BiCGstab: Convergence at 27 iterations, L2 relative residual: iterated = 6.619313e-13, true = 6.619313e-13 (requested = 1.000000e-12)
PyQUDA INFO: Time = 0.319 secs, Performance = 144.442 GFLOPS
BiCGstab: Convergence at 27 iterations, L2 relative residual: iterated = 4.574371e-13, true = 4.574371e-13 (requested = 1.000000e-12)
PyQUDA INFO: Time = 0.327 secs, Performance = 143.009 GFLOPS
BiCGstab: Convergence at 29 iterations, L2 relative residual: iterated = 3.239367e-13, true = 3.239367e-13 (requested = 1.000000e-12)
PyQUDA INFO: Time = 0.332 secs, Performance = 147.294 GFLOPS
BiCGstab: Convergence at 27 iterations, L2 relative residual: iterated = 5.058721e-13, true = 5.058721e-13 (requested = 1.000000e-12)
PyQUDA INFO: Time = 0.314 secs, Performance = 146.634 GFLOPS
Processing configurations:  96%|█████████▌| 48/50 [11:49<00:31, 15.74s/it]BiCGstab: Convergence at 30 iterations, L2 relative residual: iterated = 4.087321e-13, true = 4.087321e-13 (requested = 1.000000e-12)
PyQUDA INFO: Time = 0.354 secs, Performance = 142.070 GFLOPS
BiCGstab: Convergence at 29 iterations, L2 relative residual: iterated = 9.970601e-13, true = 9.970601e-13 (requested = 1.000000e-12)
PyQUDA INFO: Time = 0.317 secs, Performance = 152.301 GFLOPS
BiCGstab: Convergence at 29 iterations, L2 relative residual: iterated = 6.460353e-13, true = 6.460353e-13 (requested = 1.000000e-12)
PyQUDA INFO: Time = 0.329 secs, Performance = 148.760 GFLOPS
BiCGstab: Convergence at 30 iterations, L2 relative residual: iterated = 2.373614e-13, true = 2.373614e-13 (requested = 1.000000e-12)
PyQUDA INFO: Time = 0.330 secs, Performance = 152.407 GFLOPS
BiCGstab: Convergence at 29 iterations, L2 relative residual: iterated = 5.779628e-13, true = 5.779628e-13 (requested = 1.000000e-12)
PyQUDA INFO: Time = 0.316 secs, Performance = 152.726 GFLOPS
BiCGstab: Convergence at 30 iterations, L2 relative residual: iterated = 4.059056e-13, true = 4.059056e-13 (requested = 1.000000e-12)
PyQUDA INFO: Time = 0.334 secs, Performance = 150.867 GFLOPS
BiCGstab: Convergence at 29 iterations, L2 relative residual: iterated = 5.474604e-13, true = 5.474604e-13 (requested = 1.000000e-12)
PyQUDA INFO: Time = 0.329 secs, Performance = 148.829 GFLOPS
BiCGstab: Convergence at 30 iterations, L2 relative residual: iterated = 3.746962e-13, true = 3.746962e-13 (requested = 1.000000e-12)
PyQUDA INFO: Time = 0.317 secs, Performance = 156.423 GFLOPS
BiCGstab: Convergence at 29 iterations, L2 relative residual: iterated = 4.752357e-13, true = 4.752357e-13 (requested = 1.000000e-12)
PyQUDA INFO: Time = 0.317 secs, Performance = 151.942 GFLOPS
BiCGstab: Convergence at 29 iterations, L2 relative residual: iterated = 8.461568e-13, true = 8.461568e-13 (requested = 1.000000e-12)
PyQUDA INFO: Time = 0.344 secs, Performance = 144.268 GFLOPS
BiCGstab: Convergence at 29 iterations, L2 relative residual: iterated = 8.311262e-13, true = 8.311262e-13 (requested = 1.000000e-12)
PyQUDA INFO: Time = 0.329 secs, Performance = 146.646 GFLOPS
BiCGstab: Convergence at 29 iterations, L2 relative residual: iterated = 9.401162e-13, true = 9.401162e-13 (requested = 1.000000e-12)
PyQUDA INFO: Time = 0.318 secs, Performance = 151.736 GFLOPS
BiCGstab: Convergence at 28 iterations, L2 relative residual: iterated = 6.646258e-13, true = 6.646258e-13 (requested = 1.000000e-12)
PyQUDA INFO: Time = 0.345 secs, Performance = 137.509 GFLOPS
BiCGstab: Convergence at 28 iterations, L2 relative residual: iterated = 3.095751e-13, true = 3.095751e-13 (requested = 1.000000e-12)
PyQUDA INFO: Time = 0.326 secs, Performance = 145.447 GFLOPS
BiCGstab: Convergence at 27 iterations, L2 relative residual: iterated = 9.467381e-13, true = 9.467381e-13 (requested = 1.000000e-12)
PyQUDA INFO: Time = 0.305 secs, Performance = 148.905 GFLOPS
BiCGstab: Convergence at 29 iterations, L2 relative residual: iterated = 9.055961e-13, true = 9.055961e-13 (requested = 1.000000e-12)
PyQUDA INFO: Time = 0.333 secs, Performance = 146.794 GFLOPS
BiCGstab: Convergence at 28 iterations, L2 relative residual: iterated = 8.621952e-13, true = 8.621952e-13 (requested = 1.000000e-12)
PyQUDA INFO: Time = 0.324 secs, Performance = 146.578 GFLOPS
BiCGstab: Convergence at 28 iterations, L2 relative residual: iterated = 5.463479e-13, true = 5.463479e-13 (requested = 1.000000e-12)
PyQUDA INFO: Time = 0.328 secs, Performance = 144.544 GFLOPS
BiCGstab: Convergence at 29 iterations, L2 relative residual: iterated = 3.401275e-13, true = 3.401275e-13 (requested = 1.000000e-12)
PyQUDA INFO: Time = 0.317 secs, Performance = 152.114 GFLOPS
BiCGstab: Convergence at 28 iterations, L2 relative residual: iterated = 3.099081e-13, true = 3.099081e-13 (requested = 1.000000e-12)
PyQUDA INFO: Time = 0.312 secs, Performance = 149.842 GFLOPS
BiCGstab: Convergence at 28 iterations, L2 relative residual: iterated = 4.429358e-13, true = 4.429358e-13 (requested = 1.000000e-12)
PyQUDA INFO: Time = 0.344 secs, Performance = 140.063 GFLOPS
BiCGstab: Convergence at 28 iterations, L2 relative residual: iterated = 4.491031e-13, true = 4.491031e-13 (requested = 1.000000e-12)
PyQUDA INFO: Time = 0.324 secs, Performance = 146.433 GFLOPS
BiCGstab: Convergence at 29 iterations, L2 relative residual: iterated = 2.813772e-13, true = 2.813772e-13 (requested = 1.000000e-12)
PyQUDA INFO: Time = 0.226 secs, Performance = 219.505 GFLOPS
BiCGstab: Convergence at 28 iterations, L2 relative residual: iterated = 6.119046e-13, true = 6.119046e-13 (requested = 1.000000e-12)
PyQUDA INFO: Time = 0.145 secs, Performance = 323.693 GFLOPS
BiCGstab: Convergence at 27 iterations, L2 relative residual: iterated = 8.385181e-13, true = 8.385181e-13 (requested = 1.000000e-12)
PyQUDA INFO: Time = 0.162 secs, Performance = 284.083 GFLOPS
BiCGstab: Convergence at 26 iterations, L2 relative residual: iterated = 9.091999e-13, true = 9.091999e-13 (requested = 1.000000e-12)
PyQUDA INFO: Time = 0.149 secs, Performance = 299.957 GFLOPS
BiCGstab: Convergence at 27 iterations, L2 relative residual: iterated = 4.371643e-13, true = 4.371643e-13 (requested = 1.000000e-12)
PyQUDA INFO: Time = 0.151 secs, Performance = 305.663 GFLOPS
BiCGstab: Convergence at 26 iterations, L2 relative residual: iterated = 5.644354e-13, true = 5.644354e-13 (requested = 1.000000e-12)
PyQUDA INFO: Time = 0.164 secs, Performance = 268.306 GFLOPS
BiCGstab: Convergence at 27 iterations, L2 relative residual: iterated = 4.943017e-13, true = 4.943017e-13 (requested = 1.000000e-12)
PyQUDA INFO: Time = 0.291 secs, Performance = 160.659 GFLOPS
BiCGstab: Convergence at 27 iterations, L2 relative residual: iterated = 7.945673e-13, true = 7.945673e-13 (requested = 1.000000e-12)
PyQUDA INFO: Time = 0.314 secs, Performance = 146.716 GFLOPS
BiCGstab: Convergence at 27 iterations, L2 relative residual: iterated = 4.110676e-13, true = 4.110676e-13 (requested = 1.000000e-12)
PyQUDA INFO: Time = 0.314 secs, Performance = 146.590 GFLOPS
BiCGstab: Convergence at 27 iterations, L2 relative residual: iterated = 7.397406e-13, true = 7.397406e-13 (requested = 1.000000e-12)
PyQUDA INFO: Time = 0.314 secs, Performance = 146.743 GFLOPS
BiCGstab: Convergence at 27 iterations, L2 relative residual: iterated = 3.399601e-13, true = 3.399601e-13 (requested = 1.000000e-12)
PyQUDA INFO: Time = 0.330 secs, Performance = 141.556 GFLOPS
BiCGstab: Convergence at 27 iterations, L2 relative residual: iterated = 6.776385e-13, true = 6.776385e-13 (requested = 1.000000e-12)
PyQUDA INFO: Time = 0.314 secs, Performance = 146.599 GFLOPS
BiCGstab: Convergence at 27 iterations, L2 relative residual: iterated = 4.818314e-13, true = 4.818314e-13 (requested = 1.000000e-12)
PyQUDA INFO: Time = 0.316 secs, Performance = 145.908 GFLOPS
BiCGstab: Convergence at 27 iterations, L2 relative residual: iterated = 6.077407e-13, true = 6.077407e-13 (requested = 1.000000e-12)
PyQUDA INFO: Time = 0.317 secs, Performance = 145.242 GFLOPS
BiCGstab: Convergence at 27 iterations, L2 relative residual: iterated = 5.346979e-13, true = 5.346979e-13 (requested = 1.000000e-12)
PyQUDA INFO: Time = 0.320 secs, Performance = 141.917 GFLOPS
BiCGstab: Convergence at 26 iterations, L2 relative residual: iterated = 8.794836e-13, true = 8.794836e-13 (requested = 1.000000e-12)
PyQUDA INFO: Time = 0.309 secs, Performance = 144.273 GFLOPS
BiCGstab: Convergence at 27 iterations, L2 relative residual: iterated = 7.571844e-13, true = 7.571844e-13 (requested = 1.000000e-12)
PyQUDA INFO: Time = 0.325 secs, Performance = 143.607 GFLOPS
BiCGstab: Convergence at 27 iterations, L2 relative residual: iterated = 6.782247e-13, true = 6.782247e-13 (requested = 1.000000e-12)
PyQUDA INFO: Time = 0.314 secs, Performance = 146.696 GFLOPS
BiCGstab: Convergence at 26 iterations, L2 relative residual: iterated = 8.762547e-13, true = 8.762547e-13 (requested = 1.000000e-12)
PyQUDA INFO: Time = 0.290 secs, Performance = 151.726 GFLOPS
BiCGstab: Convergence at 27 iterations, L2 relative residual: iterated = 5.339715e-13, true = 5.339715e-13 (requested = 1.000000e-12)
PyQUDA INFO: Time = 0.326 secs, Performance = 141.294 GFLOPS
BiCGstab: Convergence at 26 iterations, L2 relative residual: iterated = 9.531719e-13, true = 9.531719e-13 (requested = 1.000000e-12)
PyQUDA INFO: Time = 0.309 secs, Performance = 144.339 GFLOPS
BiCGstab: Convergence at 28 iterations, L2 relative residual: iterated = 3.730314e-13, true = 3.730314e-13 (requested = 1.000000e-12)
PyQUDA INFO: Time = 0.324 secs, Performance = 146.684 GFLOPS
BiCGstab: Convergence at 27 iterations, L2 relative residual: iterated = 3.191903e-13, true = 3.191903e-13 (requested = 1.000000e-12)
PyQUDA INFO: Time = 0.314 secs, Performance = 146.604 GFLOPS
BiCGstab: Convergence at 29 iterations, L2 relative residual: iterated = 6.684601e-14, true = 6.684601e-14 (requested = 1.000000e-12)
PyQUDA INFO: Time = 0.320 secs, Performance = 150.727 GFLOPS
BiCGstab: Convergence at 27 iterations, L2 relative residual: iterated = 4.880630e-13, true = 4.880630e-13 (requested = 1.000000e-12)
PyQUDA INFO: Time = 0.316 secs, Performance = 145.657 GFLOPS
BiCGstab: Convergence at 27 iterations, L2 relative residual: iterated = 5.600620e-13, true = 5.600620e-13 (requested = 1.000000e-12)
PyQUDA INFO: Time = 0.318 secs, Performance = 144.674 GFLOPS
Processing configurations:  98%|█████████▊| 49/50 [12:04<00:15, 15.73s/it]BiCGstab: Convergence at 30 iterations, L2 relative residual: iterated = 2.312913e-13, true = 2.312913e-13 (requested = 1.000000e-12)
PyQUDA INFO: Time = 0.355 secs, Performance = 141.636 GFLOPS
BiCGstab: Convergence at 30 iterations, L2 relative residual: iterated = 2.613544e-13, true = 2.613544e-13 (requested = 1.000000e-12)
PyQUDA INFO: Time = 0.335 secs, Performance = 150.166 GFLOPS
BiCGstab: Convergence at 29 iterations, L2 relative residual: iterated = 6.834565e-13, true = 6.834565e-13 (requested = 1.000000e-12)
PyQUDA INFO: Time = 0.306 secs, Performance = 155.418 GFLOPS
BiCGstab: Convergence at 29 iterations, L2 relative residual: iterated = 8.770857e-13, true = 8.770857e-13 (requested = 1.000000e-12)
PyQUDA INFO: Time = 0.317 secs, Performance = 152.051 GFLOPS
BiCGstab: Convergence at 30 iterations, L2 relative residual: iterated = 6.448273e-13, true = 6.448273e-13 (requested = 1.000000e-12)
PyQUDA INFO: Time = 0.338 secs, Performance = 148.917 GFLOPS
BiCGstab: Convergence at 29 iterations, L2 relative residual: iterated = 6.013955e-13, true = 6.013955e-13 (requested = 1.000000e-12)
PyQUDA INFO: Time = 0.317 secs, Performance = 152.168 GFLOPS
BiCGstab: Convergence at 29 iterations, L2 relative residual: iterated = 6.919644e-13, true = 6.919644e-13 (requested = 1.000000e-12)
PyQUDA INFO: Time = 0.329 secs, Performance = 148.566 GFLOPS
BiCGstab: Convergence at 31 iterations, L2 relative residual: iterated = 5.684434e-13, true = 5.684434e-13 (requested = 1.000000e-12)
PyQUDA INFO: Time = 0.338 secs, Performance = 152.989 GFLOPS
BiCGstab: Convergence at 31 iterations, L2 relative residual: iterated = 3.203494e-13, true = 3.203494e-13 (requested = 1.000000e-12)
PyQUDA INFO: Time = 0.343 secs, Performance = 150.873 GFLOPS
BiCGstab: Convergence at 30 iterations, L2 relative residual: iterated = 3.234041e-13, true = 3.234041e-13 (requested = 1.000000e-12)
PyQUDA INFO: Time = 0.328 secs, Performance = 153.208 GFLOPS
BiCGstab: Convergence at 30 iterations, L2 relative residual: iterated = 2.475953e-13, true = 2.475953e-13 (requested = 1.000000e-12)
PyQUDA INFO: Time = 0.350 secs, Performance = 143.892 GFLOPS
BiCGstab: Convergence at 30 iterations, L2 relative residual: iterated = 2.528015e-13, true = 2.528015e-13 (requested = 1.000000e-12)
PyQUDA INFO: Time = 0.338 secs, Performance = 148.887 GFLOPS
BiCGstab: Convergence at 28 iterations, L2 relative residual: iterated = 2.948836e-13, true = 2.948836e-13 (requested = 1.000000e-12)
PyQUDA INFO: Time = 0.340 secs, Performance = 139.426 GFLOPS
BiCGstab: Convergence at 29 iterations, L2 relative residual: iterated = 1.992172e-13, true = 1.992172e-13 (requested = 1.000000e-12)
PyQUDA INFO: Time = 0.333 secs, Performance = 147.027 GFLOPS
BiCGstab: Convergence at 28 iterations, L2 relative residual: iterated = 5.100613e-13, true = 5.100613e-13 (requested = 1.000000e-12)
PyQUDA INFO: Time = 0.324 secs, Performance = 146.431 GFLOPS
BiCGstab: Convergence at 29 iterations, L2 relative residual: iterated = 4.534485e-13, true = 4.534485e-13 (requested = 1.000000e-12)
PyQUDA INFO: Time = 0.333 secs, Performance = 146.736 GFLOPS
BiCGstab: Convergence at 28 iterations, L2 relative residual: iterated = 6.377713e-13, true = 6.377713e-13 (requested = 1.000000e-12)
PyQUDA INFO: Time = 0.312 secs, Performance = 149.767 GFLOPS
BiCGstab: Convergence at 28 iterations, L2 relative residual: iterated = 5.349805e-13, true = 5.349805e-13 (requested = 1.000000e-12)
PyQUDA INFO: Time = 0.313 secs, Performance = 149.654 GFLOPS
BiCGstab: Convergence at 28 iterations, L2 relative residual: iterated = 6.330897e-13, true = 6.330897e-13 (requested = 1.000000e-12)
PyQUDA INFO: Time = 0.323 secs, Performance = 146.785 GFLOPS
BiCGstab: Convergence at 28 iterations, L2 relative residual: iterated = 5.725840e-13, true = 5.725840e-13 (requested = 1.000000e-12)
PyQUDA INFO: Time = 0.324 secs, Performance = 146.710 GFLOPS
BiCGstab: Convergence at 28 iterations, L2 relative residual: iterated = 5.669944e-13, true = 5.669944e-13 (requested = 1.000000e-12)
PyQUDA INFO: Time = 0.340 secs, Performance = 141.761 GFLOPS
BiCGstab: Convergence at 27 iterations, L2 relative residual: iterated = 8.425937e-13, true = 8.425937e-13 (requested = 1.000000e-12)
PyQUDA INFO: Time = 0.306 secs, Performance = 148.466 GFLOPS
BiCGstab: Convergence at 28 iterations, L2 relative residual: iterated = 5.448006e-13, true = 5.448006e-13 (requested = 1.000000e-12)
PyQUDA INFO: Time = 0.226 secs, Performance = 212.701 GFLOPS
BiCGstab: Convergence at 27 iterations, L2 relative residual: iterated = 6.765773e-13, true = 6.765773e-13 (requested = 1.000000e-12)
PyQUDA INFO: Time = 0.151 secs, Performance = 305.868 GFLOPS
BiCGstab: Convergence at 27 iterations, L2 relative residual: iterated = 6.166291e-13, true = 6.166291e-13 (requested = 1.000000e-12)
PyQUDA INFO: Time = 0.170 secs, Performance = 274.302 GFLOPS
BiCGstab: Convergence at 27 iterations, L2 relative residual: iterated = 6.301871e-13, true = 6.301871e-13 (requested = 1.000000e-12)
PyQUDA INFO: Time = 0.149 secs, Performance = 309.785 GFLOPS
BiCGstab: Convergence at 26 iterations, L2 relative residual: iterated = 7.781758e-13, true = 7.781758e-13 (requested = 1.000000e-12)
PyQUDA INFO: Time = 0.157 secs, Performance = 288.507 GFLOPS
BiCGstab: Convergence at 26 iterations, L2 relative residual: iterated = 9.088897e-13, true = 9.088897e-13 (requested = 1.000000e-12)
PyQUDA INFO: Time = 0.147 secs, Performance = 303.554 GFLOPS
BiCGstab: Convergence at 27 iterations, L2 relative residual: iterated = 9.070467e-13, true = 9.070467e-13 (requested = 1.000000e-12)
PyQUDA INFO: Time = 0.271 secs, Performance = 170.186 GFLOPS
BiCGstab: Convergence at 27 iterations, L2 relative residual: iterated = 3.521907e-13, true = 3.521907e-13 (requested = 1.000000e-12)
PyQUDA INFO: Time = 0.323 secs, Performance = 144.592 GFLOPS
BiCGstab: Convergence at 27 iterations, L2 relative residual: iterated = 6.231416e-13, true = 6.231416e-13 (requested = 1.000000e-12)
PyQUDA INFO: Time = 0.319 secs, Performance = 144.452 GFLOPS
BiCGstab: Convergence at 26 iterations, L2 relative residual: iterated = 7.340740e-13, true = 7.340740e-13 (requested = 1.000000e-12)
PyQUDA INFO: Time = 0.301 secs, Performance = 147.999 GFLOPS
BiCGstab: Convergence at 27 iterations, L2 relative residual: iterated = 3.650338e-13, true = 3.650338e-13 (requested = 1.000000e-12)
PyQUDA INFO: Time = 0.313 secs, Performance = 146.908 GFLOPS
BiCGstab: Convergence at 26 iterations, L2 relative residual: iterated = 6.439625e-13, true = 6.439625e-13 (requested = 1.000000e-12)
PyQUDA INFO: Time = 0.305 secs, Performance = 146.268 GFLOPS
BiCGstab: Convergence at 27 iterations, L2 relative residual: iterated = 3.565630e-13, true = 3.565630e-13 (requested = 1.000000e-12)
PyQUDA INFO: Time = 0.304 secs, Performance = 149.146 GFLOPS
BiCGstab: Convergence at 27 iterations, L2 relative residual: iterated = 5.033511e-13, true = 5.033511e-13 (requested = 1.000000e-12)
PyQUDA INFO: Time = 0.302 secs, Performance = 150.008 GFLOPS
BiCGstab: Convergence at 28 iterations, L2 relative residual: iterated = 3.389811e-13, true = 3.389811e-13 (requested = 1.000000e-12)
PyQUDA INFO: Time = 0.340 secs, Performance = 139.417 GFLOPS
BiCGstab: Convergence at 28 iterations, L2 relative residual: iterated = 1.312246e-13, true = 1.312246e-13 (requested = 1.000000e-12)
PyQUDA INFO: Time = 0.323 secs, Performance = 146.727 GFLOPS
BiCGstab: Convergence at 27 iterations, L2 relative residual: iterated = 6.392599e-13, true = 6.392599e-13 (requested = 1.000000e-12)
PyQUDA INFO: Time = 0.314 secs, Performance = 146.654 GFLOPS
BiCGstab: Convergence at 27 iterations, L2 relative residual: iterated = 7.299180e-13, true = 7.299180e-13 (requested = 1.000000e-12)
PyQUDA INFO: Time = 0.310 secs, Performance = 148.277 GFLOPS
BiCGstab: Convergence at 27 iterations, L2 relative residual: iterated = 3.922540e-13, true = 3.922540e-13 (requested = 1.000000e-12)
PyQUDA INFO: Time = 0.325 secs, Performance = 143.509 GFLOPS
BiCGstab: Convergence at 27 iterations, L2 relative residual: iterated = 7.721365e-13, true = 7.721365e-13 (requested = 1.000000e-12)
PyQUDA INFO: Time = 0.325 secs, Performance = 141.508 GFLOPS
BiCGstab: Convergence at 28 iterations, L2 relative residual: iterated = 1.744638e-13, true = 1.744638e-13 (requested = 1.000000e-12)
PyQUDA INFO: Time = 0.324 secs, Performance = 146.707 GFLOPS
BiCGstab: Convergence at 26 iterations, L2 relative residual: iterated = 7.507606e-13, true = 7.507606e-13 (requested = 1.000000e-12)
PyQUDA INFO: Time = 0.314 secs, Performance = 142.154 GFLOPS
BiCGstab: Convergence at 28 iterations, L2 relative residual: iterated = 2.847101e-13, true = 2.847101e-13 (requested = 1.000000e-12)
PyQUDA INFO: Time = 0.324 secs, Performance = 146.654 GFLOPS
BiCGstab: Convergence at 27 iterations, L2 relative residual: iterated = 3.930349e-13, true = 3.930349e-13 (requested = 1.000000e-12)
PyQUDA INFO: Time = 0.314 secs, Performance = 146.648 GFLOPS
BiCGstab: Convergence at 26 iterations, L2 relative residual: iterated = 8.958744e-13, true = 8.958744e-13 (requested = 1.000000e-12)
PyQUDA INFO: Time = 0.314 secs, Performance = 142.096 GFLOPS
BiCGstab: Convergence at 29 iterations, L2 relative residual: iterated = 1.048565e-13, true = 1.048565e-13 (requested = 1.000000e-12)
PyQUDA INFO: Time = 0.327 secs, Performance = 149.752 GFLOPS
Processing configurations: 100%|██████████| 50/50 [12:20<00:00, 15.72s/it]Processing configurations: 100%|██████████| 50/50 [12:20<00:00, 14.81s/it]
/home/jinchen/temp/LaMETLat/lametlat/preprocess/read_raw.py:70: RuntimeWarning: invalid value encountered in sqrt
  meff_array = np.arccosh( (pt2_array[2:] + pt2_array[:-2]) / (2 * pt2_array[1:-1]) ) #! This is not always correct.
/home/jinchen/temp/LaMETLat/lametlat/preprocess/read_raw.py:70: RuntimeWarning: invalid value encountered in log
  meff_array = np.arccosh( (pt2_array[2:] + pt2_array[:-2]) / (2 * pt2_array[1:-1]) ) #! This is not always correct.
/home/jinchen/temp/LaMETLat/lametlat/preprocess/read_raw.py:70: RuntimeWarning: invalid value encountered in sqrt
  meff_array = np.arccosh( (pt2_array[2:] + pt2_array[:-2]) / (2 * pt2_array[1:-1]) ) #! This is not always correct.
/home/jinchen/temp/LaMETLat/lametlat/preprocess/read_raw.py:70: RuntimeWarning: invalid value encountered in log
  meff_array = np.arccosh( (pt2_array[2:] + pt2_array[:-2]) / (2 * pt2_array[1:-1]) ) #! This is not always correct.
/home/jinchen/temp/LaMETLat/lametlat/preprocess/read_raw.py:70: RuntimeWarning: invalid value encountered in arccosh
  meff_array = np.arccosh( (pt2_array[2:] + pt2_array[:-2]) / (2 * pt2_array[1:-1]) ) #! This is not always correct.
/home/jinchen/temp/LaMETLat/lametlat/preprocess/read_raw.py:70: RuntimeWarning: invalid value encountered in sqrt
  meff_array = np.arccosh( (pt2_array[2:] + pt2_array[:-2]) / (2 * pt2_array[1:-1]) ) #! This is not always correct.
/home/jinchen/temp/LaMETLat/lametlat/preprocess/read_raw.py:70: RuntimeWarning: invalid value encountered in log
  meff_array = np.arccosh( (pt2_array[2:] + pt2_array[:-2]) / (2 * pt2_array[1:-1]) ) #! This is not always correct.
/home/jinchen/temp/LaMETLat/lametlat/preprocess/read_raw.py:70: RuntimeWarning: invalid value encountered in arccosh
  meff_array = np.arccosh( (pt2_array[2:] + pt2_array[:-2]) / (2 * pt2_array[1:-1]) ) #! This is not always correct.
/home/jinchen/temp/LaMETLat/lametlat/preprocess/read_raw.py:70: RuntimeWarning: invalid value encountered in sqrt
  meff_array = np.arccosh( (pt2_array[2:] + pt2_array[:-2]) / (2 * pt2_array[1:-1]) ) #! This is not always correct.
/home/jinchen/temp/LaMETLat/lametlat/preprocess/read_raw.py:70: RuntimeWarning: invalid value encountered in log
  meff_array = np.arccosh( (pt2_array[2:] + pt2_array[:-2]) / (2 * pt2_array[1:-1]) ) #! This is not always correct.
/home/jinchen/temp/LaMETLat/lametlat/preprocess/read_raw.py:70: RuntimeWarning: invalid value encountered in arccosh
  meff_array = np.arccosh( (pt2_array[2:] + pt2_array[:-2]) / (2 * pt2_array[1:-1]) ) #! This is not always correct.
/home/jinchen/temp/LaMETLat/lametlat/preprocess/read_raw.py:70: RuntimeWarning: invalid value encountered in sqrt
  meff_array = np.arccosh( (pt2_array[2:] + pt2_array[:-2]) / (2 * pt2_array[1:-1]) ) #! This is not always correct.
/home/jinchen/temp/LaMETLat/lametlat/preprocess/read_raw.py:70: RuntimeWarning: invalid value encountered in log
  meff_array = np.arccosh( (pt2_array[2:] + pt2_array[:-2]) / (2 * pt2_array[1:-1]) ) #! This is not always correct.
/home/jinchen/miniconda3/envs/pygpt/lib/python3.8/site-packages/matplotlib/axes/_base.py:2503: UserWarning: Warning: converting a masked element to nan.
  xys = np.asarray(xys)
/home/jinchen/temp/LaMETLat/lametlat/preprocess/read_raw.py:70: RuntimeWarning: invalid value encountered in sqrt
  meff_array = np.arccosh( (pt2_array[2:] + pt2_array[:-2]) / (2 * pt2_array[1:-1]) ) #! This is not always correct.
/home/jinchen/temp/LaMETLat/lametlat/preprocess/read_raw.py:70: RuntimeWarning: invalid value encountered in log
  meff_array = np.arccosh( (pt2_array[2:] + pt2_array[:-2]) / (2 * pt2_array[1:-1]) ) #! This is not always correct.
/home/jinchen/temp/LaMETLat/lametlat/preprocess/read_raw.py:70: RuntimeWarning: invalid value encountered in arccosh
  meff_array = np.arccosh( (pt2_array[2:] + pt2_array[:-2]) / (2 * pt2_array[1:-1]) ) #! This is not always correct.
Cached to artifacts/data/qprop_mom_S24T24_cg_ipg.npz
max |Im point_quark_corr_t|:  18468.51829922229
shape of point_quark_corr_t:  (50, 4, 24)
max |Im point_quark_corr_t|:  20472.058048069153
shape of point_quark_corr_t:  (50, 4, 24)
max |Im point_quark_corr_t|:  20500.830095321715
shape of point_quark_corr_t:  (50, 4, 24)
max |Im point_quark_corr_t|:  20468.80034278924
shape of point_quark_corr_t:  (50, 4, 24)
max |Im point_quark_corr_t|:  19092.95416182795
shape of point_quark_corr_t:  (50, 4, 24)
max |Im point_quark_corr_t|:  184199.45186179673
shape of point_quark_corr_t:  (50, 4, 24)
[WARN] ZeroDivision in pt2_to_meff for pDotg, p=(0,0,0); filling with NaN.
[WARN] ZeroDivision in pt2_to_meff for pDotg, p=(0,0,0); filling with NaN.
WARNING: Environment variable QUDA_PROFILE_OUTPUT_BASE not set; writing to profile.tsv and profile_async.tsv
Saving 44 sets of cached parameters to .cache/profile_0.tsv
Saving 0 sets of cached profiles to .cache/profile_async_0.tsv

               initQuda Total time =     0.087 secs
                     init     =     0.087 secs ( 99.990%),	 with        2 calls at 4.372e+04 us per call
        total accounted       =     0.087 secs ( 99.990%)
        total missing         =     0.000 secs (  0.010%)

          loadGaugeQuda Total time =     2.762 secs
                 download     =     2.420 secs ( 87.610%),	 with      100 calls at 2.420e+04 us per call
                     init     =     0.001 secs (  0.019%),	 with      699 calls at 7.368e-01 us per call
                  compute     =     0.004 secs (  0.137%),	 with      200 calls at 1.897e+01 us per call
                    comms     =     0.178 secs (  6.446%),	 with       99 calls at 1.798e+03 us per call
                     free     =     0.000 secs (  0.007%),	 with      199 calls at 1.035e+00 us per call
        total accounted       =     2.602 secs ( 94.219%)
        total missing         =     0.160 secs (  5.781%)

         loadCloverQuda Total time =     3.303 secs
                     init     =     0.001 secs (  0.029%),	 with      151 calls at 6.318e+00 us per call
                  compute     =     3.151 secs ( 95.409%),	 with      150 calls at 2.101e+04 us per call
                    comms     =     0.001 secs (  0.023%),	 with        1 calls at 7.690e+02 us per call
                     free     =     0.000 secs (  0.001%),	 with       50 calls at 4.200e-01 us per call
        total accounted       =     3.153 secs ( 95.461%)
        total missing         =     0.150 secs (  4.539%)

     invertMultiSrcQuda Total time =   680.773 secs
                     init     =    19.885 secs (  2.921%),	 with    84002 calls at 2.367e+02 us per call
                 preamble     =    29.587 secs (  4.346%),	 with     9601 calls at 3.082e+03 us per call
                  compute     =   630.965 secs ( 92.684%),	 with     2401 calls at 2.628e+05 us per call
                 epilogue     =     0.118 secs (  0.017%),	 with     4800 calls at 2.462e+01 us per call
                     free     =     0.009 secs (  0.001%),	 with    26400 calls at 3.363e-01 us per call
        total accounted       =   680.565 secs ( 99.969%)
        total missing         =     0.209 secs (  0.031%)

                endQuda Total time =     0.017 secs
                     free     =     0.000 secs (  0.029%),	 with        3 calls at 1.667e+00 us per call
        total accounted       =     0.000 secs (  0.029%)
        total missing         =     0.017 secs ( 99.971%)

       initQuda-endQuda Total time =   742.743 secs

                   QUDA Total time =   686.942 secs
                 download     =     2.420 secs (  0.352%),	 with      100 calls at 2.420e+04 us per call
                     init     =    19.974 secs (  2.908%),	 with    84854 calls at 2.354e+02 us per call
                 preamble     =    29.587 secs (  4.307%),	 with     9601 calls at 3.082e+03 us per call
                  compute     =   634.121 secs ( 92.311%),	 with     2751 calls at 2.305e+05 us per call
                    comms     =     0.179 secs (  0.026%),	 with      100 calls at 1.788e+03 us per call
                 epilogue     =     0.118 secs (  0.017%),	 with     4800 calls at 2.460e+01 us per call
                     free     =     0.009 secs (  0.001%),	 with    26652 calls at 3.455e-01 us per call
        total accounted       =   686.408 secs ( 99.922%)
        total missing         =     0.534 secs (  0.078%)

Device memory used = 1036.5 MiB
Pinned device memory used = 0.0 MiB
Managed memory used = 0.0 MiB
Shmem memory used = 0.0 MiB
Page-locked host memory used = 20.3 MiB
Total host memory used >= 20.3 MiB

