Start time: Sun May 31 09:08:39 PM EDT 2026
Input template: /home/jinchen/git/anl/IPG4Lattice/interp_gauge/input_S16T16_interpolating.txt
Gauge directory: /home/jinchen/git/anl/IPG4Lattice/interp_gauge/../ensemble/S16T16
Output directory: /home/jinchen/git/anl/IPG4Lattice/interp_gauge/../ensemble/S16T16_itpg
GF_EPSILON values: 0.5 0.3 0.1
Configurations: 50
 
Processing GF_EPSILON = 0.5
 
Processing configuration 0 at GF_EPSILON = 0.5
Start time for config 0, epsilon 0.5: Sun May 31 09:08:39 PM EDT 2026
[IO] Attempting to read a NERSC file 
[PAR] CONDOR_MODE selected .... 
[IO] reading file /home/jinchen/git/anl/IPG4Lattice/interp_gauge/../ensemble/S16T16/wilson_b6.0
[IO] Configuration number :: 1 
[INIT] GLU is Compiled for SU(3)

[DIMENSIONS] ( 16 x 16 x 16 x 16 )

[INIT] using 16 thread(s) 
[INIT] allocating su(2) subgroup indices
[IO] Read gauge field[IO] file offset 628
[IO] LOOP_VAR = 18
[IO] Reading gauge field (/home/jinchen/git/anl/IPG4Lattice/interp_gauge/../ensemble/S16T16/wilson_b6.0) took
[TIMER] elapsed :: 8.105993e-03 s 
[IO] Header     Trace :: 0.000586           || Plaq :: 0.595230 
[IO] Calculated Trace :: 0.000586432207598  || Plaq :: 0.595230154055087 

[GF] Using the Fourier accelerated non-linear conjugate gradient (FACG) routines
[GF] Interpolating gauge, accuracy of 1e-14 
[GF] Interpolating temporal epsilon :: 0.5 
[GF] Tuning parameter alpha :: 0.090000 
[GF] Performing AT MOST 6000 iterations before randomly restarting ... 
[GF] Allowing for 7 restarts before complaint ... 
[GF] Approximate O(a) exponential expansion, and reunitarisation in Gauge Fixing.
[GF] Plaquette :: 0.595230154055087 
[GF] Accuracy :: 9.2967e-15
[GF] Iters :: 61
[GF] Link trace :: 0.863730387008670 || Maximum :: 0.997821986813087
[GF] Temporal constance || Lin 5.324762e-06 || Log 1.043159e+00 
[GF] Functional :: 0.130850590372617

[TIMER] elapsed :: 7.450690e-01 s 
 
Time for config 0, epsilon 0.5: 0 hours 0 minutes 1 seconds
 
Processing configuration 1 at GF_EPSILON = 0.5
Start time for config 1, epsilon 0.5: Sun May 31 09:08:40 PM EDT 2026
[IO] Attempting to read a NERSC file 
[PAR] CONDOR_MODE selected .... 
[IO] reading file /home/jinchen/git/anl/IPG4Lattice/interp_gauge/../ensemble/S16T16/wilson_b6.1
[IO] Configuration number :: 1 
[INIT] GLU is Compiled for SU(3)

[DIMENSIONS] ( 16 x 16 x 16 x 16 )

[INIT] using 16 thread(s) 
[INIT] allocating su(2) subgroup indices
[IO] Read gauge field[IO] file offset 627
[IO] LOOP_VAR = 18
[IO] Reading gauge field (/home/jinchen/git/anl/IPG4Lattice/interp_gauge/../ensemble/S16T16/wilson_b6.1) took
[TIMER] elapsed :: 7.516146e-03 s 
[IO] Header     Trace :: 0.000400           || Plaq :: 0.593764 
[IO] Calculated Trace :: 0.000400249920519  || Plaq :: 0.593763816990767 

[GF] Using the Fourier accelerated non-linear conjugate gradient (FACG) routines
[GF] Interpolating gauge, accuracy of 1e-14 
[GF] Interpolating temporal epsilon :: 0.5 
[GF] Tuning parameter alpha :: 0.090000 
[GF] Performing AT MOST 6000 iterations before randomly restarting ... 
[GF] Allowing for 7 restarts before complaint ... 
[GF] Approximate O(a) exponential expansion, and reunitarisation in Gauge Fixing.
[GF] Plaquette :: 0.593763816990766 
[GF] Accuracy :: 6.9336e-15
[GF] Iters :: 115
[GF] Link trace :: 0.861884637735189 || Maximum :: 0.998733127483387
[GF] Temporal constance || Lin 2.026441e-06 || Log 1.001566e+00 
[GF] Functional :: 0.132536570999272

[TIMER] elapsed :: 1.375877e+00 s 
 
Time for config 1, epsilon 0.5: 0 hours 0 minutes 1 seconds
 
Processing configuration 2 at GF_EPSILON = 0.5
Start time for config 2, epsilon 0.5: Sun May 31 09:08:41 PM EDT 2026
[IO] Attempting to read a NERSC file 
[PAR] CONDOR_MODE selected .... 
[IO] reading file /home/jinchen/git/anl/IPG4Lattice/interp_gauge/../ensemble/S16T16/wilson_b6.2
[IO] Configuration number :: 1 
[INIT] GLU is Compiled for SU(3)

[DIMENSIONS] ( 16 x 16 x 16 x 16 )

[INIT] using 16 thread(s) 
[INIT] allocating su(2) subgroup indices
[IO] Read gauge field[IO] file offset 628
[IO] LOOP_VAR = 18
[IO] Reading gauge field (/home/jinchen/git/anl/IPG4Lattice/interp_gauge/../ensemble/S16T16/wilson_b6.2) took
[TIMER] elapsed :: 7.594824e-03 s 
[IO] Header     Trace :: 0.000832           || Plaq :: 0.594363 
[IO] Calculated Trace :: 0.000832153266088  || Plaq :: 0.594363147084071 

[GF] Using the Fourier accelerated non-linear conjugate gradient (FACG) routines
[GF] Interpolating gauge, accuracy of 1e-14 
[GF] Interpolating temporal epsilon :: 0.5 
[GF] Tuning parameter alpha :: 0.090000 
[GF] Performing AT MOST 6000 iterations before randomly restarting ... 
[GF] Allowing for 7 restarts before complaint ... 
[GF] Approximate O(a) exponential expansion, and reunitarisation in Gauge Fixing.
[IO] file offset 628
[IO] LOOP_VAR = 18
[PAR_RNG] MWC_4096
[PAR_RNG] Entropy read Seed 2888043568
[PAR_RNG] warmed up
[GF] Plaquette :: 0.594363147084071 
[GF] Accuracy :: 5.9920e-15
[GF] Iters :: 123456879
[GF] Link trace :: 0.861523497770833 || Maximum :: 0.996212182081562
[GF] Temporal constance || Lin 4.604163e-06 || Log 1.325069e+00 
[GF] Functional :: 0.132822383365971

[TIMER] elapsed :: 6.809229e+01 s 
[IO] Writing 4D_SU3_GAUGE binary data

[TIMER] elapsed :: 5.506992e-03 s 
[IO] Page size is :: 62.713287, Total malloc [More] 0.060547  [Less] 0.037110 
[IO] Using the faster/memory expensive code 

[TIMER] elapsed :: 3.984022e-02 s 
[IO] Configuration written to /home/jinchen/git/anl/IPG4Lattice/interp_gauge/../ensemble/S16T16_itpg/wilson_b6.itpg.eps0p5.2 
 
Time for config 2, epsilon 0.5: 0 hours 1 minutes 8 seconds
 
Processing configuration 3 at GF_EPSILON = 0.5
Start time for config 3, epsilon 0.5: Sun May 31 09:09:49 PM EDT 2026
[IO] Attempting to read a NERSC file 
[PAR] CONDOR_MODE selected .... 
[IO] reading file /home/jinchen/git/anl/IPG4Lattice/interp_gauge/../ensemble/S16T16/wilson_b6.3
[IO] Configuration number :: 1 
[INIT] GLU is Compiled for SU(3)

[DIMENSIONS] ( 16 x 16 x 16 x 16 )

[INIT] using 16 thread(s) 
[INIT] allocating su(2) subgroup indices
[IO] Read gauge field[IO] file offset 628
[IO] LOOP_VAR = 18
[IO] Reading gauge field (/home/jinchen/git/anl/IPG4Lattice/interp_gauge/../ensemble/S16T16/wilson_b6.3) took
[TIMER] elapsed :: 4.170609e-02 s 
[IO] Header     Trace :: 0.000305           || Plaq :: 0.593920 
[IO] Calculated Trace :: 0.000305043316917  || Plaq :: 0.593919624623353 

[GF] Using the Fourier accelerated non-linear conjugate gradient (FACG) routines
[GF] Interpolating gauge, accuracy of 1e-14 
[GF] Interpolating temporal epsilon :: 0.5 
[GF] Tuning parameter alpha :: 0.090000 
[GF] Performing AT MOST 6000 iterations before randomly restarting ... 
[GF] Allowing for 7 restarts before complaint ... 
[GF] Approximate O(a) exponential expansion, and reunitarisation in Gauge Fixing.
[GF] Plaquette :: 0.593919624623352 
[GF] Accuracy :: 7.3564e-15
[GF] Iters :: 247
[GF] Link trace :: 0.860026000389344 || Maximum :: 0.997197577104271
[GF] Temporal constance || Lin 5.018292e-06 || Log 1.100705e+00 
[GF] Functional :: 0.134029747544251

[TIMER] elapsed :: 3.081406e+00 s 
[IO] Writing 4D_SU3_GAUGE binary data

[TIMER] elapsed :: 5.696058e-03 s 
[IO] Page size is :: 62.713287, Total malloc [More] 0.060547  [Less] 0.037110 
[IO] Using the faster/memory expensive code 

[TIMER] elapsed :: 3.925300e-02 s 
[IO] Configuration written to /home/jinchen/git/anl/IPG4Lattice/interp_gauge/../ensemble/S16T16_itpg/wilson_b6.itpg.eps0p5.3 
 
Time for config 3, epsilon 0.5: 0 hours 0 minutes 3 seconds
 
Processing configuration 4 at GF_EPSILON = 0.5
Start time for config 4, epsilon 0.5: Sun May 31 09:09:52 PM EDT 2026
[IO] Attempting to read a NERSC file 
[PAR] CONDOR_MODE selected .... 
[IO] reading file /home/jinchen/git/anl/IPG4Lattice/interp_gauge/../ensemble/S16T16/wilson_b6.4
[IO] Configuration number :: 1 
[INIT] GLU is Compiled for SU(3)

[DIMENSIONS] ( 16 x 16 x 16 x 16 )

[INIT] using 16 thread(s) 
[INIT] allocating su(2) subgroup indices
[IO] Read gauge field[IO] file offset 629
[IO] LOOP_VAR = 18
[IO] Reading gauge field (/home/jinchen/git/anl/IPG4Lattice/interp_gauge/../ensemble/S16T16/wilson_b6.4) took
[TIMER] elapsed :: 4.215503e-02 s 
[IO] Header     Trace :: -0.000521           || Plaq :: 0.593793 
[IO] Calculated Trace :: -0.000521065458333  || Plaq :: 0.593792888569615 

[GF] Using the Fourier accelerated non-linear conjugate gradient (FACG) routines
[GF] Interpolating gauge, accuracy of 1e-14 
[GF] Interpolating temporal epsilon :: 0.5 
[GF] Tuning parameter alpha :: 0.090000 
[GF] Performing AT MOST 6000 iterations before randomly restarting ... 
[GF] Allowing for 7 restarts before complaint ... 
[GF] Approximate O(a) exponential expansion, and reunitarisation in Gauge Fixing.
[GF] Plaquette :: 0.593792888569614 
[GF] Accuracy :: 6.2100e-15
[GF] Iters :: 260
[GF] Link trace :: 0.859824702658945 || Maximum :: 0.996583448254448
[GF] Temporal constance || Lin 3.184336e-06 || Log 1.107329e+00 
[GF] Functional :: 0.134417253190108

[TIMER] elapsed :: 2.981089e+00 s 
[IO] Writing 4D_SU3_GAUGE binary data

[TIMER] elapsed :: 5.713940e-03 s 
[IO] Page size is :: 62.713287, Total malloc [More] 0.060547  [Less] 0.037110 
[IO] Using the faster/memory expensive code 

[TIMER] elapsed :: 3.870296e-02 s 
[IO] Configuration written to /home/jinchen/git/anl/IPG4Lattice/interp_gauge/../ensemble/S16T16_itpg/wilson_b6.itpg.eps0p5.4 
 
Time for config 4, epsilon 0.5: 0 hours 0 minutes 3 seconds
 
Processing configuration 5 at GF_EPSILON = 0.5
Start time for config 5, epsilon 0.5: Sun May 31 09:09:55 PM EDT 2026
[IO] Attempting to read a NERSC file 
[PAR] CONDOR_MODE selected .... 
[IO] reading file /home/jinchen/git/anl/IPG4Lattice/interp_gauge/../ensemble/S16T16/wilson_b6.5
[IO] Configuration number :: 1 
[INIT] GLU is Compiled for SU(3)

[DIMENSIONS] ( 16 x 16 x 16 x 16 )

[INIT] using 16 thread(s) 
[INIT] allocating su(2) subgroup indices
[IO] Read gauge field[IO] file offset 628
[IO] LOOP_VAR = 18
[IO] Reading gauge field (/home/jinchen/git/anl/IPG4Lattice/interp_gauge/../ensemble/S16T16/wilson_b6.5) took
[TIMER] elapsed :: 4.123902e-02 s 
[IO] Header     Trace :: 0.000262           || Plaq :: 0.595189 
[IO] Calculated Trace :: 0.000262161386738  || Plaq :: 0.595189412509691 

[GF] Using the Fourier accelerated non-linear conjugate gradient (FACG) routines
[GF] Interpolating gauge, accuracy of 1e-14 
[GF] Interpolating temporal epsilon :: 0.5 
[GF] Tuning parameter alpha :: 0.090000 
[GF] Performing AT MOST 6000 iterations before randomly restarting ... 
[GF] Allowing for 7 restarts before complaint ... 
[GF] Approximate O(a) exponential expansion, and reunitarisation in Gauge Fixing.
[GF] Plaquette :: 0.595189412509689 
[GF] Accuracy :: 9.6575e-15
[GF] Iters :: 362
[GF] Link trace :: 0.860537066906255 || Maximum :: 0.995982395826505
[GF] Temporal constance || Lin 1.649605e-05 || Log 1.132356e+00 
[GF] Functional :: 0.133811196066100

[TIMER] elapsed :: 4.113031e+00 s 
[IO] Writing 4D_SU3_GAUGE binary data

[TIMER] elapsed :: 5.663872e-03 s 
[IO] Page size is :: 62.713287, Total malloc [More] 0.060547  [Less] 0.037110 
[IO] Using the faster/memory expensive code 

[TIMER] elapsed :: 3.941107e-02 s 
[IO] Configuration written to /home/jinchen/git/anl/IPG4Lattice/interp_gauge/../ensemble/S16T16_itpg/wilson_b6.itpg.eps0p5.5 
 
Time for config 5, epsilon 0.5: 0 hours 0 minutes 5 seconds
 
Processing configuration 6 at GF_EPSILON = 0.5
Start time for config 6, epsilon 0.5: Sun May 31 09:10:00 PM EDT 2026
[IO] Attempting to read a NERSC file 
[PAR] CONDOR_MODE selected .... 
[IO] reading file /home/jinchen/git/anl/IPG4Lattice/interp_gauge/../ensemble/S16T16/wilson_b6.6
[IO] Configuration number :: 1 
[INIT] GLU is Compiled for SU(3)

[DIMENSIONS] ( 16 x 16 x 16 x 16 )

[INIT] using 16 thread(s) 
[INIT] allocating su(2) subgroup indices
[IO] Read gauge field[IO] file offset 629
[IO] LOOP_VAR = 18
[IO] Reading gauge field (/home/jinchen/git/anl/IPG4Lattice/interp_gauge/../ensemble/S16T16/wilson_b6.6) took
[TIMER] elapsed :: 4.276013e-02 s 
[IO] Header     Trace :: -0.000063           || Plaq :: 0.593898 
[IO] Calculated Trace :: -0.000062722359870  || Plaq :: 0.593897680812195 

[GF] Using the Fourier accelerated non-linear conjugate gradient (FACG) routines
[GF] Interpolating gauge, accuracy of 1e-14 
[GF] Interpolating temporal epsilon :: 0.5 
[GF] Tuning parameter alpha :: 0.090000 
[GF] Performing AT MOST 6000 iterations before randomly restarting ... 
[GF] Allowing for 7 restarts before complaint ... 
[GF] Approximate O(a) exponential expansion, and reunitarisation in Gauge Fixing.
[GF] Plaquette :: 0.593897680812190 
[GF] Accuracy :: 7.5284e-15
[GF] Iters :: 392
[GF] Link trace :: 0.858555067182228 || Maximum :: 0.998344492767207
[GF] Temporal constance || Lin 2.693370e-05 || Log 1.922422e+00 
[GF] Functional :: 0.135573349950675

[TIMER] elapsed :: 4.512235e+00 s 
[IO] Writing 4D_SU3_GAUGE binary data

[TIMER] elapsed :: 1.506710e-02 s 
[IO] Page size is :: 62.713287, Total malloc [More] 0.060547  [Less] 0.037110 
[IO] Using the faster/memory expensive code 

[TIMER] elapsed :: 4.673386e-02 s 
[IO] Configuration written to /home/jinchen/git/anl/IPG4Lattice/interp_gauge/../ensemble/S16T16_itpg/wilson_b6.itpg.eps0p5.6 
 
Time for config 6, epsilon 0.5: 0 hours 0 minutes 4 seconds
 
Processing configuration 7 at GF_EPSILON = 0.5
Start time for config 7, epsilon 0.5: Sun May 31 09:10:04 PM EDT 2026
[IO] Attempting to read a NERSC file 
[PAR] CONDOR_MODE selected .... 
[IO] reading file /home/jinchen/git/anl/IPG4Lattice/interp_gauge/../ensemble/S16T16/wilson_b6.7
[IO] Configuration number :: 1 
[INIT] GLU is Compiled for SU(3)

[DIMENSIONS] ( 16 x 16 x 16 x 16 )

[INIT] using 16 thread(s) 
[INIT] allocating su(2) subgroup indices
[IO] Read gauge field[IO] file offset 629
[IO] LOOP_VAR = 18
[IO] Reading gauge field (/home/jinchen/git/anl/IPG4Lattice/interp_gauge/../ensemble/S16T16/wilson_b6.7) took
[TIMER] elapsed :: 4.141808e-02 s 
[IO] Header     Trace :: -0.000351           || Plaq :: 0.593812 
[IO] Calculated Trace :: -0.000351102979176  || Plaq :: 0.593812410139570 

[GF] Using the Fourier accelerated non-linear conjugate gradient (FACG) routines
[GF] Interpolating gauge, accuracy of 1e-14 
[GF] Interpolating temporal epsilon :: 0.5 
[GF] Tuning parameter alpha :: 0.090000 
[GF] Performing AT MOST 6000 iterations before randomly restarting ... 
[GF] Allowing for 7 restarts before complaint ... 
[GF] Approximate O(a) exponential expansion, and reunitarisation in Gauge Fixing.
[GF] Plaquette :: 0.593812410139569 
[GF] Accuracy :: 6.9186e-15
[GF] Iters :: 257
[GF] Link trace :: 0.857690764901825 || Maximum :: 0.997248571355514
[GF] Temporal constance || Lin 1.127612e-05 || Log 1.342762e+00 
[GF] Functional :: 0.136587044182744

[TIMER] elapsed :: 2.810492e+00 s 
[IO] Writing 4D_SU3_GAUGE binary data

[TIMER] elapsed :: 5.667210e-03 s 
[IO] Page size is :: 62.713287, Total malloc [More] 0.060547  [Less] 0.037110 
[IO] Using the faster/memory expensive code 

[TIMER] elapsed :: 3.797412e-02 s 
[IO] Configuration written to /home/jinchen/git/anl/IPG4Lattice/interp_gauge/../ensemble/S16T16_itpg/wilson_b6.itpg.eps0p5.7 
 
Time for config 7, epsilon 0.5: 0 hours 0 minutes 3 seconds
 
Processing configuration 8 at GF_EPSILON = 0.5
Start time for config 8, epsilon 0.5: Sun May 31 09:10:07 PM EDT 2026
[IO] Attempting to read a NERSC file 
[PAR] CONDOR_MODE selected .... 
[IO] reading file /home/jinchen/git/anl/IPG4Lattice/interp_gauge/../ensemble/S16T16/wilson_b6.8
[IO] Configuration number :: 1 
[INIT] GLU is Compiled for SU(3)

[DIMENSIONS] ( 16 x 16 x 16 x 16 )

[INIT] using 16 thread(s) 
[INIT] allocating su(2) subgroup indices
[IO] Read gauge field[IO] file offset 629
[IO] LOOP_VAR = 18
[IO] Reading gauge field (/home/jinchen/git/anl/IPG4Lattice/interp_gauge/../ensemble/S16T16/wilson_b6.8) took
[TIMER] elapsed :: 4.008389e-02 s 
[IO] Header     Trace :: -0.000501           || Plaq :: 0.594006 
[IO] Calculated Trace :: -0.000501287251195  || Plaq :: 0.594006348123550 

[GF] Using the Fourier accelerated non-linear conjugate gradient (FACG) routines
[GF] Interpolating gauge, accuracy of 1e-14 
[GF] Interpolating temporal epsilon :: 0.5 
[GF] Tuning parameter alpha :: 0.090000 
[GF] Performing AT MOST 6000 iterations before randomly restarting ... 
[GF] Allowing for 7 restarts before complaint ... 
[GF] Approximate O(a) exponential expansion, and reunitarisation in Gauge Fixing.
[GF] Plaquette :: 0.594006348123548 
[GF] Accuracy :: 9.0298e-15
[GF] Iters :: 316
[GF] Link trace :: 0.857333941608511 || Maximum :: 0.998059313193841
[GF] Temporal constance || Lin 2.119205e-05 || Log 1.325956e+00 
[GF] Functional :: 0.136516796447830

[TIMER] elapsed :: 3.548971e+00 s 
[IO] Writing 4D_SU3_GAUGE binary data

[TIMER] elapsed :: 5.696058e-03 s 
[IO] Page size is :: 62.713287, Total malloc [More] 0.060547  [Less] 0.037110 
[IO] Using the faster/memory expensive code 

[TIMER] elapsed :: 3.852081e-02 s 
[IO] Configuration written to /home/jinchen/git/anl/IPG4Lattice/interp_gauge/../ensemble/S16T16_itpg/wilson_b6.itpg.eps0p5.8 
 
Time for config 8, epsilon 0.5: 0 hours 0 minutes 4 seconds
 
Processing configuration 9 at GF_EPSILON = 0.5
Start time for config 9, epsilon 0.5: Sun May 31 09:10:11 PM EDT 2026
[IO] Attempting to read a NERSC file 
[PAR] CONDOR_MODE selected .... 
[IO] reading file /home/jinchen/git/anl/IPG4Lattice/interp_gauge/../ensemble/S16T16/wilson_b6.9
[IO] Configuration number :: 1 
[INIT] GLU is Compiled for SU(3)

[DIMENSIONS] ( 16 x 16 x 16 x 16 )

[INIT] using 16 thread(s) 
[INIT] allocating su(2) subgroup indices
[IO] Read gauge field[IO] file offset 628
[IO] LOOP_VAR = 18
[IO] Reading gauge field (/home/jinchen/git/anl/IPG4Lattice/interp_gauge/../ensemble/S16T16/wilson_b6.9) took
[TIMER] elapsed :: 4.029799e-02 s 
[IO] Header     Trace :: 0.000435           || Plaq :: 0.593188 
[IO] Calculated Trace :: 0.000435419994833  || Plaq :: 0.593188206700780 

[GF] Using the Fourier accelerated non-linear conjugate gradient (FACG) routines
[GF] Interpolating gauge, accuracy of 1e-14 
[GF] Interpolating temporal epsilon :: 0.5 
[GF] Tuning parameter alpha :: 0.090000 
[GF] Performing AT MOST 6000 iterations before randomly restarting ... 
[GF] Allowing for 7 restarts before complaint ... 
[GF] Approximate O(a) exponential expansion, and reunitarisation in Gauge Fixing.
[GF] Plaquette :: 0.593188206700778 
[GF] Accuracy :: 9.6439e-15
[GF] Iters :: 362
[GF] Link trace :: 0.857631113792200 || Maximum :: 0.996418945336324
[GF] Temporal constance || Lin 1.815786e-05 || Log 1.234243e+00 
[GF] Functional :: 0.136564575330457

[TIMER] elapsed :: 4.030524e+00 s 
[IO] Writing 4D_SU3_GAUGE binary data

[TIMER] elapsed :: 5.709887e-03 s 
[IO] Page size is :: 62.713287, Total malloc [More] 0.060547  [Less] 0.037110 
[IO] Using the faster/memory expensive code 

[TIMER] elapsed :: 3.718686e-02 s 
[IO] Configuration written to /home/jinchen/git/anl/IPG4Lattice/interp_gauge/../ensemble/S16T16_itpg/wilson_b6.itpg.eps0p5.9 
 
Time for config 9, epsilon 0.5: 0 hours 0 minutes 4 seconds
 
Processing configuration 10 at GF_EPSILON = 0.5
Start time for config 10, epsilon 0.5: Sun May 31 09:10:15 PM EDT 2026
[IO] Attempting to read a NERSC file 
[PAR] CONDOR_MODE selected .... 
[IO] reading file /home/jinchen/git/anl/IPG4Lattice/interp_gauge/../ensemble/S16T16/wilson_b6.10
[IO] Configuration number :: 1 
[INIT] GLU is Compiled for SU(3)

[DIMENSIONS] ( 16 x 16 x 16 x 16 )

[INIT] using 16 thread(s) 
[INIT] allocating su(2) subgroup indices
[IO] Read gauge field[IO] file offset 627
[IO] LOOP_VAR = 18
[IO] Reading gauge field (/home/jinchen/git/anl/IPG4Lattice/interp_gauge/../ensemble/S16T16/wilson_b6.10) took
[TIMER] elapsed :: 4.106998e-02 s 
[IO] Header     Trace :: -0.000492           || Plaq :: 0.593864 
[IO] Calculated Trace :: -0.000492318513257  || Plaq :: 0.593864420017452 

[GF] Using the Fourier accelerated non-linear conjugate gradient (FACG) routines
[GF] Interpolating gauge, accuracy of 1e-14 
[GF] Interpolating temporal epsilon :: 0.5 
[GF] Tuning parameter alpha :: 0.090000 
[GF] Performing AT MOST 6000 iterations before randomly restarting ... 
[GF] Allowing for 7 restarts before complaint ... 
[GF] Approximate O(a) exponential expansion, and reunitarisation in Gauge Fixing.
[GF] Plaquette :: 0.593864420017451 
[GF] Accuracy :: 8.1022e-15
[GF] Iters :: 178
[GF] Link trace :: 0.857720899492050 || Maximum :: 0.997995058848669
[GF] Temporal constance || Lin 1.142892e-05 || Log 1.173442e+00 
[GF] Functional :: 0.136393178849710

[TIMER] elapsed :: 2.019056e+00 s 
[IO] Writing 4D_SU3_GAUGE binary data

[TIMER] elapsed :: 5.637884e-03 s 
[IO] Page size is :: 62.713287, Total malloc [More] 0.060547  [Less] 0.037110 
[IO] Using the faster/memory expensive code 

[TIMER] elapsed :: 3.746891e-02 s 
[IO] Configuration written to /home/jinchen/git/anl/IPG4Lattice/interp_gauge/../ensemble/S16T16_itpg/wilson_b6.itpg.eps0p5.10 
 
Time for config 10, epsilon 0.5: 0 hours 0 minutes 2 seconds
 
Processing configuration 11 at GF_EPSILON = 0.5
Start time for config 11, epsilon 0.5: Sun May 31 09:10:17 PM EDT 2026
[IO] Attempting to read a NERSC file 
[PAR] CONDOR_MODE selected .... 
[IO] reading file /home/jinchen/git/anl/IPG4Lattice/interp_gauge/../ensemble/S16T16/wilson_b6.11
[IO] Configuration number :: 1 
[INIT] GLU is Compiled for SU(3)

[DIMENSIONS] ( 16 x 16 x 16 x 16 )

[INIT] using 16 thread(s) 
[INIT] allocating su(2) subgroup indices
[IO] Read gauge field[IO] file offset 628
[IO] LOOP_VAR = 18
[IO] Reading gauge field (/home/jinchen/git/anl/IPG4Lattice/interp_gauge/../ensemble/S16T16/wilson_b6.11) took
[TIMER] elapsed :: 3.950787e-02 s 
[IO] Header     Trace :: -0.000046           || Plaq :: 0.593697 
[IO] Calculated Trace :: -0.000045717355199  || Plaq :: 0.593697285308720 

[GF] Using the Fourier accelerated non-linear conjugate gradient (FACG) routines
[GF] Interpolating gauge, accuracy of 1e-14 
[GF] Interpolating temporal epsilon :: 0.5 
[GF] Tuning parameter alpha :: 0.090000 
[GF] Performing AT MOST 6000 iterations before randomly restarting ... 
[GF] Allowing for 7 restarts before complaint ... 
[GF] Approximate O(a) exponential expansion, and reunitarisation in Gauge Fixing.
[GF] Plaquette :: 0.593697285308719 
[GF] Accuracy :: 7.9248e-15
[GF] Iters :: 164
[GF] Link trace :: 0.857172920439810 || Maximum :: 0.996764000052909
[GF] Temporal constance || Lin 6.813322e-06 || Log 1.126439e+00 
[GF] Functional :: 0.137006696921173

[TIMER] elapsed :: 1.789142e+00 s 
[IO] Writing 4D_SU3_GAUGE binary data

[TIMER] elapsed :: 1.352692e-02 s 
[IO] Page size is :: 62.713287, Total malloc [More] 0.060547  [Less] 0.037110 
[IO] Using the faster/memory expensive code 

[TIMER] elapsed :: 4.817796e-02 s 
[IO] Configuration written to /home/jinchen/git/anl/IPG4Lattice/interp_gauge/../ensemble/S16T16_itpg/wilson_b6.itpg.eps0p5.11 
 
Time for config 11, epsilon 0.5: 0 hours 0 minutes 2 seconds
 
Processing configuration 12 at GF_EPSILON = 0.5
Start time for config 12, epsilon 0.5: Sun May 31 09:10:19 PM EDT 2026
[IO] Attempting to read a NERSC file 
[PAR] CONDOR_MODE selected .... 
[IO] reading file /home/jinchen/git/anl/IPG4Lattice/interp_gauge/../ensemble/S16T16/wilson_b6.12
[IO] Configuration number :: 1 
[INIT] GLU is Compiled for SU(3)

[DIMENSIONS] ( 16 x 16 x 16 x 16 )

[INIT] using 16 thread(s) 
[INIT] allocating su(2) subgroup indices
[IO] Read gauge field[IO] file offset 629
[IO] LOOP_VAR = 18
[IO] Reading gauge field (/home/jinchen/git/anl/IPG4Lattice/interp_gauge/../ensemble/S16T16/wilson_b6.12) took
[TIMER] elapsed :: 3.935385e-02 s 
[IO] Header     Trace :: -0.000075           || Plaq :: 0.592770 
[IO] Calculated Trace :: -0.000074924036111  || Plaq :: 0.592770076563330 

[GF] Using the Fourier accelerated non-linear conjugate gradient (FACG) routines
[GF] Interpolating gauge, accuracy of 1e-14 
[GF] Interpolating temporal epsilon :: 0.5 
[GF] Tuning parameter alpha :: 0.090000 
[GF] Performing AT MOST 6000 iterations before randomly restarting ... 
[GF] Allowing for 7 restarts before complaint ... 
[GF] Approximate O(a) exponential expansion, and reunitarisation in Gauge Fixing.
[GF] Plaquette :: 0.592770076563328 
[GF] Accuracy :: 8.3380e-15
[GF] Iters :: 351
[GF] Link trace :: 0.856681025357008 || Maximum :: 0.997313620275440
[GF] Temporal constance || Lin 1.002719e-05 || Log 1.522556e+00 
[GF] Functional :: 0.137466188460774

[TIMER] elapsed :: 3.572561e+00 s 
[IO] Writing 4D_SU3_GAUGE binary data

[TIMER] elapsed :: 5.702972e-03 s 
[IO] Page size is :: 62.713287, Total malloc [More] 0.060547  [Less] 0.037110 
[IO] Using the faster/memory expensive code 

[TIMER] elapsed :: 3.636789e-02 s 
[IO] Configuration written to /home/jinchen/git/anl/IPG4Lattice/interp_gauge/../ensemble/S16T16_itpg/wilson_b6.itpg.eps0p5.12 
 
Time for config 12, epsilon 0.5: 0 hours 0 minutes 4 seconds
 
Processing configuration 13 at GF_EPSILON = 0.5
Start time for config 13, epsilon 0.5: Sun May 31 09:10:23 PM EDT 2026
[IO] Attempting to read a NERSC file 
[PAR] CONDOR_MODE selected .... 
[IO] reading file /home/jinchen/git/anl/IPG4Lattice/interp_gauge/../ensemble/S16T16/wilson_b6.13
[IO] Configuration number :: 1 
[INIT] GLU is Compiled for SU(3)

[DIMENSIONS] ( 16 x 16 x 16 x 16 )

[INIT] using 16 thread(s) 
[INIT] allocating su(2) subgroup indices
[IO] Read gauge field[IO] file offset 627
[IO] LOOP_VAR = 18
[IO] Reading gauge field (/home/jinchen/git/anl/IPG4Lattice/interp_gauge/../ensemble/S16T16/wilson_b6.13) took
[TIMER] elapsed :: 3.911090e-02 s 
[IO] Header     Trace :: 0.000563           || Plaq :: 0.593122 
[IO] Calculated Trace :: 0.000563240048329  || Plaq :: 0.593121916995068 

[GF] Using the Fourier accelerated non-linear conjugate gradient (FACG) routines
[GF] Interpolating gauge, accuracy of 1e-14 
[GF] Interpolating temporal epsilon :: 0.5 
[GF] Tuning parameter alpha :: 0.090000 
[GF] Performing AT MOST 6000 iterations before randomly restarting ... 
[GF] Allowing for 7 restarts before complaint ... 
[GF] Approximate O(a) exponential expansion, and reunitarisation in Gauge Fixing.
[GF] Plaquette :: 0.593121916995067 
[GF] Accuracy :: 8.3304e-15
[GF] Iters :: 345
[GF] Link trace :: 0.857299956174623 || Maximum :: 0.996595124174133
[GF] Temporal constance || Lin 2.274874e-05 || Log 1.496427e+00 
[GF] Functional :: 0.136789831792551

[TIMER] elapsed :: 3.894375e+00 s 
[IO] Writing 4D_SU3_GAUGE binary data

[TIMER] elapsed :: 5.697966e-03 s 
[IO] Page size is :: 62.713287, Total malloc [More] 0.060547  [Less] 0.037110 
[IO] Using the faster/memory expensive code 

[TIMER] elapsed :: 3.811693e-02 s 
[IO] Configuration written to /home/jinchen/git/anl/IPG4Lattice/interp_gauge/../ensemble/S16T16_itpg/wilson_b6.itpg.eps0p5.13 
 
Time for config 13, epsilon 0.5: 0 hours 0 minutes 4 seconds
 
Processing configuration 14 at GF_EPSILON = 0.5
Start time for config 14, epsilon 0.5: Sun May 31 09:10:27 PM EDT 2026
[IO] Attempting to read a NERSC file 
[PAR] CONDOR_MODE selected .... 
[IO] reading file /home/jinchen/git/anl/IPG4Lattice/interp_gauge/../ensemble/S16T16/wilson_b6.14
[IO] Configuration number :: 1 
[INIT] GLU is Compiled for SU(3)

[DIMENSIONS] ( 16 x 16 x 16 x 16 )

[INIT] using 16 thread(s) 
[INIT] allocating su(2) subgroup indices
[IO] Read gauge field[IO] file offset 628
[IO] LOOP_VAR = 18
[IO] Reading gauge field (/home/jinchen/git/anl/IPG4Lattice/interp_gauge/../ensemble/S16T16/wilson_b6.14) took
[TIMER] elapsed :: 4.183912e-02 s 
[IO] Header     Trace :: 0.000154           || Plaq :: 0.593187 
[IO] Calculated Trace :: 0.000153664637411  || Plaq :: 0.593187026863556 

[GF] Using the Fourier accelerated non-linear conjugate gradient (FACG) routines
[GF] Interpolating gauge, accuracy of 1e-14 
[GF] Interpolating temporal epsilon :: 0.5 
[GF] Tuning parameter alpha :: 0.090000 
[GF] Performing AT MOST 6000 iterations before randomly restarting ... 
[GF] Allowing for 7 restarts before complaint ... 
[GF] Approximate O(a) exponential expansion, and reunitarisation in Gauge Fixing.
[GF] Plaquette :: 0.593187026863555 
[GF] Accuracy :: 7.7691e-15
[GF] Iters :: 311
[GF] Link trace :: 0.856952455222876 || Maximum :: 0.998472385632616
[GF] Temporal constance || Lin 2.318907e-05 || Log 1.286070e+00 
[GF] Functional :: 0.137181027514715

[TIMER] elapsed :: 3.466430e+00 s 
[IO] Writing 4D_SU3_GAUGE binary data

[TIMER] elapsed :: 5.701065e-03 s 
[IO] Page size is :: 62.713287, Total malloc [More] 0.060547  [Less] 0.037110 
[IO] Using the faster/memory expensive code 

[TIMER] elapsed :: 3.817487e-02 s 
[IO] Configuration written to /home/jinchen/git/anl/IPG4Lattice/interp_gauge/../ensemble/S16T16_itpg/wilson_b6.itpg.eps0p5.14 
 
Time for config 14, epsilon 0.5: 0 hours 0 minutes 4 seconds
 
Processing configuration 15 at GF_EPSILON = 0.5
Start time for config 15, epsilon 0.5: Sun May 31 09:10:31 PM EDT 2026
[IO] Attempting to read a NERSC file 
[PAR] CONDOR_MODE selected .... 
[IO] reading file /home/jinchen/git/anl/IPG4Lattice/interp_gauge/../ensemble/S16T16/wilson_b6.15
[IO] Configuration number :: 1 
[INIT] GLU is Compiled for SU(3)

[DIMENSIONS] ( 16 x 16 x 16 x 16 )

[INIT] using 16 thread(s) 
[INIT] allocating su(2) subgroup indices
[IO] Read gauge field[IO] file offset 628
[IO] LOOP_VAR = 18
[IO] Reading gauge field (/home/jinchen/git/anl/IPG4Lattice/interp_gauge/../ensemble/S16T16/wilson_b6.15) took
[TIMER] elapsed :: 3.896499e-02 s 
[IO] Header     Trace :: 0.000336           || Plaq :: 0.593793 
[IO] Calculated Trace :: 0.000336033067570  || Plaq :: 0.593793179088433 

[GF] Using the Fourier accelerated non-linear conjugate gradient (FACG) routines
[GF] Interpolating gauge, accuracy of 1e-14 
[GF] Interpolating temporal epsilon :: 0.5 
[GF] Tuning parameter alpha :: 0.090000 
[GF] Performing AT MOST 6000 iterations before randomly restarting ... 
[GF] Allowing for 7 restarts before complaint ... 
[GF] Approximate O(a) exponential expansion, and reunitarisation in Gauge Fixing.
[GF] Plaquette :: 0.593793179088431 
[GF] Accuracy :: 8.9706e-15
[GF] Iters :: 231
[GF] Link trace :: 0.857095606632850 || Maximum :: 0.997109049562260
[GF] Temporal constance || Lin 2.008493e-05 || Log 1.142962e+00 
[GF] Functional :: 0.136766414454756

[TIMER] elapsed :: 2.533483e+00 s 
[IO] Writing 4D_SU3_GAUGE binary data

[TIMER] elapsed :: 5.839109e-03 s 
[IO] Page size is :: 62.713287, Total malloc [More] 0.060547  [Less] 0.037110 
[IO] Using the faster/memory expensive code 

[TIMER] elapsed :: 3.694582e-02 s 
[IO] Configuration written to /home/jinchen/git/anl/IPG4Lattice/interp_gauge/../ensemble/S16T16_itpg/wilson_b6.itpg.eps0p5.15 
 
Time for config 15, epsilon 0.5: 0 hours 0 minutes 2 seconds
 
Processing configuration 16 at GF_EPSILON = 0.5
Start time for config 16, epsilon 0.5: Sun May 31 09:10:33 PM EDT 2026
[IO] Attempting to read a NERSC file 
[PAR] CONDOR_MODE selected .... 
[IO] reading file /home/jinchen/git/anl/IPG4Lattice/interp_gauge/../ensemble/S16T16/wilson_b6.16
[IO] Configuration number :: 1 
[INIT] GLU is Compiled for SU(3)

[DIMENSIONS] ( 16 x 16 x 16 x 16 )

[INIT] using 16 thread(s) 
[INIT] allocating su(2) subgroup indices
[IO] Read gauge field[IO] file offset 629
[IO] LOOP_VAR = 18
[IO] Reading gauge field (/home/jinchen/git/anl/IPG4Lattice/interp_gauge/../ensemble/S16T16/wilson_b6.16) took
[TIMER] elapsed :: 3.941107e-02 s 
[IO] Header     Trace :: -0.000059           || Plaq :: 0.593916 
[IO] Calculated Trace :: -0.000058578013127  || Plaq :: 0.593915742864257 

[GF] Using the Fourier accelerated non-linear conjugate gradient (FACG) routines
[GF] Interpolating gauge, accuracy of 1e-14 
[GF] Interpolating temporal epsilon :: 0.5 
[GF] Tuning parameter alpha :: 0.090000 
[GF] Performing AT MOST 6000 iterations before randomly restarting ... 
[GF] Allowing for 7 restarts before complaint ... 
[GF] Approximate O(a) exponential expansion, and reunitarisation in Gauge Fixing.
[GF] Plaquette :: 0.593915742864256 
[GF] Accuracy :: 9.1507e-15
[GF] Iters :: 404
[GF] Link trace :: 0.857675896231871 || Maximum :: 0.995992662806138
[GF] Temporal constance || Lin 7.064234e-06 || Log 1.373143e+00 
[GF] Functional :: 0.136414433035160

[TIMER] elapsed :: 4.386700e+00 s 
[IO] Writing 4D_SU3_GAUGE binary data

[TIMER] elapsed :: 5.644798e-03 s 
[IO] Page size is :: 62.713287, Total malloc [More] 0.060547  [Less] 0.037110 
[IO] Using the faster/memory expensive code 

[TIMER] elapsed :: 3.631616e-02 s 
[IO] Configuration written to /home/jinchen/git/anl/IPG4Lattice/interp_gauge/../ensemble/S16T16_itpg/wilson_b6.itpg.eps0p5.16 
 
Time for config 16, epsilon 0.5: 0 hours 0 minutes 5 seconds
 
Processing configuration 17 at GF_EPSILON = 0.5
Start time for config 17, epsilon 0.5: Sun May 31 09:10:38 PM EDT 2026
[IO] Attempting to read a NERSC file 
[PAR] CONDOR_MODE selected .... 
[IO] reading file /home/jinchen/git/anl/IPG4Lattice/interp_gauge/../ensemble/S16T16/wilson_b6.17
[IO] Configuration number :: 1 
[INIT] GLU is Compiled for SU(3)

[DIMENSIONS] ( 16 x 16 x 16 x 16 )

[INIT] using 16 thread(s) 
[INIT] allocating su(2) subgroup indices
[IO] Read gauge field[IO] file offset 628
[IO] LOOP_VAR = 18
[IO] Reading gauge field (/home/jinchen/git/anl/IPG4Lattice/interp_gauge/../ensemble/S16T16/wilson_b6.17) took
[TIMER] elapsed :: 3.915787e-02 s 
[IO] Header     Trace :: 0.000415           || Plaq :: 0.594094 
[IO] Calculated Trace :: 0.000415141917171  || Plaq :: 0.594094393334066 

[GF] Using the Fourier accelerated non-linear conjugate gradient (FACG) routines
[GF] Interpolating gauge, accuracy of 1e-14 
[GF] Interpolating temporal epsilon :: 0.5 
[GF] Tuning parameter alpha :: 0.090000 
[GF] Performing AT MOST 6000 iterations before randomly restarting ... 
[GF] Allowing for 7 restarts before complaint ... 
[GF] Approximate O(a) exponential expansion, and reunitarisation in Gauge Fixing.
[IO] file offset 628
[IO] LOOP_VAR = 18
[PAR_RNG] MWC_4096
[PAR_RNG] Entropy read Seed 1216451991
[PAR_RNG] warmed up
[GF] Plaquette :: 0.594094393334062 
[GF] Accuracy :: 9.3396e-15
[GF] Iters :: 123457183
[GF] Link trace :: 0.857774611110582 || Maximum :: 0.996875206316978
[GF] Temporal constance || Lin 1.121805e-05 || Log 1.336676e+00 
[GF] Functional :: 0.136191140838376

[TIMER] elapsed :: 7.075242e+01 s 
[IO] Writing 4D_SU3_GAUGE binary data

[TIMER] elapsed :: 5.569935e-03 s 
[IO] Page size is :: 62.713287, Total malloc [More] 0.060547  [Less] 0.037110 
[IO] Using the faster/memory expensive code 

[TIMER] elapsed :: 3.727293e-02 s 
[IO] Configuration written to /home/jinchen/git/anl/IPG4Lattice/interp_gauge/../ensemble/S16T16_itpg/wilson_b6.itpg.eps0p5.17 
 
Time for config 17, epsilon 0.5: 0 hours 1 minutes 11 seconds
 
Processing configuration 18 at GF_EPSILON = 0.5
Start time for config 18, epsilon 0.5: Sun May 31 09:11:49 PM EDT 2026
[IO] Attempting to read a NERSC file 
[PAR] CONDOR_MODE selected .... 
[IO] reading file /home/jinchen/git/anl/IPG4Lattice/interp_gauge/../ensemble/S16T16/wilson_b6.18
[IO] Configuration number :: 1 
[INIT] GLU is Compiled for SU(3)

[DIMENSIONS] ( 16 x 16 x 16 x 16 )

[INIT] using 16 thread(s) 
[INIT] allocating su(2) subgroup indices
[IO] Read gauge field[IO] file offset 628
[IO] LOOP_VAR = 18
[IO] Reading gauge field (/home/jinchen/git/anl/IPG4Lattice/interp_gauge/../ensemble/S16T16/wilson_b6.18) took
[TIMER] elapsed :: 3.857994e-02 s 
[IO] Header     Trace :: 0.000461           || Plaq :: 0.593966 
[IO] Calculated Trace :: 0.000461158927699  || Plaq :: 0.593966119332622 

[GF] Using the Fourier accelerated non-linear conjugate gradient (FACG) routines
[GF] Interpolating gauge, accuracy of 1e-14 
[GF] Interpolating temporal epsilon :: 0.5 
[GF] Tuning parameter alpha :: 0.090000 
[GF] Performing AT MOST 6000 iterations before randomly restarting ... 
[GF] Allowing for 7 restarts before complaint ... 
[GF] Approximate O(a) exponential expansion, and reunitarisation in Gauge Fixing.
[GF] Plaquette :: 0.593966119332619 
[GF] Accuracy :: 8.1877e-15
[GF] Iters :: 499
[GF] Link trace :: 0.857389703443504 || Maximum :: 0.995910745374381
[GF] Temporal constance || Lin 1.522854e-05 || Log 1.146332e+00 
[GF] Functional :: 0.136671868808807

[TIMER] elapsed :: 5.517291e+00 s 
[IO] Writing 4D_SU3_GAUGE binary data

[TIMER] elapsed :: 7.354975e-03 s 
[IO] Page size is :: 62.713287, Total malloc [More] 0.060547  [Less] 0.037110 
[IO] Using the faster/memory expensive code 

[TIMER] elapsed :: 3.835392e-02 s 
[IO] Configuration written to /home/jinchen/git/anl/IPG4Lattice/interp_gauge/../ensemble/S16T16_itpg/wilson_b6.itpg.eps0p5.18 
 
Time for config 18, epsilon 0.5: 0 hours 0 minutes 5 seconds
 
Processing configuration 19 at GF_EPSILON = 0.5
Start time for config 19, epsilon 0.5: Sun May 31 09:11:54 PM EDT 2026
[IO] Attempting to read a NERSC file 
[PAR] CONDOR_MODE selected .... 
[IO] reading file /home/jinchen/git/anl/IPG4Lattice/interp_gauge/../ensemble/S16T16/wilson_b6.19
[IO] Configuration number :: 1 
[INIT] GLU is Compiled for SU(3)

[DIMENSIONS] ( 16 x 16 x 16 x 16 )

[INIT] using 16 thread(s) 
[INIT] allocating su(2) subgroup indices
[IO] Read gauge field[IO] file offset 628
[IO] LOOP_VAR = 18
[IO] Reading gauge field (/home/jinchen/git/anl/IPG4Lattice/interp_gauge/../ensemble/S16T16/wilson_b6.19) took
[TIMER] elapsed :: 3.844786e-02 s 
[IO] Header     Trace :: 0.000391           || Plaq :: 0.593388 
[IO] Calculated Trace :: 0.000391131672095  || Plaq :: 0.593388118495758 

[GF] Using the Fourier accelerated non-linear conjugate gradient (FACG) routines
[GF] Interpolating gauge, accuracy of 1e-14 
[GF] Interpolating temporal epsilon :: 0.5 
[GF] Tuning parameter alpha :: 0.090000 
[GF] Performing AT MOST 6000 iterations before randomly restarting ... 
[GF] Allowing for 7 restarts before complaint ... 
[GF] Approximate O(a) exponential expansion, and reunitarisation in Gauge Fixing.
[GF] Plaquette :: 0.593388118495757 
[GF] Accuracy :: 6.9612e-15
[GF] Iters :: 184
[GF] Link trace :: 0.857529798304387 || Maximum :: 0.996279049855509
[GF] Temporal constance || Lin 7.791316e-06 || Log 1.526367e+00 
[GF] Functional :: 0.136546893020607

[TIMER] elapsed :: 2.082578e+00 s 
[IO] Writing 4D_SU3_GAUGE binary data

[TIMER] elapsed :: 5.743980e-03 s 
[IO] Page size is :: 62.713287, Total malloc [More] 0.060547  [Less] 0.037110 
[IO] Using the faster/memory expensive code 

[TIMER] elapsed :: 3.781199e-02 s 
[IO] Configuration written to /home/jinchen/git/anl/IPG4Lattice/interp_gauge/../ensemble/S16T16_itpg/wilson_b6.itpg.eps0p5.19 
 
Time for config 19, epsilon 0.5: 0 hours 0 minutes 3 seconds
 
Processing configuration 20 at GF_EPSILON = 0.5
Start time for config 20, epsilon 0.5: Sun May 31 09:11:57 PM EDT 2026
[IO] Attempting to read a NERSC file 
[PAR] CONDOR_MODE selected .... 
[IO] reading file /home/jinchen/git/anl/IPG4Lattice/interp_gauge/../ensemble/S16T16/wilson_b6.20
[IO] Configuration number :: 1 
[INIT] GLU is Compiled for SU(3)

[DIMENSIONS] ( 16 x 16 x 16 x 16 )

[INIT] using 16 thread(s) 
[INIT] allocating su(2) subgroup indices
[IO] Read gauge field[IO] file offset 626
[IO] LOOP_VAR = 18
[IO] Reading gauge field (/home/jinchen/git/anl/IPG4Lattice/interp_gauge/../ensemble/S16T16/wilson_b6.20) took
[TIMER] elapsed :: 4.007792e-02 s 
[IO] Header     Trace :: 0.000449           || Plaq :: 0.593942 
[IO] Calculated Trace :: 0.000448920480264  || Plaq :: 0.593941509961677 

[GF] Using the Fourier accelerated non-linear conjugate gradient (FACG) routines
[GF] Interpolating gauge, accuracy of 1e-14 
[GF] Interpolating temporal epsilon :: 0.5 
[GF] Tuning parameter alpha :: 0.090000 
[GF] Performing AT MOST 6000 iterations before randomly restarting ... 
[GF] Allowing for 7 restarts before complaint ... 
[GF] Approximate O(a) exponential expansion, and reunitarisation in Gauge Fixing.
[GF] Plaquette :: 0.593941509961671 
[GF] Accuracy :: 8.7177e-15
[GF] Iters :: 827
[GF] Link trace :: 0.856935917194474 || Maximum :: 0.997589107704778
[GF] Temporal constance || Lin 3.696178e-05 || Log 1.195812e+00 
[GF] Functional :: 0.137151054142006

[TIMER] elapsed :: 9.004474e+00 s 
[IO] Writing 4D_SU3_GAUGE binary data

[TIMER] elapsed :: 5.704165e-03 s 
[IO] Page size is :: 62.713287, Total malloc [More] 0.060547  [Less] 0.037110 
[IO] Using the faster/memory expensive code 

[TIMER] elapsed :: 3.924108e-02 s 
[IO] Configuration written to /home/jinchen/git/anl/IPG4Lattice/interp_gauge/../ensemble/S16T16_itpg/wilson_b6.itpg.eps0p5.20 
 
Time for config 20, epsilon 0.5: 0 hours 0 minutes 9 seconds
 
Processing configuration 21 at GF_EPSILON = 0.5
Start time for config 21, epsilon 0.5: Sun May 31 09:12:06 PM EDT 2026
[IO] Attempting to read a NERSC file 
[PAR] CONDOR_MODE selected .... 
[IO] reading file /home/jinchen/git/anl/IPG4Lattice/interp_gauge/../ensemble/S16T16/wilson_b6.21
[IO] Configuration number :: 1 
[INIT] GLU is Compiled for SU(3)

[DIMENSIONS] ( 16 x 16 x 16 x 16 )

[INIT] using 16 thread(s) 
[INIT] allocating su(2) subgroup indices
[IO] Read gauge field[IO] file offset 628
[IO] LOOP_VAR = 18
[IO] Reading gauge field (/home/jinchen/git/anl/IPG4Lattice/interp_gauge/../ensemble/S16T16/wilson_b6.21) took
[TIMER] elapsed :: 3.992796e-02 s 
[IO] Header     Trace :: 0.000384           || Plaq :: 0.593582 
[IO] Calculated Trace :: 0.000383655035544  || Plaq :: 0.593582226778187 

[GF] Using the Fourier accelerated non-linear conjugate gradient (FACG) routines
[GF] Interpolating gauge, accuracy of 1e-14 
[GF] Interpolating temporal epsilon :: 0.5 
[GF] Tuning parameter alpha :: 0.090000 
[GF] Performing AT MOST 6000 iterations before randomly restarting ... 
[GF] Allowing for 7 restarts before complaint ... 
[GF] Approximate O(a) exponential expansion, and reunitarisation in Gauge Fixing.
[IO] file offset 628
[IO] LOOP_VAR = 18
[PAR_RNG] MWC_4096
[PAR_RNG] Entropy read Seed 2477635598
[PAR_RNG] warmed up
[GF] Plaquette :: 0.593582226778187 
[GF] Accuracy :: 8.7378e-15
[GF] Iters :: 123457106
[GF] Link trace :: 0.857299910006940 || Maximum :: 0.998496010304782
[GF] Temporal constance || Lin 2.783530e-05 || Log 1.850776e+00 
[GF] Functional :: 0.136750566233412

[TIMER] elapsed :: 7.020829e+01 s 
[IO] Writing 4D_SU3_GAUGE binary data

[TIMER] elapsed :: 5.612850e-03 s 
[IO] Page size is :: 62.713287, Total malloc [More] 0.060547  [Less] 0.037110 
[IO] Using the faster/memory expensive code 

[TIMER] elapsed :: 3.799009e-02 s 
[IO] Configuration written to /home/jinchen/git/anl/IPG4Lattice/interp_gauge/../ensemble/S16T16_itpg/wilson_b6.itpg.eps0p5.21 
 
Time for config 21, epsilon 0.5: 0 hours 1 minutes 10 seconds
 
Processing configuration 22 at GF_EPSILON = 0.5
Start time for config 22, epsilon 0.5: Sun May 31 09:13:16 PM EDT 2026
[IO] Attempting to read a NERSC file 
[PAR] CONDOR_MODE selected .... 
[IO] reading file /home/jinchen/git/anl/IPG4Lattice/interp_gauge/../ensemble/S16T16/wilson_b6.22
[IO] Configuration number :: 1 
[INIT] GLU is Compiled for SU(3)

[DIMENSIONS] ( 16 x 16 x 16 x 16 )

[INIT] using 16 thread(s) 
[INIT] allocating su(2) subgroup indices
[IO] Read gauge field[IO] file offset 626
[IO] LOOP_VAR = 18
[IO] Reading gauge field (/home/jinchen/git/anl/IPG4Lattice/interp_gauge/../ensemble/S16T16/wilson_b6.22) took
[TIMER] elapsed :: 3.238797e-02 s 
[IO] Header     Trace :: 0.000005           || Plaq :: 0.593564 
[IO] Calculated Trace :: 0.000004654203719  || Plaq :: 0.593564090041696 

[GF] Using the Fourier accelerated non-linear conjugate gradient (FACG) routines
[GF] Interpolating gauge, accuracy of 1e-14 
[GF] Interpolating temporal epsilon :: 0.5 
[GF] Tuning parameter alpha :: 0.090000 
[GF] Performing AT MOST 6000 iterations before randomly restarting ... 
[GF] Allowing for 7 restarts before complaint ... 
[GF] Approximate O(a) exponential expansion, and reunitarisation in Gauge Fixing.
[GF] Plaquette :: 0.593564090041695 
[GF] Accuracy :: 5.9441e-15
[GF] Iters :: 178
[GF] Link trace :: 0.857634593814334 || Maximum :: 0.997741353832171
[GF] Temporal constance || Lin 1.228625e-05 || Log 1.194981e+00 
[GF] Functional :: 0.136501943943607

[TIMER] elapsed :: 2.024653e+00 s 
[IO] Writing 4D_SU3_GAUGE binary data

[TIMER] elapsed :: 5.700827e-03 s 
[IO] Page size is :: 62.713287, Total malloc [More] 0.060547  [Less] 0.037110 
[IO] Using the faster/memory expensive code 

[TIMER] elapsed :: 3.861785e-02 s 
[IO] Configuration written to /home/jinchen/git/anl/IPG4Lattice/interp_gauge/../ensemble/S16T16_itpg/wilson_b6.itpg.eps0p5.22 
 
Time for config 22, epsilon 0.5: 0 hours 0 minutes 2 seconds
 
Processing configuration 23 at GF_EPSILON = 0.5
Start time for config 23, epsilon 0.5: Sun May 31 09:13:18 PM EDT 2026
[IO] Attempting to read a NERSC file 
[PAR] CONDOR_MODE selected .... 
[IO] reading file /home/jinchen/git/anl/IPG4Lattice/interp_gauge/../ensemble/S16T16/wilson_b6.23
[IO] Configuration number :: 1 
[INIT] GLU is Compiled for SU(3)

[DIMENSIONS] ( 16 x 16 x 16 x 16 )

[INIT] using 16 thread(s) 
[INIT] allocating su(2) subgroup indices
[IO] Read gauge field[IO] file offset 629
[IO] LOOP_VAR = 18
[IO] Reading gauge field (/home/jinchen/git/anl/IPG4Lattice/interp_gauge/../ensemble/S16T16/wilson_b6.23) took
[TIMER] elapsed :: 3.876495e-02 s 
[IO] Header     Trace :: -0.000546           || Plaq :: 0.592823 
[IO] Calculated Trace :: -0.000546026009163  || Plaq :: 0.592822583876793 

[GF] Using the Fourier accelerated non-linear conjugate gradient (FACG) routines
[GF] Interpolating gauge, accuracy of 1e-14 
[GF] Interpolating temporal epsilon :: 0.5 
[GF] Tuning parameter alpha :: 0.090000 
[GF] Performing AT MOST 6000 iterations before randomly restarting ... 
[GF] Allowing for 7 restarts before complaint ... 
[GF] Approximate O(a) exponential expansion, and reunitarisation in Gauge Fixing.
[GF] Plaquette :: 0.592822583876792 
[GF] Accuracy :: 9.2579e-15
[GF] Iters :: 393
[GF] Link trace :: 0.856685440325259 || Maximum :: 0.995595217572048
[GF] Temporal constance || Lin 1.570787e-05 || Log 1.456774e+00 
[GF] Functional :: 0.137235555306153

[TIMER] elapsed :: 4.427489e+00 s 
[IO] Writing 4D_SU3_GAUGE binary data

[TIMER] elapsed :: 5.743027e-03 s 
[IO] Page size is :: 62.713287, Total malloc [More] 0.060547  [Less] 0.037110 
[IO] Using the faster/memory expensive code 

[TIMER] elapsed :: 3.788280e-02 s 
[IO] Configuration written to /home/jinchen/git/anl/IPG4Lattice/interp_gauge/../ensemble/S16T16_itpg/wilson_b6.itpg.eps0p5.23 
 
Time for config 23, epsilon 0.5: 0 hours 0 minutes 5 seconds
 
Processing configuration 24 at GF_EPSILON = 0.5
Start time for config 24, epsilon 0.5: Sun May 31 09:13:23 PM EDT 2026
[IO] Attempting to read a NERSC file 
[PAR] CONDOR_MODE selected .... 
[IO] reading file /home/jinchen/git/anl/IPG4Lattice/interp_gauge/../ensemble/S16T16/wilson_b6.24
[IO] Configuration number :: 1 
[INIT] GLU is Compiled for SU(3)

[DIMENSIONS] ( 16 x 16 x 16 x 16 )

[INIT] using 16 thread(s) 
[INIT] allocating su(2) subgroup indices
[IO] Read gauge field[IO] file offset 629
[IO] LOOP_VAR = 18
[IO] Reading gauge field (/home/jinchen/git/anl/IPG4Lattice/interp_gauge/../ensemble/S16T16/wilson_b6.24) took
[TIMER] elapsed :: 4.049182e-02 s 
[IO] Header     Trace :: -0.000619           || Plaq :: 0.593879 
[IO] Calculated Trace :: -0.000619472838589  || Plaq :: 0.593879209581096 

[GF] Using the Fourier accelerated non-linear conjugate gradient (FACG) routines
[GF] Interpolating gauge, accuracy of 1e-14 
[GF] Interpolating temporal epsilon :: 0.5 
[GF] Tuning parameter alpha :: 0.090000 
[GF] Performing AT MOST 6000 iterations before randomly restarting ... 
[GF] Allowing for 7 restarts before complaint ... 
[GF] Approximate O(a) exponential expansion, and reunitarisation in Gauge Fixing.
[IO] file offset 629
[IO] LOOP_VAR = 18
[PAR_RNG] MWC_4096
[PAR_RNG] Entropy read Seed 2455024196
[PAR_RNG] warmed up
[GF] Plaquette :: 0.593879209581094 
[GF] Accuracy :: 8.1435e-15
[GF] Iters :: 123457260
[GF] Link trace :: 0.857501718757103 || Maximum :: 0.998712863674739
[GF] Temporal constance || Lin 5.896507e-06 || Log 1.091910e+00 
[GF] Functional :: 0.136572970873369

[TIMER] elapsed :: 7.282671e+01 s 
[IO] Writing 4D_SU3_GAUGE binary data

[TIMER] elapsed :: 5.654097e-03 s 
[IO] Page size is :: 62.713287, Total malloc [More] 0.060547  [Less] 0.037110 
[IO] Using the faster/memory expensive code 

[TIMER] elapsed :: 3.805804e-02 s 
[IO] Configuration written to /home/jinchen/git/anl/IPG4Lattice/interp_gauge/../ensemble/S16T16_itpg/wilson_b6.itpg.eps0p5.24 
 
Time for config 24, epsilon 0.5: 0 hours 1 minutes 13 seconds
 
Processing configuration 25 at GF_EPSILON = 0.5
Start time for config 25, epsilon 0.5: Sun May 31 09:14:36 PM EDT 2026
[IO] Attempting to read a NERSC file 
[PAR] CONDOR_MODE selected .... 
[IO] reading file /home/jinchen/git/anl/IPG4Lattice/interp_gauge/../ensemble/S16T16/wilson_b6.25
[IO] Configuration number :: 1 
[INIT] GLU is Compiled for SU(3)

[DIMENSIONS] ( 16 x 16 x 16 x 16 )

[INIT] using 16 thread(s) 
[INIT] allocating su(2) subgroup indices
[IO] Read gauge field[IO] file offset 629
[IO] LOOP_VAR = 18
[IO] Reading gauge field (/home/jinchen/git/anl/IPG4Lattice/interp_gauge/../ensemble/S16T16/wilson_b6.25) took
[TIMER] elapsed :: 3.888702e-02 s 
[IO] Header     Trace :: -0.000247           || Plaq :: 0.593455 
[IO] Calculated Trace :: -0.000247462499682  || Plaq :: 0.593454938518504 

[GF] Using the Fourier accelerated non-linear conjugate gradient (FACG) routines
[GF] Interpolating gauge, accuracy of 1e-14 
[GF] Interpolating temporal epsilon :: 0.5 
[GF] Tuning parameter alpha :: 0.090000 
[GF] Performing AT MOST 6000 iterations before randomly restarting ... 
[GF] Allowing for 7 restarts before complaint ... 
[GF] Approximate O(a) exponential expansion, and reunitarisation in Gauge Fixing.
[GF] Plaquette :: 0.593454938518498 
[GF] Accuracy :: 9.7120e-15
[GF] Iters :: 1104
[GF] Link trace :: 0.856341953074698 || Maximum :: 0.997554402426286
[GF] Temporal constance || Lin 2.970156e-05 || Log 1.294161e+00 
[GF] Functional :: 0.137628350065922

[TIMER] elapsed :: 1.225742e+01 s 
[IO] Writing 4D_SU3_GAUGE binary data

[TIMER] elapsed :: 7.814884e-03 s 
[IO] Page size is :: 62.713287, Total malloc [More] 0.060547  [Less] 0.037110 
[IO] Using the faster/memory expensive code 

[TIMER] elapsed :: 4.597783e-02 s 
[IO] Configuration written to /home/jinchen/git/anl/IPG4Lattice/interp_gauge/../ensemble/S16T16_itpg/wilson_b6.itpg.eps0p5.25 
 
Time for config 25, epsilon 0.5: 0 hours 0 minutes 12 seconds
 
Processing configuration 26 at GF_EPSILON = 0.5
Start time for config 26, epsilon 0.5: Sun May 31 09:14:48 PM EDT 2026
[IO] Attempting to read a NERSC file 
[PAR] CONDOR_MODE selected .... 
[IO] reading file /home/jinchen/git/anl/IPG4Lattice/interp_gauge/../ensemble/S16T16/wilson_b6.26
[IO] Configuration number :: 1 
[INIT] GLU is Compiled for SU(3)

[DIMENSIONS] ( 16 x 16 x 16 x 16 )

[INIT] using 16 thread(s) 
[INIT] allocating su(2) subgroup indices
[IO] Read gauge field[IO] file offset 628
[IO] LOOP_VAR = 18
[IO] Reading gauge field (/home/jinchen/git/anl/IPG4Lattice/interp_gauge/../ensemble/S16T16/wilson_b6.26) took
[TIMER] elapsed :: 4.326987e-02 s 
[IO] Header     Trace :: 0.000021           || Plaq :: 0.594287 
[IO] Calculated Trace :: 0.000020601789758  || Plaq :: 0.594287427340294 

[GF] Using the Fourier accelerated non-linear conjugate gradient (FACG) routines
[GF] Interpolating gauge, accuracy of 1e-14 
[GF] Interpolating temporal epsilon :: 0.5 
[GF] Tuning parameter alpha :: 0.090000 
[GF] Performing AT MOST 6000 iterations before randomly restarting ... 
[GF] Allowing for 7 restarts before complaint ... 
[GF] Approximate O(a) exponential expansion, and reunitarisation in Gauge Fixing.
[GF] Plaquette :: 0.594287427340291 
[GF] Accuracy :: 8.6000e-15
[GF] Iters :: 430
[GF] Link trace :: 0.857115761002768 || Maximum :: 0.998105213341128
[GF] Temporal constance || Lin 1.854479e-05 || Log 1.462325e+00 
[GF] Functional :: 0.136836518143664

[TIMER] elapsed :: 4.808979e+00 s 
[IO] Writing 4D_SU3_GAUGE binary data

[TIMER] elapsed :: 5.713940e-03 s 
[IO] Page size is :: 62.713287, Total malloc [More] 0.060547  [Less] 0.037110 
[IO] Using the faster/memory expensive code 

[TIMER] elapsed :: 3.750014e-02 s 
[IO] Configuration written to /home/jinchen/git/anl/IPG4Lattice/interp_gauge/../ensemble/S16T16_itpg/wilson_b6.itpg.eps0p5.26 
 
Time for config 26, epsilon 0.5: 0 hours 0 minutes 5 seconds
 
Processing configuration 27 at GF_EPSILON = 0.5
Start time for config 27, epsilon 0.5: Sun May 31 09:14:53 PM EDT 2026
[IO] Attempting to read a NERSC file 
[PAR] CONDOR_MODE selected .... 
[IO] reading file /home/jinchen/git/anl/IPG4Lattice/interp_gauge/../ensemble/S16T16/wilson_b6.27
[IO] Configuration number :: 1 
[INIT] GLU is Compiled for SU(3)

[DIMENSIONS] ( 16 x 16 x 16 x 16 )

[INIT] using 16 thread(s) 
[INIT] allocating su(2) subgroup indices
[IO] Read gauge field[IO] file offset 628
[IO] LOOP_VAR = 18
[IO] Reading gauge field (/home/jinchen/git/anl/IPG4Lattice/interp_gauge/../ensemble/S16T16/wilson_b6.27) took
[TIMER] elapsed :: 3.948402e-02 s 
[IO] Header     Trace :: 0.000169           || Plaq :: 0.593710 
[IO] Calculated Trace :: 0.000169296854289  || Plaq :: 0.593710037128226 

[GF] Using the Fourier accelerated non-linear conjugate gradient (FACG) routines
[GF] Interpolating gauge, accuracy of 1e-14 
[GF] Interpolating temporal epsilon :: 0.5 
[GF] Tuning parameter alpha :: 0.090000 
[GF] Performing AT MOST 6000 iterations before randomly restarting ... 
[GF] Allowing for 7 restarts before complaint ... 
[GF] Approximate O(a) exponential expansion, and reunitarisation in Gauge Fixing.
[IO] file offset 628
[IO] LOOP_VAR = 18
[PAR_RNG] MWC_4096
[PAR_RNG] Entropy read Seed 1402820348
[PAR_RNG] warmed up
[GF] Plaquette :: 0.593710037128225 
[GF] Accuracy :: 9.4963e-15
[GF] Iters :: 123456993
[GF] Link trace :: 0.858188402721286 || Maximum :: 0.996862136482039
[GF] Temporal constance || Lin 2.123943e-05 || Log 1.466285e+00 
[GF] Functional :: 0.136067846344993

[TIMER] elapsed :: 6.889260e+01 s 
[IO] Writing 4D_SU3_GAUGE binary data

[TIMER] elapsed :: 5.682945e-03 s 
[IO] Page size is :: 62.713287, Total malloc [More] 0.060547  [Less] 0.037110 
[IO] Using the faster/memory expensive code 

[TIMER] elapsed :: 3.810406e-02 s 
[IO] Configuration written to /home/jinchen/git/anl/IPG4Lattice/interp_gauge/../ensemble/S16T16_itpg/wilson_b6.itpg.eps0p5.27 
 
Time for config 27, epsilon 0.5: 0 hours 1 minutes 9 seconds
 
Processing configuration 28 at GF_EPSILON = 0.5
Start time for config 28, epsilon 0.5: Sun May 31 09:16:02 PM EDT 2026
[IO] Attempting to read a NERSC file 
[PAR] CONDOR_MODE selected .... 
[IO] reading file /home/jinchen/git/anl/IPG4Lattice/interp_gauge/../ensemble/S16T16/wilson_b6.28
[IO] Configuration number :: 1 
[INIT] GLU is Compiled for SU(3)

[DIMENSIONS] ( 16 x 16 x 16 x 16 )

[INIT] using 16 thread(s) 
[INIT] allocating su(2) subgroup indices
[IO] Read gauge field[IO] file offset 628
[IO] LOOP_VAR = 18
[IO] Reading gauge field (/home/jinchen/git/anl/IPG4Lattice/interp_gauge/../ensemble/S16T16/wilson_b6.28) took
[TIMER] elapsed :: 3.885913e-02 s 
[IO] Header     Trace :: -0.000042           || Plaq :: 0.593218 
[IO] Calculated Trace :: -0.000042409115731  || Plaq :: 0.593218314985147 

[GF] Using the Fourier accelerated non-linear conjugate gradient (FACG) routines
[GF] Interpolating gauge, accuracy of 1e-14 
[GF] Interpolating temporal epsilon :: 0.5 
[GF] Tuning parameter alpha :: 0.090000 
[GF] Performing AT MOST 6000 iterations before randomly restarting ... 
[GF] Allowing for 7 restarts before complaint ... 
[GF] Approximate O(a) exponential expansion, and reunitarisation in Gauge Fixing.
[GF] Plaquette :: 0.593218314985146 
[GF] Accuracy :: 9.5656e-15
[GF] Iters :: 208
[GF] Link trace :: 0.859099104445605 || Maximum :: 0.997190372718220
[GF] Temporal constance || Lin 4.638953e-05 || Log 1.273265e+00 
[GF] Functional :: 0.135057967801534

[TIMER] elapsed :: 2.292949e+00 s 
[IO] Writing 4D_SU3_GAUGE binary data

[TIMER] elapsed :: 5.609035e-03 s 
[IO] Page size is :: 62.713287, Total malloc [More] 0.060547  [Less] 0.037110 
[IO] Using the faster/memory expensive code 

[TIMER] elapsed :: 3.830791e-02 s 
[IO] Configuration written to /home/jinchen/git/anl/IPG4Lattice/interp_gauge/../ensemble/S16T16_itpg/wilson_b6.itpg.eps0p5.28 
 
Time for config 28, epsilon 0.5: 0 hours 0 minutes 3 seconds
 
Processing configuration 29 at GF_EPSILON = 0.5
Start time for config 29, epsilon 0.5: Sun May 31 09:16:05 PM EDT 2026
[IO] Attempting to read a NERSC file 
[PAR] CONDOR_MODE selected .... 
[IO] reading file /home/jinchen/git/anl/IPG4Lattice/interp_gauge/../ensemble/S16T16/wilson_b6.29
[IO] Configuration number :: 1 
[INIT] GLU is Compiled for SU(3)

[DIMENSIONS] ( 16 x 16 x 16 x 16 )

[INIT] using 16 thread(s) 
[INIT] allocating su(2) subgroup indices
[IO] Read gauge field[IO] file offset 629
[IO] LOOP_VAR = 18
[IO] Reading gauge field (/home/jinchen/git/anl/IPG4Lattice/interp_gauge/../ensemble/S16T16/wilson_b6.29) took
[TIMER] elapsed :: 3.852487e-02 s 
[IO] Header     Trace :: -0.000679           || Plaq :: 0.593431 
[IO] Calculated Trace :: -0.000678620913100  || Plaq :: 0.593431423654438 

[GF] Using the Fourier accelerated non-linear conjugate gradient (FACG) routines
[GF] Interpolating gauge, accuracy of 1e-14 
[GF] Interpolating temporal epsilon :: 0.5 
[GF] Tuning parameter alpha :: 0.090000 
[GF] Performing AT MOST 6000 iterations before randomly restarting ... 
[GF] Allowing for 7 restarts before complaint ... 
[GF] Approximate O(a) exponential expansion, and reunitarisation in Gauge Fixing.
[GF] Plaquette :: 0.593431423654436 
[GF] Accuracy :: 9.8378e-15
[GF] Iters :: 371
[GF] Link trace :: 0.858496032814832 || Maximum :: 0.997311324969017
[GF] Temporal constance || Lin 7.727309e-06 || Log 1.384698e+00 
[GF] Functional :: 0.135636226874369

[TIMER] elapsed :: 4.257593e+00 s 
[IO] Writing 4D_SU3_GAUGE binary data

[TIMER] elapsed :: 5.679846e-03 s 
[IO] Page size is :: 62.713287, Total malloc [More] 0.060547  [Less] 0.037110 
[IO] Using the faster/memory expensive code 

[TIMER] elapsed :: 3.858399e-02 s 
[IO] Configuration written to /home/jinchen/git/anl/IPG4Lattice/interp_gauge/../ensemble/S16T16_itpg/wilson_b6.itpg.eps0p5.29 
 
Time for config 29, epsilon 0.5: 0 hours 0 minutes 4 seconds
 
Processing configuration 30 at GF_EPSILON = 0.5
Start time for config 30, epsilon 0.5: Sun May 31 09:16:09 PM EDT 2026
[IO] Attempting to read a NERSC file 
[PAR] CONDOR_MODE selected .... 
[IO] reading file /home/jinchen/git/anl/IPG4Lattice/interp_gauge/../ensemble/S16T16/wilson_b6.30
[IO] Configuration number :: 1 
[INIT] GLU is Compiled for SU(3)

[DIMENSIONS] ( 16 x 16 x 16 x 16 )

[INIT] using 16 thread(s) 
[INIT] allocating su(2) subgroup indices
[IO] Read gauge field[IO] file offset 628
[IO] LOOP_VAR = 18
[IO] Reading gauge field (/home/jinchen/git/anl/IPG4Lattice/interp_gauge/../ensemble/S16T16/wilson_b6.30) took
[TIMER] elapsed :: 3.866601e-02 s 
[IO] Header     Trace :: 0.000136           || Plaq :: 0.594504 
[IO] Calculated Trace :: 0.000135910870245  || Plaq :: 0.594504172286412 

[GF] Using the Fourier accelerated non-linear conjugate gradient (FACG) routines
[GF] Interpolating gauge, accuracy of 1e-14 
[GF] Interpolating temporal epsilon :: 0.5 
[GF] Tuning parameter alpha :: 0.090000 
[GF] Performing AT MOST 6000 iterations before randomly restarting ... 
[GF] Allowing for 7 restarts before complaint ... 
[GF] Approximate O(a) exponential expansion, and reunitarisation in Gauge Fixing.
[GF] Plaquette :: 0.594504172286411 
[GF] Accuracy :: 8.7174e-15
[GF] Iters :: 405
[GF] Link trace :: 0.859002385491783 || Maximum :: 0.997890117091074
[GF] Temporal constance || Lin 6.489167e-06 || Log 9.677786e-01 
[GF] Functional :: 0.135116133296299

[TIMER] elapsed :: 4.408697e+00 s 
[IO] Writing 4D_SU3_GAUGE binary data

[TIMER] elapsed :: 1.079893e-02 s 
[IO] Page size is :: 62.713287, Total malloc [More] 0.060547  [Less] 0.037110 
[IO] Using the faster/memory expensive code 

[TIMER] elapsed :: 4.287100e-02 s 
[IO] Configuration written to /home/jinchen/git/anl/IPG4Lattice/interp_gauge/../ensemble/S16T16_itpg/wilson_b6.itpg.eps0p5.30 
 
Time for config 30, epsilon 0.5: 0 hours 0 minutes 5 seconds
 
Processing configuration 31 at GF_EPSILON = 0.5
Start time for config 31, epsilon 0.5: Sun May 31 09:16:14 PM EDT 2026
[IO] Attempting to read a NERSC file 
[PAR] CONDOR_MODE selected .... 
[IO] reading file /home/jinchen/git/anl/IPG4Lattice/interp_gauge/../ensemble/S16T16/wilson_b6.31
[IO] Configuration number :: 1 
[INIT] GLU is Compiled for SU(3)

[DIMENSIONS] ( 16 x 16 x 16 x 16 )

[INIT] using 16 thread(s) 
[INIT] allocating su(2) subgroup indices
[IO] Read gauge field[IO] file offset 629
[IO] LOOP_VAR = 18
[IO] Reading gauge field (/home/jinchen/git/anl/IPG4Lattice/interp_gauge/../ensemble/S16T16/wilson_b6.31) took
[TIMER] elapsed :: 4.682708e-02 s 
[IO] Header     Trace :: -0.000768           || Plaq :: 0.593750 
[IO] Calculated Trace :: -0.000768075073610  || Plaq :: 0.593750157612507 

[GF] Using the Fourier accelerated non-linear conjugate gradient (FACG) routines
[GF] Interpolating gauge, accuracy of 1e-14 
[GF] Interpolating temporal epsilon :: 0.5 
[GF] Tuning parameter alpha :: 0.090000 
[GF] Performing AT MOST 6000 iterations before randomly restarting ... 
[GF] Allowing for 7 restarts before complaint ... 
[GF] Approximate O(a) exponential expansion, and reunitarisation in Gauge Fixing.
[GF] Plaquette :: 0.593750157612502 
[GF] Accuracy :: 7.1696e-15
[GF] Iters :: 695
[GF] Link trace :: 0.857684507401027 || Maximum :: 0.997435601214019
[GF] Temporal constance || Lin 7.163688e-06 || Log 1.789107e+00 
[GF] Functional :: 0.136554595989691

[TIMER] elapsed :: 7.588436e+00 s 
[IO] Writing 4D_SU3_GAUGE binary data

[TIMER] elapsed :: 5.755186e-03 s 
[IO] Page size is :: 62.713287, Total malloc [More] 0.060547  [Less] 0.037110 
[IO] Using the faster/memory expensive code 

[TIMER] elapsed :: 3.805208e-02 s 
[IO] Configuration written to /home/jinchen/git/anl/IPG4Lattice/interp_gauge/../ensemble/S16T16_itpg/wilson_b6.itpg.eps0p5.31 
 
Time for config 31, epsilon 0.5: 0 hours 0 minutes 7 seconds
 
Processing configuration 32 at GF_EPSILON = 0.5
Start time for config 32, epsilon 0.5: Sun May 31 09:16:21 PM EDT 2026
[IO] Attempting to read a NERSC file 
[PAR] CONDOR_MODE selected .... 
[IO] reading file /home/jinchen/git/anl/IPG4Lattice/interp_gauge/../ensemble/S16T16/wilson_b6.32
[IO] Configuration number :: 1 
[INIT] GLU is Compiled for SU(3)

[DIMENSIONS] ( 16 x 16 x 16 x 16 )

[INIT] using 16 thread(s) 
[INIT] allocating su(2) subgroup indices
[IO] Read gauge field[IO] file offset 628
[IO] LOOP_VAR = 18
[IO] Reading gauge field (/home/jinchen/git/anl/IPG4Lattice/interp_gauge/../ensemble/S16T16/wilson_b6.32) took
[TIMER] elapsed :: 4.349399e-02 s 
[IO] Header     Trace :: 0.000778           || Plaq :: 0.594221 
[IO] Calculated Trace :: 0.000777863748686  || Plaq :: 0.594221106612361 

[GF] Using the Fourier accelerated non-linear conjugate gradient (FACG) routines
[GF] Interpolating gauge, accuracy of 1e-14 
[GF] Interpolating temporal epsilon :: 0.5 
[GF] Tuning parameter alpha :: 0.090000 
[GF] Performing AT MOST 6000 iterations before randomly restarting ... 
[GF] Allowing for 7 restarts before complaint ... 
[GF] Approximate O(a) exponential expansion, and reunitarisation in Gauge Fixing.
[GF] Plaquette :: 0.594221106612360 
[GF] Accuracy :: 7.3485e-15
[GF] Iters :: 261
[GF] Link trace :: 0.857913059064646 || Maximum :: 0.997140211230891
[GF] Temporal constance || Lin 3.984404e-05 || Log 1.439120e+00 
[GF] Functional :: 0.136208323559836

[TIMER] elapsed :: 2.990831e+00 s 
[IO] Writing 4D_SU3_GAUGE binary data

[TIMER] elapsed :: 5.711079e-03 s 
[IO] Page size is :: 62.713287, Total malloc [More] 0.060547  [Less] 0.037110 
[IO] Using the faster/memory expensive code 

[TIMER] elapsed :: 3.751612e-02 s 
[IO] Configuration written to /home/jinchen/git/anl/IPG4Lattice/interp_gauge/../ensemble/S16T16_itpg/wilson_b6.itpg.eps0p5.32 
 
Time for config 32, epsilon 0.5: 0 hours 0 minutes 3 seconds
 
Processing configuration 33 at GF_EPSILON = 0.5
Start time for config 33, epsilon 0.5: Sun May 31 09:16:24 PM EDT 2026
[IO] Attempting to read a NERSC file 
[PAR] CONDOR_MODE selected .... 
[IO] reading file /home/jinchen/git/anl/IPG4Lattice/interp_gauge/../ensemble/S16T16/wilson_b6.33
[IO] Configuration number :: 1 
[INIT] GLU is Compiled for SU(3)

[DIMENSIONS] ( 16 x 16 x 16 x 16 )

[INIT] using 16 thread(s) 
[INIT] allocating su(2) subgroup indices
[IO] Read gauge field[IO] file offset 628
[IO] LOOP_VAR = 18
[IO] Reading gauge field (/home/jinchen/git/anl/IPG4Lattice/interp_gauge/../ensemble/S16T16/wilson_b6.33) took
[TIMER] elapsed :: 3.887391e-02 s 
[IO] Header     Trace :: 0.000812           || Plaq :: 0.593971 
[IO] Calculated Trace :: 0.000811930349594  || Plaq :: 0.593970953336855 

[GF] Using the Fourier accelerated non-linear conjugate gradient (FACG) routines
[GF] Interpolating gauge, accuracy of 1e-14 
[GF] Interpolating temporal epsilon :: 0.5 
[GF] Tuning parameter alpha :: 0.090000 
[GF] Performing AT MOST 6000 iterations before randomly restarting ... 
[GF] Allowing for 7 restarts before complaint ... 
[GF] Approximate O(a) exponential expansion, and reunitarisation in Gauge Fixing.
[IO] file offset 628
[IO] LOOP_VAR = 18
[PAR_RNG] MWC_4096
[PAR_RNG] Entropy read Seed 963063900
[PAR_RNG] warmed up
[GF] Plaquette :: 0.593970953336853 
[GF] Accuracy :: 7.6241e-15
[GF] Iters :: 123457193
[GF] Link trace :: 0.856908536506590 || Maximum :: 0.998335724333522
[GF] Temporal constance || Lin 4.606512e-05 || Log 1.237618e+00 
[GF] Functional :: 0.136848799542306

[TIMER] elapsed :: 6.981965e+01 s 
[IO] Writing 4D_SU3_GAUGE binary data

[TIMER] elapsed :: 5.730152e-03 s 
[IO] Page size is :: 62.713287, Total malloc [More] 0.060547  [Less] 0.037110 
[IO] Using the faster/memory expensive code 

[TIMER] elapsed :: 3.724909e-02 s 
[IO] Configuration written to /home/jinchen/git/anl/IPG4Lattice/interp_gauge/../ensemble/S16T16_itpg/wilson_b6.itpg.eps0p5.33 
 
Time for config 33, epsilon 0.5: 0 hours 1 minutes 10 seconds
 
Processing configuration 34 at GF_EPSILON = 0.5
Start time for config 34, epsilon 0.5: Sun May 31 09:17:34 PM EDT 2026
[IO] Attempting to read a NERSC file 
[PAR] CONDOR_MODE selected .... 
[IO] reading file /home/jinchen/git/anl/IPG4Lattice/interp_gauge/../ensemble/S16T16/wilson_b6.34
[IO] Configuration number :: 1 
[INIT] GLU is Compiled for SU(3)

[DIMENSIONS] ( 16 x 16 x 16 x 16 )

[INIT] using 16 thread(s) 
[INIT] allocating su(2) subgroup indices
[IO] Read gauge field[IO] file offset 628
[IO] LOOP_VAR = 18
[IO] Reading gauge field (/home/jinchen/git/anl/IPG4Lattice/interp_gauge/../ensemble/S16T16/wilson_b6.34) took
[TIMER] elapsed :: 3.906202e-02 s 
[IO] Header     Trace :: 0.000015           || Plaq :: 0.593045 
[IO] Calculated Trace :: 0.000015129044838  || Plaq :: 0.593044920860260 

[GF] Using the Fourier accelerated non-linear conjugate gradient (FACG) routines
[GF] Interpolating gauge, accuracy of 1e-14 
[GF] Interpolating temporal epsilon :: 0.5 
[GF] Tuning parameter alpha :: 0.090000 
[GF] Performing AT MOST 6000 iterations before randomly restarting ... 
[GF] Allowing for 7 restarts before complaint ... 
[GF] Approximate O(a) exponential expansion, and reunitarisation in Gauge Fixing.
[GF] Plaquette :: 0.593044920860260 
[GF] Accuracy :: 8.5774e-15
[GF] Iters :: 173
[GF] Link trace :: 0.856416248295548 || Maximum :: 0.996484007189596
[GF] Temporal constance || Lin 1.403496e-05 || Log 1.320321e+00 
[GF] Functional :: 0.137592697299092

[TIMER] elapsed :: 1.976138e+00 s 
[IO] Writing 4D_SU3_GAUGE binary data

[TIMER] elapsed :: 5.744934e-03 s 
[IO] Page size is :: 62.713287, Total malloc [More] 0.060547  [Less] 0.037110 
[IO] Using the faster/memory expensive code 

[TIMER] elapsed :: 4.436684e-02 s 
[IO] Configuration written to /home/jinchen/git/anl/IPG4Lattice/interp_gauge/../ensemble/S16T16_itpg/wilson_b6.itpg.eps0p5.34 
 
Time for config 34, epsilon 0.5: 0 hours 0 minutes 3 seconds
 
Processing configuration 35 at GF_EPSILON = 0.5
Start time for config 35, epsilon 0.5: Sun May 31 09:17:37 PM EDT 2026
[IO] Attempting to read a NERSC file 
[PAR] CONDOR_MODE selected .... 
[IO] reading file /home/jinchen/git/anl/IPG4Lattice/interp_gauge/../ensemble/S16T16/wilson_b6.35
[IO] Configuration number :: 1 
[INIT] GLU is Compiled for SU(3)

[DIMENSIONS] ( 16 x 16 x 16 x 16 )

[INIT] using 16 thread(s) 
[INIT] allocating su(2) subgroup indices
[IO] Read gauge field[IO] file offset 629
[IO] LOOP_VAR = 18
[IO] Reading gauge field (/home/jinchen/git/anl/IPG4Lattice/interp_gauge/../ensemble/S16T16/wilson_b6.35) took
[TIMER] elapsed :: 3.189182e-02 s 
[IO] Header     Trace :: -0.000380           || Plaq :: 0.592635 
[IO] Calculated Trace :: -0.000380059658616  || Plaq :: 0.592634562252212 

[GF] Using the Fourier accelerated non-linear conjugate gradient (FACG) routines
[GF] Interpolating gauge, accuracy of 1e-14 
[GF] Interpolating temporal epsilon :: 0.5 
[GF] Tuning parameter alpha :: 0.090000 
[GF] Performing AT MOST 6000 iterations before randomly restarting ... 
[GF] Allowing for 7 restarts before complaint ... 
[GF] Approximate O(a) exponential expansion, and reunitarisation in Gauge Fixing.
[GF] Plaquette :: 0.592634562252210 
[GF] Accuracy :: 8.6517e-15
[GF] Iters :: 589
[GF] Link trace :: 0.856501242184853 || Maximum :: 0.996826596046535
[GF] Temporal constance || Lin 3.502939e-06 || Log 1.190873e+00 
[GF] Functional :: 0.137306243695905

[TIMER] elapsed :: 6.364914e+00 s 
[IO] Writing 4D_SU3_GAUGE binary data

[TIMER] elapsed :: 5.743027e-03 s 
[IO] Page size is :: 62.713287, Total malloc [More] 0.060547  [Less] 0.037110 
[IO] Using the faster/memory expensive code 

[TIMER] elapsed :: 3.837299e-02 s 
[IO] Configuration written to /home/jinchen/git/anl/IPG4Lattice/interp_gauge/../ensemble/S16T16_itpg/wilson_b6.itpg.eps0p5.35 
 
Time for config 35, epsilon 0.5: 0 hours 0 minutes 6 seconds
 
Processing configuration 36 at GF_EPSILON = 0.5
Start time for config 36, epsilon 0.5: Sun May 31 09:17:43 PM EDT 2026
[IO] Attempting to read a NERSC file 
[PAR] CONDOR_MODE selected .... 
[IO] reading file /home/jinchen/git/anl/IPG4Lattice/interp_gauge/../ensemble/S16T16/wilson_b6.36
[IO] Configuration number :: 1 
[INIT] GLU is Compiled for SU(3)

[DIMENSIONS] ( 16 x 16 x 16 x 16 )

[INIT] using 16 thread(s) 
[INIT] allocating su(2) subgroup indices
[IO] Read gauge field[IO] file offset 628
[IO] LOOP_VAR = 18
[IO] Reading gauge field (/home/jinchen/git/anl/IPG4Lattice/interp_gauge/../ensemble/S16T16/wilson_b6.36) took
[TIMER] elapsed :: 4.397702e-02 s 
[IO] Header     Trace :: 0.000174           || Plaq :: 0.594456 
[IO] Calculated Trace :: 0.000174313556461  || Plaq :: 0.594455575337383 

[GF] Using the Fourier accelerated non-linear conjugate gradient (FACG) routines
[GF] Interpolating gauge, accuracy of 1e-14 
[GF] Interpolating temporal epsilon :: 0.5 
[GF] Tuning parameter alpha :: 0.090000 
[GF] Performing AT MOST 6000 iterations before randomly restarting ... 
[GF] Allowing for 7 restarts before complaint ... 
[GF] Approximate O(a) exponential expansion, and reunitarisation in Gauge Fixing.
[GF] Plaquette :: 0.594455575337382 
[GF] Accuracy :: 8.4638e-15
[GF] Iters :: 177
[GF] Link trace :: 0.856840641799671 || Maximum :: 0.994561404142875
[GF] Temporal constance || Lin 8.767030e-06 || Log 1.200849e+00 
[GF] Functional :: 0.136935484186249

[TIMER] elapsed :: 1.914104e+00 s 
[IO] Writing 4D_SU3_GAUGE binary data

[TIMER] elapsed :: 5.659103e-03 s 
[IO] Page size is :: 62.713287, Total malloc [More] 0.060547  [Less] 0.037110 
[IO] Using the faster/memory expensive code 

[TIMER] elapsed :: 3.714609e-02 s 
[IO] Configuration written to /home/jinchen/git/anl/IPG4Lattice/interp_gauge/../ensemble/S16T16_itpg/wilson_b6.itpg.eps0p5.36 
 
Time for config 36, epsilon 0.5: 0 hours 0 minutes 2 seconds
 
Processing configuration 37 at GF_EPSILON = 0.5
Start time for config 37, epsilon 0.5: Sun May 31 09:17:45 PM EDT 2026
[IO] Attempting to read a NERSC file 
[PAR] CONDOR_MODE selected .... 
[IO] reading file /home/jinchen/git/anl/IPG4Lattice/interp_gauge/../ensemble/S16T16/wilson_b6.37
[IO] Configuration number :: 1 
[INIT] GLU is Compiled for SU(3)

[DIMENSIONS] ( 16 x 16 x 16 x 16 )

[INIT] using 16 thread(s) 
[INIT] allocating su(2) subgroup indices
[IO] Read gauge field[IO] file offset 627
[IO] LOOP_VAR = 18
[IO] Reading gauge field (/home/jinchen/git/anl/IPG4Lattice/interp_gauge/../ensemble/S16T16/wilson_b6.37) took
[TIMER] elapsed :: 4.461694e-02 s 
[IO] Header     Trace :: 0.000074           || Plaq :: 0.593678 
[IO] Calculated Trace :: 0.000074444202601  || Plaq :: 0.593677799528188 

[GF] Using the Fourier accelerated non-linear conjugate gradient (FACG) routines
[GF] Interpolating gauge, accuracy of 1e-14 
[GF] Interpolating temporal epsilon :: 0.5 
[GF] Tuning parameter alpha :: 0.090000 
[GF] Performing AT MOST 6000 iterations before randomly restarting ... 
[GF] Allowing for 7 restarts before complaint ... 
[GF] Approximate O(a) exponential expansion, and reunitarisation in Gauge Fixing.
[GF] Plaquette :: 0.593677799528188 
[GF] Accuracy :: 7.8871e-15
[GF] Iters :: 302
[GF] Link trace :: 0.857015571904934 || Maximum :: 0.997945710616928
[GF] Temporal constance || Lin 3.990538e-05 || Log 1.372063e+00 
[GF] Functional :: 0.136659472561709

[TIMER] elapsed :: 3.341385e+00 s 
[IO] Writing 4D_SU3_GAUGE binary data

[TIMER] elapsed :: 5.751133e-03 s 
[IO] Page size is :: 62.713287, Total malloc [More] 0.060547  [Less] 0.037110 
[IO] Using the faster/memory expensive code 

[TIMER] elapsed :: 3.789401e-02 s 
[IO] Configuration written to /home/jinchen/git/anl/IPG4Lattice/interp_gauge/../ensemble/S16T16_itpg/wilson_b6.itpg.eps0p5.37 
 
Time for config 37, epsilon 0.5: 0 hours 0 minutes 4 seconds
 
Processing configuration 38 at GF_EPSILON = 0.5
Start time for config 38, epsilon 0.5: Sun May 31 09:17:49 PM EDT 2026
[IO] Attempting to read a NERSC file 
[PAR] CONDOR_MODE selected .... 
[IO] reading file /home/jinchen/git/anl/IPG4Lattice/interp_gauge/../ensemble/S16T16/wilson_b6.38
[IO] Configuration number :: 1 
[INIT] GLU is Compiled for SU(3)

[DIMENSIONS] ( 16 x 16 x 16 x 16 )

[INIT] using 16 thread(s) 
[INIT] allocating su(2) subgroup indices
[IO] Read gauge field[IO] file offset 629
[IO] LOOP_VAR = 18
[IO] Reading gauge field (/home/jinchen/git/anl/IPG4Lattice/interp_gauge/../ensemble/S16T16/wilson_b6.38) took
[TIMER] elapsed :: 3.890514e-02 s 
[IO] Header     Trace :: -0.000416           || Plaq :: 0.593069 
[IO] Calculated Trace :: -0.000415862845724  || Plaq :: 0.593069367253601 

[GF] Using the Fourier accelerated non-linear conjugate gradient (FACG) routines
[GF] Interpolating gauge, accuracy of 1e-14 
[GF] Interpolating temporal epsilon :: 0.5 
[GF] Tuning parameter alpha :: 0.090000 
[GF] Performing AT MOST 6000 iterations before randomly restarting ... 
[GF] Allowing for 7 restarts before complaint ... 
[GF] Approximate O(a) exponential expansion, and reunitarisation in Gauge Fixing.
[IO] file offset 629
[IO] LOOP_VAR = 18
[PAR_RNG] MWC_4096
[PAR_RNG] Entropy read Seed 1403665283
[PAR_RNG] warmed up
[GF] Plaquette :: 0.593069367253600 
[GF] Accuracy :: 9.1825e-15
[GF] Iters :: 123457009
[GF] Link trace :: 0.857215786453483 || Maximum :: 0.996274841557437
[GF] Temporal constance || Lin 2.285569e-06 || Log 1.407271e+00 
[GF] Functional :: 0.136829664340011

[TIMER] elapsed :: 6.915004e+01 s 
[IO] Writing 4D_SU3_GAUGE binary data

[TIMER] elapsed :: 1.374793e-02 s 
[IO] Page size is :: 62.713287, Total malloc [More] 0.060547  [Less] 0.037110 
[IO] Using the faster/memory expensive code 

[TIMER] elapsed :: 3.771996e-02 s 
[IO] Configuration written to /home/jinchen/git/anl/IPG4Lattice/interp_gauge/../ensemble/S16T16_itpg/wilson_b6.itpg.eps0p5.38 
 
Time for config 38, epsilon 0.5: 0 hours 1 minutes 9 seconds
 
Processing configuration 39 at GF_EPSILON = 0.5
Start time for config 39, epsilon 0.5: Sun May 31 09:18:58 PM EDT 2026
[IO] Attempting to read a NERSC file 
[PAR] CONDOR_MODE selected .... 
[IO] reading file /home/jinchen/git/anl/IPG4Lattice/interp_gauge/../ensemble/S16T16/wilson_b6.39
[IO] Configuration number :: 1 
[INIT] GLU is Compiled for SU(3)

[DIMENSIONS] ( 16 x 16 x 16 x 16 )

[INIT] using 16 thread(s) 
[INIT] allocating su(2) subgroup indices
[IO] Read gauge field[IO] file offset 629
[IO] LOOP_VAR = 18
[IO] Reading gauge field (/home/jinchen/git/anl/IPG4Lattice/interp_gauge/../ensemble/S16T16/wilson_b6.39) took
[TIMER] elapsed :: 3.876901e-02 s 
[IO] Header     Trace :: -0.000088           || Plaq :: 0.593962 
[IO] Calculated Trace :: -0.000088264313590  || Plaq :: 0.593962455329587 

[GF] Using the Fourier accelerated non-linear conjugate gradient (FACG) routines
[GF] Interpolating gauge, accuracy of 1e-14 
[GF] Interpolating temporal epsilon :: 0.5 
[GF] Tuning parameter alpha :: 0.090000 
[GF] Performing AT MOST 6000 iterations before randomly restarting ... 
[GF] Allowing for 7 restarts before complaint ... 
[GF] Approximate O(a) exponential expansion, and reunitarisation in Gauge Fixing.
[GF] Plaquette :: 0.593962455329585 
[GF] Accuracy :: 7.5238e-15
[GF] Iters :: 244
[GF] Link trace :: 0.857438378842228 || Maximum :: 0.996006590465291
[GF] Temporal constance || Lin 1.329263e-05 || Log 1.188003e+00 
[GF] Functional :: 0.136473471441525

[TIMER] elapsed :: 2.652699e+00 s 
[IO] Writing 4D_SU3_GAUGE binary data

[TIMER] elapsed :: 5.732059e-03 s 
[IO] Page size is :: 62.713287, Total malloc [More] 0.060547  [Less] 0.037110 
[IO] Using the faster/memory expensive code 

[TIMER] elapsed :: 3.770900e-02 s 
[IO] Configuration written to /home/jinchen/git/anl/IPG4Lattice/interp_gauge/../ensemble/S16T16_itpg/wilson_b6.itpg.eps0p5.39 
 
Time for config 39, epsilon 0.5: 0 hours 0 minutes 3 seconds
 
Processing configuration 40 at GF_EPSILON = 0.5
Start time for config 40, epsilon 0.5: Sun May 31 09:19:01 PM EDT 2026
[IO] Attempting to read a NERSC file 
[PAR] CONDOR_MODE selected .... 
[IO] reading file /home/jinchen/git/anl/IPG4Lattice/interp_gauge/../ensemble/S16T16/wilson_b6.40
[IO] Configuration number :: 1 
[INIT] GLU is Compiled for SU(3)

[DIMENSIONS] ( 16 x 16 x 16 x 16 )

[INIT] using 16 thread(s) 
[INIT] allocating su(2) subgroup indices
[IO] Read gauge field[IO] file offset 628
[IO] LOOP_VAR = 18
[IO] Reading gauge field (/home/jinchen/git/anl/IPG4Lattice/interp_gauge/../ensemble/S16T16/wilson_b6.40) took
[TIMER] elapsed :: 3.863597e-02 s 
[IO] Header     Trace :: -0.000473           || Plaq :: 0.594541 
[IO] Calculated Trace :: -0.000473018058692  || Plaq :: 0.594541056038175 

[GF] Using the Fourier accelerated non-linear conjugate gradient (FACG) routines
[GF] Interpolating gauge, accuracy of 1e-14 
[GF] Interpolating temporal epsilon :: 0.5 
[GF] Tuning parameter alpha :: 0.090000 
[GF] Performing AT MOST 6000 iterations before randomly restarting ... 
[GF] Allowing for 7 restarts before complaint ... 
[GF] Approximate O(a) exponential expansion, and reunitarisation in Gauge Fixing.
[IO] file offset 628
[IO] LOOP_VAR = 18
[PAR_RNG] MWC_4096
[PAR_RNG] Entropy read Seed 1369430813
[PAR_RNG] warmed up
[GF] Plaquette :: 0.594541056038175 
[GF] Accuracy :: 6.5769e-15
[GF] Iters :: 123457037
[GF] Link trace :: 0.857508040531357 || Maximum :: 0.997352573865862
[GF] Temporal constance || Lin 2.221283e-05 || Log 1.123400e+00 
[GF] Functional :: 0.136474260330139

[TIMER] elapsed :: 6.910259e+01 s 
[IO] Writing 4D_SU3_GAUGE binary data

[TIMER] elapsed :: 5.594969e-03 s 
[IO] Page size is :: 62.713287, Total malloc [More] 0.060547  [Less] 0.037110 
[IO] Using the faster/memory expensive code 

[TIMER] elapsed :: 3.971100e-02 s 
[IO] Configuration written to /home/jinchen/git/anl/IPG4Lattice/interp_gauge/../ensemble/S16T16_itpg/wilson_b6.itpg.eps0p5.40 
 
Time for config 40, epsilon 0.5: 0 hours 1 minutes 9 seconds
 
Processing configuration 41 at GF_EPSILON = 0.5
Start time for config 41, epsilon 0.5: Sun May 31 09:20:10 PM EDT 2026
[IO] Attempting to read a NERSC file 
[PAR] CONDOR_MODE selected .... 
[IO] reading file /home/jinchen/git/anl/IPG4Lattice/interp_gauge/../ensemble/S16T16/wilson_b6.41
[IO] Configuration number :: 1 
[INIT] GLU is Compiled for SU(3)

[DIMENSIONS] ( 16 x 16 x 16 x 16 )

[INIT] using 16 thread(s) 
[INIT] allocating su(2) subgroup indices
[IO] Read gauge field[IO] file offset 629
[IO] LOOP_VAR = 18
[IO] Reading gauge field (/home/jinchen/git/anl/IPG4Lattice/interp_gauge/../ensemble/S16T16/wilson_b6.41) took
[TIMER] elapsed :: 3.974104e-02 s 
[IO] Header     Trace :: -0.000251           || Plaq :: 0.594036 
[IO] Calculated Trace :: -0.000250531912339  || Plaq :: 0.594036457795016 

[GF] Using the Fourier accelerated non-linear conjugate gradient (FACG) routines
[GF] Interpolating gauge, accuracy of 1e-14 
[GF] Interpolating temporal epsilon :: 0.5 
[GF] Tuning parameter alpha :: 0.090000 
[GF] Performing AT MOST 6000 iterations before randomly restarting ... 
[GF] Allowing for 7 restarts before complaint ... 
[GF] Approximate O(a) exponential expansion, and reunitarisation in Gauge Fixing.
[IO] file offset 629
[IO] LOOP_VAR = 18
[PAR_RNG] MWC_4096
[PAR_RNG] Entropy read Seed 365893217
[PAR_RNG] warmed up
[GF] Plaquette :: 0.594036457795013 
[GF] Accuracy :: 8.9606e-15
[GF] Iters :: 123457277
[GF] Link trace :: 0.857098067188865 || Maximum :: 0.996101591530064
[GF] Temporal constance || Lin 1.421090e-05 || Log 1.496727e+00 
[GF] Functional :: 0.136995534750661

[TIMER] elapsed :: 7.112139e+01 s 
[IO] Writing 4D_SU3_GAUGE binary data

[TIMER] elapsed :: 5.605936e-03 s 
[IO] Page size is :: 62.713287, Total malloc [More] 0.060547  [Less] 0.037110 
[IO] Using the faster/memory expensive code 

[TIMER] elapsed :: 3.734207e-02 s 
[IO] Configuration written to /home/jinchen/git/anl/IPG4Lattice/interp_gauge/../ensemble/S16T16_itpg/wilson_b6.itpg.eps0p5.41 
 
Time for config 41, epsilon 0.5: 0 hours 1 minutes 11 seconds
 
Processing configuration 42 at GF_EPSILON = 0.5
Start time for config 42, epsilon 0.5: Sun May 31 09:21:21 PM EDT 2026
[IO] Attempting to read a NERSC file 
[PAR] CONDOR_MODE selected .... 
[IO] reading file /home/jinchen/git/anl/IPG4Lattice/interp_gauge/../ensemble/S16T16/wilson_b6.42
[IO] Configuration number :: 1 
[INIT] GLU is Compiled for SU(3)

[DIMENSIONS] ( 16 x 16 x 16 x 16 )

[INIT] using 16 thread(s) 
[INIT] allocating su(2) subgroup indices
[IO] Read gauge field[IO] file offset 628
[IO] LOOP_VAR = 18
[IO] Reading gauge field (/home/jinchen/git/anl/IPG4Lattice/interp_gauge/../ensemble/S16T16/wilson_b6.42) took
[TIMER] elapsed :: 3.913403e-02 s 
[IO] Header     Trace :: 0.000002           || Plaq :: 0.594289 
[IO] Calculated Trace :: 0.000001508201372  || Plaq :: 0.594288920496526 

[GF] Using the Fourier accelerated non-linear conjugate gradient (FACG) routines
[GF] Interpolating gauge, accuracy of 1e-14 
[GF] Interpolating temporal epsilon :: 0.5 
[GF] Tuning parameter alpha :: 0.090000 
[GF] Performing AT MOST 6000 iterations before randomly restarting ... 
[GF] Allowing for 7 restarts before complaint ... 
[GF] Approximate O(a) exponential expansion, and reunitarisation in Gauge Fixing.
[IO] file offset 628
[IO] LOOP_VAR = 18
[PAR_RNG] MWC_4096
[PAR_RNG] Entropy read Seed 1687997646
[PAR_RNG] warmed up
[GF] Plaquette :: 0.594288920496525 
[GF] Accuracy :: 7.8322e-15
[GF] Iters :: 123456970
[GF] Link trace :: 0.857896074613793 || Maximum :: 0.997047157242254
[GF] Temporal constance || Lin 1.254577e-05 || Log 1.226698e+00 
[GF] Functional :: 0.136301034803902

[TIMER] elapsed :: 6.870874e+01 s 
[IO] Writing 4D_SU3_GAUGE binary data

[TIMER] elapsed :: 5.699158e-03 s 
[IO] Page size is :: 62.713287, Total malloc [More] 0.060547  [Less] 0.037110 
[IO] Using the faster/memory expensive code 

[TIMER] elapsed :: 3.805208e-02 s 
[IO] Configuration written to /home/jinchen/git/anl/IPG4Lattice/interp_gauge/../ensemble/S16T16_itpg/wilson_b6.itpg.eps0p5.42 
 
Time for config 42, epsilon 0.5: 0 hours 1 minutes 9 seconds
 
Processing configuration 43 at GF_EPSILON = 0.5
Start time for config 43, epsilon 0.5: Sun May 31 09:22:30 PM EDT 2026
[IO] Attempting to read a NERSC file 
[PAR] CONDOR_MODE selected .... 
[IO] reading file /home/jinchen/git/anl/IPG4Lattice/interp_gauge/../ensemble/S16T16/wilson_b6.43
[IO] Configuration number :: 1 
[INIT] GLU is Compiled for SU(3)

[DIMENSIONS] ( 16 x 16 x 16 x 16 )

[INIT] using 16 thread(s) 
[INIT] allocating su(2) subgroup indices
[IO] Read gauge field[IO] file offset 628
[IO] LOOP_VAR = 18
[IO] Reading gauge field (/home/jinchen/git/anl/IPG4Lattice/interp_gauge/../ensemble/S16T16/wilson_b6.43) took
[TIMER] elapsed :: 4.020596e-02 s 
[IO] Header     Trace :: 0.000497           || Plaq :: 0.593198 
[IO] Calculated Trace :: 0.000496944693622  || Plaq :: 0.593198482648228 

[GF] Using the Fourier accelerated non-linear conjugate gradient (FACG) routines
[GF] Interpolating gauge, accuracy of 1e-14 
[GF] Interpolating temporal epsilon :: 0.5 
[GF] Tuning parameter alpha :: 0.090000 
[GF] Performing AT MOST 6000 iterations before randomly restarting ... 
[GF] Allowing for 7 restarts before complaint ... 
[GF] Approximate O(a) exponential expansion, and reunitarisation in Gauge Fixing.
[GF] Plaquette :: 0.593198482648225 
[GF] Accuracy :: 7.9641e-15
[GF] Iters :: 400
[GF] Link trace :: 0.856360095734431 || Maximum :: 0.996213719244283
[GF] Temporal constance || Lin 1.549368e-05 || Log 1.176343e+00 
[GF] Functional :: 0.137664723593643

[TIMER] elapsed :: 4.393601e+00 s 
[IO] Writing 4D_SU3_GAUGE binary data

[TIMER] elapsed :: 5.769968e-03 s 
[IO] Page size is :: 62.713287, Total malloc [More] 0.060547  [Less] 0.037110 
[IO] Using the faster/memory expensive code 

[TIMER] elapsed :: 3.794289e-02 s 
[IO] Configuration written to /home/jinchen/git/anl/IPG4Lattice/interp_gauge/../ensemble/S16T16_itpg/wilson_b6.itpg.eps0p5.43 
 
Time for config 43, epsilon 0.5: 0 hours 0 minutes 5 seconds
 
Processing configuration 44 at GF_EPSILON = 0.5
Start time for config 44, epsilon 0.5: Sun May 31 09:22:35 PM EDT 2026
[IO] Attempting to read a NERSC file 
[PAR] CONDOR_MODE selected .... 
[IO] reading file /home/jinchen/git/anl/IPG4Lattice/interp_gauge/../ensemble/S16T16/wilson_b6.44
[IO] Configuration number :: 1 
[INIT] GLU is Compiled for SU(3)

[DIMENSIONS] ( 16 x 16 x 16 x 16 )

[INIT] using 16 thread(s) 
[INIT] allocating su(2) subgroup indices
[IO] Read gauge field[IO] file offset 626
[IO] LOOP_VAR = 18
[IO] Reading gauge field (/home/jinchen/git/anl/IPG4Lattice/interp_gauge/../ensemble/S16T16/wilson_b6.44) took
[TIMER] elapsed :: 3.878689e-02 s 
[IO] Header     Trace :: 0.000043           || Plaq :: 0.593620 
[IO] Calculated Trace :: 0.000042774470867  || Plaq :: 0.593620179962881 

[GF] Using the Fourier accelerated non-linear conjugate gradient (FACG) routines
[GF] Interpolating gauge, accuracy of 1e-14 
[GF] Interpolating temporal epsilon :: 0.5 
[GF] Tuning parameter alpha :: 0.090000 
[GF] Performing AT MOST 6000 iterations before randomly restarting ... 
[GF] Allowing for 7 restarts before complaint ... 
[GF] Approximate O(a) exponential expansion, and reunitarisation in Gauge Fixing.
[GF] Plaquette :: 0.593620179962876 
[GF] Accuracy :: 7.7832e-15
[GF] Iters :: 718
[GF] Link trace :: 0.857495682037176 || Maximum :: 0.995718008094810
[GF] Temporal constance || Lin 4.388862e-06 || Log 1.335877e+00 
[GF] Functional :: 0.136532624795655

[TIMER] elapsed :: 8.061979e+00 s 
[IO] Writing 4D_SU3_GAUGE binary data

[TIMER] elapsed :: 5.584955e-03 s 
[IO] Page size is :: 62.713287, Total malloc [More] 0.060547  [Less] 0.037110 
[IO] Using the faster/memory expensive code 

[TIMER] elapsed :: 3.822207e-02 s 
[IO] Configuration written to /home/jinchen/git/anl/IPG4Lattice/interp_gauge/../ensemble/S16T16_itpg/wilson_b6.itpg.eps0p5.44 
 
Time for config 44, epsilon 0.5: 0 hours 0 minutes 8 seconds
 
Processing configuration 45 at GF_EPSILON = 0.5
Start time for config 45, epsilon 0.5: Sun May 31 09:22:43 PM EDT 2026
[IO] Attempting to read a NERSC file 
[PAR] CONDOR_MODE selected .... 
[IO] reading file /home/jinchen/git/anl/IPG4Lattice/interp_gauge/../ensemble/S16T16/wilson_b6.45
[IO] Configuration number :: 1 
[INIT] GLU is Compiled for SU(3)

[DIMENSIONS] ( 16 x 16 x 16 x 16 )

[INIT] using 16 thread(s) 
[INIT] allocating su(2) subgroup indices
[IO] Read gauge field[IO] file offset 626
[IO] LOOP_VAR = 18
[IO] Reading gauge field (/home/jinchen/git/anl/IPG4Lattice/interp_gauge/../ensemble/S16T16/wilson_b6.45) took
[TIMER] elapsed :: 3.904605e-02 s 
[IO] Header     Trace :: 0.001395           || Plaq :: 0.594068 
[IO] Calculated Trace :: 0.001394514190466  || Plaq :: 0.594068255789063 

[GF] Using the Fourier accelerated non-linear conjugate gradient (FACG) routines
[GF] Interpolating gauge, accuracy of 1e-14 
[GF] Interpolating temporal epsilon :: 0.5 
[GF] Tuning parameter alpha :: 0.090000 
[GF] Performing AT MOST 6000 iterations before randomly restarting ... 
[GF] Allowing for 7 restarts before complaint ... 
[GF] Approximate O(a) exponential expansion, and reunitarisation in Gauge Fixing.
[GF] Plaquette :: 0.594068255789061 
[GF] Accuracy :: 9.7450e-15
[GF] Iters :: 405
[GF] Link trace :: 0.858374707828685 || Maximum :: 0.996986172732272
[GF] Temporal constance || Lin 9.571835e-06 || Log 1.349946e+00 
[GF] Functional :: 0.135878825440080

[TIMER] elapsed :: 4.520302e+00 s 
[IO] Writing 4D_SU3_GAUGE binary data

[TIMER] elapsed :: 5.783081e-03 s 
[IO] Page size is :: 62.713287, Total malloc [More] 0.060547  [Less] 0.037110 
[IO] Using the faster/memory expensive code 

[TIMER] elapsed :: 3.691101e-02 s 
[IO] Configuration written to /home/jinchen/git/anl/IPG4Lattice/interp_gauge/../ensemble/S16T16_itpg/wilson_b6.itpg.eps0p5.45 
 
Time for config 45, epsilon 0.5: 0 hours 0 minutes 4 seconds
 
Processing configuration 46 at GF_EPSILON = 0.5
Start time for config 46, epsilon 0.5: Sun May 31 09:22:47 PM EDT 2026
[IO] Attempting to read a NERSC file 
[PAR] CONDOR_MODE selected .... 
[IO] reading file /home/jinchen/git/anl/IPG4Lattice/interp_gauge/../ensemble/S16T16/wilson_b6.46
[IO] Configuration number :: 1 
[INIT] GLU is Compiled for SU(3)

[DIMENSIONS] ( 16 x 16 x 16 x 16 )

[INIT] using 16 thread(s) 
[INIT] allocating su(2) subgroup indices
[IO] Read gauge field[IO] file offset 628
[IO] LOOP_VAR = 18
[IO] Reading gauge field (/home/jinchen/git/anl/IPG4Lattice/interp_gauge/../ensemble/S16T16/wilson_b6.46) took
[TIMER] elapsed :: 3.879499e-02 s 
[IO] Header     Trace :: 0.000096           || Plaq :: 0.593359 
[IO] Calculated Trace :: 0.000096410478253  || Plaq :: 0.593358816210688 

[GF] Using the Fourier accelerated non-linear conjugate gradient (FACG) routines
[GF] Interpolating gauge, accuracy of 1e-14 
[GF] Interpolating temporal epsilon :: 0.5 
[GF] Tuning parameter alpha :: 0.090000 
[GF] Performing AT MOST 6000 iterations before randomly restarting ... 
[GF] Allowing for 7 restarts before complaint ... 
[GF] Approximate O(a) exponential expansion, and reunitarisation in Gauge Fixing.
[GF] Plaquette :: 0.593358816210686 
[GF] Accuracy :: 8.6175e-15
[GF] Iters :: 293
[GF] Link trace :: 0.857246841618695 || Maximum :: 0.997460731727783
[GF] Temporal constance || Lin 5.562587e-06 || Log 1.026711e+00 
[GF] Functional :: 0.136808725015739

[TIMER] elapsed :: 3.454991e+00 s 
[IO] Writing 4D_SU3_GAUGE binary data

[TIMER] elapsed :: 5.697012e-03 s 
[IO] Page size is :: 62.713287, Total malloc [More] 0.060547  [Less] 0.037110 
[IO] Using the faster/memory expensive code 

[TIMER] elapsed :: 3.758097e-02 s 
[IO] Configuration written to /home/jinchen/git/anl/IPG4Lattice/interp_gauge/../ensemble/S16T16_itpg/wilson_b6.itpg.eps0p5.46 
 
Time for config 46, epsilon 0.5: 0 hours 0 minutes 4 seconds
 
Processing configuration 47 at GF_EPSILON = 0.5
Start time for config 47, epsilon 0.5: Sun May 31 09:22:51 PM EDT 2026
[IO] Attempting to read a NERSC file 
[PAR] CONDOR_MODE selected .... 
[IO] reading file /home/jinchen/git/anl/IPG4Lattice/interp_gauge/../ensemble/S16T16/wilson_b6.47
[IO] Configuration number :: 1 
[INIT] GLU is Compiled for SU(3)

[DIMENSIONS] ( 16 x 16 x 16 x 16 )

[INIT] using 16 thread(s) 
[INIT] allocating su(2) subgroup indices
[IO] Read gauge field[IO] file offset 629
[IO] LOOP_VAR = 18
[IO] Reading gauge field (/home/jinchen/git/anl/IPG4Lattice/interp_gauge/../ensemble/S16T16/wilson_b6.47) took
[TIMER] elapsed :: 3.872919e-02 s 
[IO] Header     Trace :: -0.000658           || Plaq :: 0.594025 
[IO] Calculated Trace :: -0.000657819325306  || Plaq :: 0.594025450842068 

[GF] Using the Fourier accelerated non-linear conjugate gradient (FACG) routines
[GF] Interpolating gauge, accuracy of 1e-14 
[GF] Interpolating temporal epsilon :: 0.5 
[GF] Tuning parameter alpha :: 0.090000 
[GF] Performing AT MOST 6000 iterations before randomly restarting ... 
[GF] Allowing for 7 restarts before complaint ... 
[GF] Approximate O(a) exponential expansion, and reunitarisation in Gauge Fixing.
[GF] Plaquette :: 0.594025450842064 
[GF] Accuracy :: 9.8414e-15
[GF] Iters :: 1256
[GF] Link trace :: 0.858255255288680 || Maximum :: 0.998552484829586
[GF] Temporal constance || Lin 1.728994e-05 || Log 1.608441e+00 
[GF] Functional :: 0.135914593436989

[TIMER] elapsed :: 1.410027e+01 s 
[IO] Writing 4D_SU3_GAUGE binary data

[TIMER] elapsed :: 5.659103e-03 s 
[IO] Page size is :: 62.713287, Total malloc [More] 0.060547  [Less] 0.037110 
[IO] Using the faster/memory expensive code 

[TIMER] elapsed :: 3.725886e-02 s 
[IO] Configuration written to /home/jinchen/git/anl/IPG4Lattice/interp_gauge/../ensemble/S16T16_itpg/wilson_b6.itpg.eps0p5.47 
 
Time for config 47, epsilon 0.5: 0 hours 0 minutes 14 seconds
 
Processing configuration 48 at GF_EPSILON = 0.5
Start time for config 48, epsilon 0.5: Sun May 31 09:23:05 PM EDT 2026
[IO] Attempting to read a NERSC file 
[PAR] CONDOR_MODE selected .... 
[IO] reading file /home/jinchen/git/anl/IPG4Lattice/interp_gauge/../ensemble/S16T16/wilson_b6.48
[IO] Configuration number :: 1 
[INIT] GLU is Compiled for SU(3)

[DIMENSIONS] ( 16 x 16 x 16 x 16 )

[INIT] using 16 thread(s) 
[INIT] allocating su(2) subgroup indices
[IO] Read gauge field[IO] file offset 628
[IO] LOOP_VAR = 18
[IO] Reading gauge field (/home/jinchen/git/anl/IPG4Lattice/interp_gauge/../ensemble/S16T16/wilson_b6.48) took
[TIMER] elapsed :: 4.331803e-02 s 
[IO] Header     Trace :: 0.000242           || Plaq :: 0.593621 
[IO] Calculated Trace :: 0.000242486766589  || Plaq :: 0.593621172559305 

[GF] Using the Fourier accelerated non-linear conjugate gradient (FACG) routines
[GF] Interpolating gauge, accuracy of 1e-14 
[GF] Interpolating temporal epsilon :: 0.5 
[GF] Tuning parameter alpha :: 0.090000 
[GF] Performing AT MOST 6000 iterations before randomly restarting ... 
[GF] Allowing for 7 restarts before complaint ... 
[GF] Approximate O(a) exponential expansion, and reunitarisation in Gauge Fixing.
[GF] Plaquette :: 0.593621172559303 
[GF] Accuracy :: 7.6862e-15
[GF] Iters :: 284
[GF] Link trace :: 0.857666977924990 || Maximum :: 0.997135080420806
[GF] Temporal constance || Lin 4.356670e-06 || Log 1.042752e+00 
[GF] Functional :: 0.136355849176717

[TIMER] elapsed :: 3.226724e+00 s 
[IO] Writing 4D_SU3_GAUGE binary data

[TIMER] elapsed :: 5.720139e-03 s 
[IO] Page size is :: 62.713287, Total malloc [More] 0.060547  [Less] 0.037110 
[IO] Using the faster/memory expensive code 

[TIMER] elapsed :: 3.600192e-02 s 
[IO] Configuration written to /home/jinchen/git/anl/IPG4Lattice/interp_gauge/../ensemble/S16T16_itpg/wilson_b6.itpg.eps0p5.48 
 
Time for config 48, epsilon 0.5: 0 hours 0 minutes 4 seconds
 
Processing configuration 49 at GF_EPSILON = 0.5
Start time for config 49, epsilon 0.5: Sun May 31 09:23:09 PM EDT 2026
[IO] Attempting to read a NERSC file 
[PAR] CONDOR_MODE selected .... 
[IO] reading file /home/jinchen/git/anl/IPG4Lattice/interp_gauge/../ensemble/S16T16/wilson_b6.49
[IO] Configuration number :: 1 
[INIT] GLU is Compiled for SU(3)

[DIMENSIONS] ( 16 x 16 x 16 x 16 )

[INIT] using 16 thread(s) 
[INIT] allocating su(2) subgroup indices
[IO] Read gauge field[IO] file offset 628
[IO] LOOP_VAR = 18
[IO] Reading gauge field (/home/jinchen/git/anl/IPG4Lattice/interp_gauge/../ensemble/S16T16/wilson_b6.49) took
[TIMER] elapsed :: 3.885579e-02 s 
[IO] Header     Trace :: -0.000228           || Plaq :: 0.594408 
[IO] Calculated Trace :: -0.000227934875986  || Plaq :: 0.594408435347543 

[GF] Using the Fourier accelerated non-linear conjugate gradient (FACG) routines
[GF] Interpolating gauge, accuracy of 1e-14 
[GF] Interpolating temporal epsilon :: 0.5 
[GF] Tuning parameter alpha :: 0.090000 
[GF] Performing AT MOST 6000 iterations before randomly restarting ... 
[GF] Allowing for 7 restarts before complaint ... 
[GF] Approximate O(a) exponential expansion, and reunitarisation in Gauge Fixing.
[GF] Plaquette :: 0.594408435347542 
[GF] Accuracy :: 7.4425e-15
[GF] Iters :: 214
[GF] Link trace :: 0.858809994879408 || Maximum :: 0.996208640144224
[GF] Temporal constance || Lin 1.954934e-05 || Log 1.483727e+00 
[GF] Functional :: 0.135335356614849

[TIMER] elapsed :: 2.415691e+00 s 
[IO] Writing 4D_SU3_GAUGE binary data

[TIMER] elapsed :: 5.703926e-03 s 
[IO] Page size is :: 62.713287, Total malloc [More] 0.060547  [Less] 0.037110 
[IO] Using the faster/memory expensive code 

[TIMER] elapsed :: 3.758407e-02 s 
[IO] Configuration written to /home/jinchen/git/anl/IPG4Lattice/interp_gauge/../ensemble/S16T16_itpg/wilson_b6.itpg.eps0p5.49 
 
Time for config 49, epsilon 0.5: 0 hours 0 minutes 2 seconds
 
Processing GF_EPSILON = 0.3
 
Processing configuration 0 at GF_EPSILON = 0.3
Start time for config 0, epsilon 0.3: Sun May 31 09:23:11 PM EDT 2026
[IO] Attempting to read a NERSC file 
[PAR] CONDOR_MODE selected .... 
[IO] reading file /home/jinchen/git/anl/IPG4Lattice/interp_gauge/../ensemble/S16T16/wilson_b6.0
[IO] Configuration number :: 1 
[INIT] GLU is Compiled for SU(3)

[DIMENSIONS] ( 16 x 16 x 16 x 16 )

[INIT] using 16 thread(s) 
[INIT] allocating su(2) subgroup indices
[IO] Read gauge field[IO] file offset 628
[IO] LOOP_VAR = 18
[IO] Reading gauge field (/home/jinchen/git/anl/IPG4Lattice/interp_gauge/../ensemble/S16T16/wilson_b6.0) took
[TIMER] elapsed :: 7.605076e-03 s 
[IO] Header     Trace :: 0.000586           || Plaq :: 0.595230 
[IO] Calculated Trace :: 0.000586432207598  || Plaq :: 0.595230154055087 

[GF] Using the Fourier accelerated non-linear conjugate gradient (FACG) routines
[GF] Interpolating gauge, accuracy of 1e-14 
[GF] Interpolating temporal epsilon :: 0.3 
[GF] Tuning parameter alpha :: 0.090000 
[GF] Performing AT MOST 6000 iterations before randomly restarting ... 
[GF] Allowing for 7 restarts before complaint ... 
[GF] Approximate O(a) exponential expansion, and reunitarisation in Gauge Fixing.
[GF] Plaquette :: 0.595230154055087 
[GF] Accuracy :: 3.8919e-15
[GF] Iters :: 64
[GF] Link trace :: 0.859365375384210 || Maximum :: 0.996906663235258
[GF] Temporal constance || Lin 3.887807e-06 || Log 1.261593e+00 
[GF] Functional :: 0.127414887298033

[TIMER] elapsed :: 8.802340e-01 s 
[IO] Writing 4D_SU3_GAUGE binary data

[TIMER] elapsed :: 5.786896e-03 s 
[IO] Page size is :: 62.713287, Total malloc [More] 0.060547  [Less] 0.037110 
[IO] Using the faster/memory expensive code 

[TIMER] elapsed :: 3.774691e-02 s 
[IO] Configuration written to /home/jinchen/git/anl/IPG4Lattice/interp_gauge/../ensemble/S16T16_itpg/wilson_b6.itpg.eps0p3.0 
 
Time for config 0, epsilon 0.3: 0 hours 0 minutes 1 seconds
 
Processing configuration 1 at GF_EPSILON = 0.3
Start time for config 1, epsilon 0.3: Sun May 31 09:23:12 PM EDT 2026
[IO] Attempting to read a NERSC file 
[PAR] CONDOR_MODE selected .... 
[IO] reading file /home/jinchen/git/anl/IPG4Lattice/interp_gauge/../ensemble/S16T16/wilson_b6.1
[IO] Configuration number :: 1 
[INIT] GLU is Compiled for SU(3)

[DIMENSIONS] ( 16 x 16 x 16 x 16 )

[INIT] using 16 thread(s) 
[INIT] allocating su(2) subgroup indices
[IO] Read gauge field[IO] file offset 627
[IO] LOOP_VAR = 18
[IO] Reading gauge field (/home/jinchen/git/anl/IPG4Lattice/interp_gauge/../ensemble/S16T16/wilson_b6.1) took
[TIMER] elapsed :: 7.614851e-03 s 
[IO] Header     Trace :: 0.000400           || Plaq :: 0.593764 
[IO] Calculated Trace :: 0.000400249920519  || Plaq :: 0.593763816990767 

[GF] Using the Fourier accelerated non-linear conjugate gradient (FACG) routines
[GF] Interpolating gauge, accuracy of 1e-14 
[GF] Interpolating temporal epsilon :: 0.3 
[GF] Tuning parameter alpha :: 0.090000 
[GF] Performing AT MOST 6000 iterations before randomly restarting ... 
[GF] Allowing for 7 restarts before complaint ... 
[GF] Approximate O(a) exponential expansion, and reunitarisation in Gauge Fixing.
[GF] Plaquette :: 0.593763816990767 
[GF] Accuracy :: 9.6383e-15
[GF] Iters :: 68
[GF] Link trace :: 0.857456017111397 || Maximum :: 0.998208098049659
[GF] Temporal constance || Lin 8.069949e-06 || Log 1.286518e+00 
[GF] Functional :: 0.129011519654570

[TIMER] elapsed :: 8.199821e-01 s 
[IO] Writing 4D_SU3_GAUGE binary data

[TIMER] elapsed :: 5.699873e-03 s 
[IO] Page size is :: 62.713287, Total malloc [More] 0.060547  [Less] 0.037110 
[IO] Using the faster/memory expensive code 

[TIMER] elapsed :: 3.771687e-02 s 
[IO] Configuration written to /home/jinchen/git/anl/IPG4Lattice/interp_gauge/../ensemble/S16T16_itpg/wilson_b6.itpg.eps0p3.1 
 
Time for config 1, epsilon 0.3: 0 hours 0 minutes 1 seconds
 
Processing configuration 2 at GF_EPSILON = 0.3
Start time for config 2, epsilon 0.3: Sun May 31 09:23:13 PM EDT 2026
[IO] Attempting to read a NERSC file 
[PAR] CONDOR_MODE selected .... 
[IO] reading file /home/jinchen/git/anl/IPG4Lattice/interp_gauge/../ensemble/S16T16/wilson_b6.2
[IO] Configuration number :: 1 
[INIT] GLU is Compiled for SU(3)

[DIMENSIONS] ( 16 x 16 x 16 x 16 )

[INIT] using 16 thread(s) 
[INIT] allocating su(2) subgroup indices
[IO] Read gauge field[IO] file offset 628
[IO] LOOP_VAR = 18
[IO] Reading gauge field (/home/jinchen/git/anl/IPG4Lattice/interp_gauge/../ensemble/S16T16/wilson_b6.2) took
[TIMER] elapsed :: 8.255959e-03 s 
[IO] Header     Trace :: 0.000832           || Plaq :: 0.594363 
[IO] Calculated Trace :: 0.000832153266088  || Plaq :: 0.594363147084071 

[GF] Using the Fourier accelerated non-linear conjugate gradient (FACG) routines
[GF] Interpolating gauge, accuracy of 1e-14 
[GF] Interpolating temporal epsilon :: 0.3 
[GF] Tuning parameter alpha :: 0.090000 
[GF] Performing AT MOST 6000 iterations before randomly restarting ... 
[GF] Allowing for 7 restarts before complaint ... 
[GF] Approximate O(a) exponential expansion, and reunitarisation in Gauge Fixing.
[GF] Plaquette :: 0.594363147084071 
[GF] Accuracy :: 8.7680e-15
[GF] Iters :: 102
[GF] Link trace :: 0.857054829636840 || Maximum :: 0.997659997053389
[GF] Temporal constance || Lin 9.801433e-06 || Log 1.828552e+00 
[GF] Functional :: 0.129253905790636

[TIMER] elapsed :: 1.193591e+00 s 
[IO] Writing 4D_SU3_GAUGE binary data

[TIMER] elapsed :: 5.788088e-03 s 
[IO] Page size is :: 62.713287, Total malloc [More] 0.060547  [Less] 0.037110 
[IO] Using the faster/memory expensive code 

[TIMER] elapsed :: 3.751493e-02 s 
[IO] Configuration written to /home/jinchen/git/anl/IPG4Lattice/interp_gauge/../ensemble/S16T16_itpg/wilson_b6.itpg.eps0p3.2 
 
Time for config 2, epsilon 0.3: 0 hours 0 minutes 1 seconds
 
Processing configuration 3 at GF_EPSILON = 0.3
Start time for config 3, epsilon 0.3: Sun May 31 09:23:14 PM EDT 2026
[IO] Attempting to read a NERSC file 
[PAR] CONDOR_MODE selected .... 
[IO] reading file /home/jinchen/git/anl/IPG4Lattice/interp_gauge/../ensemble/S16T16/wilson_b6.3
[IO] Configuration number :: 1 
[INIT] GLU is Compiled for SU(3)

[DIMENSIONS] ( 16 x 16 x 16 x 16 )

[INIT] using 16 thread(s) 
[INIT] allocating su(2) subgroup indices
[IO] Read gauge field[IO] file offset 628
[IO] LOOP_VAR = 18
[IO] Reading gauge field (/home/jinchen/git/anl/IPG4Lattice/interp_gauge/../ensemble/S16T16/wilson_b6.3) took
[TIMER] elapsed :: 7.808208e-03 s 
[IO] Header     Trace :: 0.000305           || Plaq :: 0.593920 
[IO] Calculated Trace :: 0.000305043316917  || Plaq :: 0.593919624623353 

[GF] Using the Fourier accelerated non-linear conjugate gradient (FACG) routines
[GF] Interpolating gauge, accuracy of 1e-14 
[GF] Interpolating temporal epsilon :: 0.3 
[GF] Tuning parameter alpha :: 0.090000 
[GF] Performing AT MOST 6000 iterations before randomly restarting ... 
[GF] Allowing for 7 restarts before complaint ... 
[GF] Approximate O(a) exponential expansion, and reunitarisation in Gauge Fixing.
[IO] file offset 628
[IO] LOOP_VAR = 18
[PAR_RNG] MWC_4096
[PAR_RNG] Entropy read Seed 3738667744
[PAR_RNG] warmed up
[GF] Plaquette :: 0.593919624623352 
[GF] Accuracy :: 7.0588e-15
[GF] Iters :: 123456968
[GF] Link trace :: 0.855431040191267 || Maximum :: 0.997775719064302
[GF] Temporal constance || Lin 7.960492e-06 || Log 1.484586e+00 
[GF] Functional :: 0.130296189708165

[TIMER] elapsed :: 7.053387e+01 s 
[IO] Writing 4D_SU3_GAUGE binary data

[TIMER] elapsed :: 5.635023e-03 s 
[IO] Page size is :: 62.713287, Total malloc [More] 0.060547  [Less] 0.037110 
[IO] Using the faster/memory expensive code 

[TIMER] elapsed :: 3.736591e-02 s 
[IO] Configuration written to /home/jinchen/git/anl/IPG4Lattice/interp_gauge/../ensemble/S16T16_itpg/wilson_b6.itpg.eps0p3.3 
 
Time for config 3, epsilon 0.3: 0 hours 1 minutes 11 seconds
 
Processing configuration 4 at GF_EPSILON = 0.3
Start time for config 4, epsilon 0.3: Sun May 31 09:24:25 PM EDT 2026
[IO] Attempting to read a NERSC file 
[PAR] CONDOR_MODE selected .... 
[IO] reading file /home/jinchen/git/anl/IPG4Lattice/interp_gauge/../ensemble/S16T16/wilson_b6.4
[IO] Configuration number :: 1 
[INIT] GLU is Compiled for SU(3)

[DIMENSIONS] ( 16 x 16 x 16 x 16 )

[INIT] using 16 thread(s) 
[INIT] allocating su(2) subgroup indices
[IO] Read gauge field[IO] file offset 629
[IO] LOOP_VAR = 18
[IO] Reading gauge field (/home/jinchen/git/anl/IPG4Lattice/interp_gauge/../ensemble/S16T16/wilson_b6.4) took
[TIMER] elapsed :: 7.807016e-03 s 
[IO] Header     Trace :: -0.000521           || Plaq :: 0.593793 
[IO] Calculated Trace :: -0.000521065458333  || Plaq :: 0.593792888569615 

[GF] Using the Fourier accelerated non-linear conjugate gradient (FACG) routines
[GF] Interpolating gauge, accuracy of 1e-14 
[GF] Interpolating temporal epsilon :: 0.3 
[GF] Tuning parameter alpha :: 0.090000 
[GF] Performing AT MOST 6000 iterations before randomly restarting ... 
[GF] Allowing for 7 restarts before complaint ... 
[GF] Approximate O(a) exponential expansion, and reunitarisation in Gauge Fixing.
[GF] Plaquette :: 0.593792888569615 
[GF] Accuracy :: 5.9066e-15
[GF] Iters :: 116
[GF] Link trace :: 0.855198171975501 || Maximum :: 0.996678835575110
[GF] Temporal constance || Lin 1.130512e-05 || Log 1.541043e+00 
[GF] Functional :: 0.130770557297790

[TIMER] elapsed :: 1.165642e+00 s 
[IO] Writing 4D_SU3_GAUGE binary data

[TIMER] elapsed :: 8.122921e-03 s 
[IO] Page size is :: 62.713287, Total malloc [More] 0.060547  [Less] 0.037110 
[IO] Using the faster/memory expensive code 

[TIMER] elapsed :: 3.965020e-02 s 
[IO] Configuration written to /home/jinchen/git/anl/IPG4Lattice/interp_gauge/../ensemble/S16T16_itpg/wilson_b6.itpg.eps0p3.4 
 
Time for config 4, epsilon 0.3: 0 hours 0 minutes 1 seconds
 
Processing configuration 5 at GF_EPSILON = 0.3
Start time for config 5, epsilon 0.3: Sun May 31 09:24:26 PM EDT 2026
[IO] Attempting to read a NERSC file 
[PAR] CONDOR_MODE selected .... 
[IO] reading file /home/jinchen/git/anl/IPG4Lattice/interp_gauge/../ensemble/S16T16/wilson_b6.5
[IO] Configuration number :: 1 
[INIT] GLU is Compiled for SU(3)

[DIMENSIONS] ( 16 x 16 x 16 x 16 )

[INIT] using 16 thread(s) 
[INIT] allocating su(2) subgroup indices
[IO] Read gauge field[IO] file offset 628
[IO] LOOP_VAR = 18
[IO] Reading gauge field (/home/jinchen/git/anl/IPG4Lattice/interp_gauge/../ensemble/S16T16/wilson_b6.5) took
[TIMER] elapsed :: 7.817030e-03 s 
[IO] Header     Trace :: 0.000262           || Plaq :: 0.595189 
[IO] Calculated Trace :: 0.000262161386738  || Plaq :: 0.595189412509691 

[GF] Using the Fourier accelerated non-linear conjugate gradient (FACG) routines
[GF] Interpolating gauge, accuracy of 1e-14 
[GF] Interpolating temporal epsilon :: 0.3 
[GF] Tuning parameter alpha :: 0.090000 
[GF] Performing AT MOST 6000 iterations before randomly restarting ... 
[GF] Allowing for 7 restarts before complaint ... 
[GF] Approximate O(a) exponential expansion, and reunitarisation in Gauge Fixing.
[GF] Plaquette :: 0.595189412509690 
[GF] Accuracy :: 7.2444e-15
[GF] Iters :: 221
[GF] Link trace :: 0.856012388239074 || Maximum :: 0.996443231027699
[GF] Temporal constance || Lin 1.084585e-05 || Log 1.563148e+00 
[GF] Functional :: 0.130145784168984

[TIMER] elapsed :: 2.668658e+00 s 
[IO] Writing 4D_SU3_GAUGE binary data

[TIMER] elapsed :: 5.698204e-03 s 
[IO] Page size is :: 62.713287, Total malloc [More] 0.060547  [Less] 0.037110 
[IO] Using the faster/memory expensive code 

[TIMER] elapsed :: 3.741813e-02 s 
[IO] Configuration written to /home/jinchen/git/anl/IPG4Lattice/interp_gauge/../ensemble/S16T16_itpg/wilson_b6.itpg.eps0p3.5 
 
Time for config 5, epsilon 0.3: 0 hours 0 minutes 3 seconds
 
Processing configuration 6 at GF_EPSILON = 0.3
Start time for config 6, epsilon 0.3: Sun May 31 09:24:29 PM EDT 2026
[IO] Attempting to read a NERSC file 
[PAR] CONDOR_MODE selected .... 
[IO] reading file /home/jinchen/git/anl/IPG4Lattice/interp_gauge/../ensemble/S16T16/wilson_b6.6
[IO] Configuration number :: 1 
[INIT] GLU is Compiled for SU(3)

[DIMENSIONS] ( 16 x 16 x 16 x 16 )

[INIT] using 16 thread(s) 
[INIT] allocating su(2) subgroup indices
[IO] Read gauge field[IO] file offset 629
[IO] LOOP_VAR = 18
[IO] Reading gauge field (/home/jinchen/git/anl/IPG4Lattice/interp_gauge/../ensemble/S16T16/wilson_b6.6) took
[TIMER] elapsed :: 7.837057e-03 s 
[IO] Header     Trace :: -0.000063           || Plaq :: 0.593898 
[IO] Calculated Trace :: -0.000062722359870  || Plaq :: 0.593897680812195 

[GF] Using the Fourier accelerated non-linear conjugate gradient (FACG) routines
[GF] Interpolating gauge, accuracy of 1e-14 
[GF] Interpolating temporal epsilon :: 0.3 
[GF] Tuning parameter alpha :: 0.090000 
[GF] Performing AT MOST 6000 iterations before randomly restarting ... 
[GF] Allowing for 7 restarts before complaint ... 
[GF] Approximate O(a) exponential expansion, and reunitarisation in Gauge Fixing.
[GF] Plaquette :: 0.593897680812193 
[GF] Accuracy :: 8.8221e-15
[GF] Iters :: 277
[GF] Link trace :: 0.853804848748051 || Maximum :: 0.997761321615918
[GF] Temporal constance || Lin 3.288797e-05 || Log 1.598886e+00 
[GF] Functional :: 0.131812306044503

[TIMER] elapsed :: 3.125777e+00 s 
[IO] Writing 4D_SU3_GAUGE binary data

[TIMER] elapsed :: 5.682945e-03 s 
[IO] Page size is :: 62.713287, Total malloc [More] 0.060547  [Less] 0.037110 
[IO] Using the faster/memory expensive code 

[TIMER] elapsed :: 3.792620e-02 s 
[IO] Configuration written to /home/jinchen/git/anl/IPG4Lattice/interp_gauge/../ensemble/S16T16_itpg/wilson_b6.itpg.eps0p3.6 
 
Time for config 6, epsilon 0.3: 0 hours 0 minutes 3 seconds
 
Processing configuration 7 at GF_EPSILON = 0.3
Start time for config 7, epsilon 0.3: Sun May 31 09:24:32 PM EDT 2026
[IO] Attempting to read a NERSC file 
[PAR] CONDOR_MODE selected .... 
[IO] reading file /home/jinchen/git/anl/IPG4Lattice/interp_gauge/../ensemble/S16T16/wilson_b6.7
[IO] Configuration number :: 1 
[INIT] GLU is Compiled for SU(3)

[DIMENSIONS] ( 16 x 16 x 16 x 16 )

[INIT] using 16 thread(s) 
[INIT] allocating su(2) subgroup indices
[IO] Read gauge field[IO] file offset 629
[IO] LOOP_VAR = 18
[IO] Reading gauge field (/home/jinchen/git/anl/IPG4Lattice/interp_gauge/../ensemble/S16T16/wilson_b6.7) took
[TIMER] elapsed :: 7.315874e-03 s 
[IO] Header     Trace :: -0.000351           || Plaq :: 0.593812 
[IO] Calculated Trace :: -0.000351102979176  || Plaq :: 0.593812410139570 

[GF] Using the Fourier accelerated non-linear conjugate gradient (FACG) routines
[GF] Interpolating gauge, accuracy of 1e-14 
[GF] Interpolating temporal epsilon :: 0.3 
[GF] Tuning parameter alpha :: 0.090000 
[GF] Performing AT MOST 6000 iterations before randomly restarting ... 
[GF] Allowing for 7 restarts before complaint ... 
[GF] Approximate O(a) exponential expansion, and reunitarisation in Gauge Fixing.
[GF] Plaquette :: 0.593812410139569 
[GF] Accuracy :: 8.2822e-15
[GF] Iters :: 197
[GF] Link trace :: 0.852514925298795 || Maximum :: 0.998488979842192
[GF] Temporal constance || Lin 1.773455e-05 || Log 1.454576e+00 
[GF] Functional :: 0.133112525945134

[TIMER] elapsed :: 2.194602e+00 s 
[IO] Writing 4D_SU3_GAUGE binary data

[TIMER] elapsed :: 5.695105e-03 s 
[IO] Page size is :: 62.713287, Total malloc [More] 0.060547  [Less] 0.037110 
[IO] Using the faster/memory expensive code 

[TIMER] elapsed :: 3.718901e-02 s 
[IO] Configuration written to /home/jinchen/git/anl/IPG4Lattice/interp_gauge/../ensemble/S16T16_itpg/wilson_b6.itpg.eps0p3.7 
 
Time for config 7, epsilon 0.3: 0 hours 0 minutes 3 seconds
 
Processing configuration 8 at GF_EPSILON = 0.3
Start time for config 8, epsilon 0.3: Sun May 31 09:24:35 PM EDT 2026
[IO] Attempting to read a NERSC file 
[PAR] CONDOR_MODE selected .... 
[IO] reading file /home/jinchen/git/anl/IPG4Lattice/interp_gauge/../ensemble/S16T16/wilson_b6.8
[IO] Configuration number :: 1 
[INIT] GLU is Compiled for SU(3)

[DIMENSIONS] ( 16 x 16 x 16 x 16 )

[INIT] using 16 thread(s) 
[INIT] allocating su(2) subgroup indices
[IO] Read gauge field[IO] file offset 629
[IO] LOOP_VAR = 18
[IO] Reading gauge field (/home/jinchen/git/anl/IPG4Lattice/interp_gauge/../ensemble/S16T16/wilson_b6.8) took
[TIMER] elapsed :: 7.593870e-03 s 
[IO] Header     Trace :: -0.000501           || Plaq :: 0.594006 
[IO] Calculated Trace :: -0.000501287251195  || Plaq :: 0.594006348123550 

[GF] Using the Fourier accelerated non-linear conjugate gradient (FACG) routines
[GF] Interpolating gauge, accuracy of 1e-14 
[GF] Interpolating temporal epsilon :: 0.3 
[GF] Tuning parameter alpha :: 0.090000 
[GF] Performing AT MOST 6000 iterations before randomly restarting ... 
[GF] Allowing for 7 restarts before complaint ... 
[GF] Approximate O(a) exponential expansion, and reunitarisation in Gauge Fixing.
[GF] Plaquette :: 0.594006348123547 
[GF] Accuracy :: 9.2874e-15
[GF] Iters :: 611
[GF] Link trace :: 0.852459629996162 || Maximum :: 0.997936046668760
[GF] Temporal constance || Lin 2.259627e-05 || Log 1.781002e+00 
[GF] Functional :: 0.132595817234814

[TIMER] elapsed :: 7.204176e+00 s 
[IO] Writing 4D_SU3_GAUGE binary data

[TIMER] elapsed :: 5.663157e-03 s 
[IO] Page size is :: 62.713287, Total malloc [More] 0.060547  [Less] 0.037110 
[IO] Using the faster/memory expensive code 

[TIMER] elapsed :: 3.817797e-02 s 
[IO] Configuration written to /home/jinchen/git/anl/IPG4Lattice/interp_gauge/../ensemble/S16T16_itpg/wilson_b6.itpg.eps0p3.8 
 
Time for config 8, epsilon 0.3: 0 hours 0 minutes 7 seconds
 
Processing configuration 9 at GF_EPSILON = 0.3
Start time for config 9, epsilon 0.3: Sun May 31 09:24:42 PM EDT 2026
[IO] Attempting to read a NERSC file 
[PAR] CONDOR_MODE selected .... 
[IO] reading file /home/jinchen/git/anl/IPG4Lattice/interp_gauge/../ensemble/S16T16/wilson_b6.9
[IO] Configuration number :: 1 
[INIT] GLU is Compiled for SU(3)

[DIMENSIONS] ( 16 x 16 x 16 x 16 )

[INIT] using 16 thread(s) 
[INIT] allocating su(2) subgroup indices
[IO] Read gauge field[IO] file offset 628
[IO] LOOP_VAR = 18
[IO] Reading gauge field (/home/jinchen/git/anl/IPG4Lattice/interp_gauge/../ensemble/S16T16/wilson_b6.9) took
[TIMER] elapsed :: 8.154154e-03 s 
[IO] Header     Trace :: 0.000435           || Plaq :: 0.593188 
[IO] Calculated Trace :: 0.000435419994833  || Plaq :: 0.593188206700780 

[GF] Using the Fourier accelerated non-linear conjugate gradient (FACG) routines
[GF] Interpolating gauge, accuracy of 1e-14 
[GF] Interpolating temporal epsilon :: 0.3 
[GF] Tuning parameter alpha :: 0.090000 
[GF] Performing AT MOST 6000 iterations before randomly restarting ... 
[GF] Allowing for 7 restarts before complaint ... 
[GF] Approximate O(a) exponential expansion, and reunitarisation in Gauge Fixing.
[GF] Plaquette :: 0.593188206700778 
[GF] Accuracy :: 7.4121e-15
[GF] Iters :: 357
[GF] Link trace :: 0.852630259231622 || Maximum :: 0.998328086456531
[GF] Temporal constance || Lin 3.473058e-05 || Log 1.375068e+00 
[GF] Functional :: 0.132765698425317

[TIMER] elapsed :: 4.239700e+00 s 
[IO] Writing 4D_SU3_GAUGE binary data

[TIMER] elapsed :: 5.748034e-03 s 
[IO] Page size is :: 62.713287, Total malloc [More] 0.060547  [Less] 0.037110 
[IO] Using the faster/memory expensive code 

[TIMER] elapsed :: 3.732514e-02 s 
[IO] Configuration written to /home/jinchen/git/anl/IPG4Lattice/interp_gauge/../ensemble/S16T16_itpg/wilson_b6.itpg.eps0p3.9 
 
Time for config 9, epsilon 0.3: 0 hours 0 minutes 4 seconds
 
Processing configuration 10 at GF_EPSILON = 0.3
Start time for config 10, epsilon 0.3: Sun May 31 09:24:46 PM EDT 2026
[IO] Attempting to read a NERSC file 
[PAR] CONDOR_MODE selected .... 
[IO] reading file /home/jinchen/git/anl/IPG4Lattice/interp_gauge/../ensemble/S16T16/wilson_b6.10
[IO] Configuration number :: 1 
[INIT] GLU is Compiled for SU(3)

[DIMENSIONS] ( 16 x 16 x 16 x 16 )

[INIT] using 16 thread(s) 
[INIT] allocating su(2) subgroup indices
[IO] Read gauge field[IO] file offset 627
[IO] LOOP_VAR = 18
[IO] Reading gauge field (/home/jinchen/git/anl/IPG4Lattice/interp_gauge/../ensemble/S16T16/wilson_b6.10) took
[TIMER] elapsed :: 7.153988e-03 s 
[IO] Header     Trace :: -0.000492           || Plaq :: 0.593864 
[IO] Calculated Trace :: -0.000492318513257  || Plaq :: 0.593864420017452 

[GF] Using the Fourier accelerated non-linear conjugate gradient (FACG) routines
[GF] Interpolating gauge, accuracy of 1e-14 
[GF] Interpolating temporal epsilon :: 0.3 
[GF] Tuning parameter alpha :: 0.090000 
[GF] Performing AT MOST 6000 iterations before randomly restarting ... 
[GF] Allowing for 7 restarts before complaint ... 
[GF] Approximate O(a) exponential expansion, and reunitarisation in Gauge Fixing.
[IO] file offset 627
[IO] LOOP_VAR = 18
[PAR_RNG] MWC_4096
[PAR_RNG] Entropy read Seed 523803273
[PAR_RNG] warmed up
[GF] Plaquette :: 0.593864420017450 
[GF] Accuracy :: 7.7681e-15
[GF] Iters :: 123457333
[GF] Link trace :: 0.852599519423604 || Maximum :: 0.997833411357353
[GF] Temporal constance || Lin 6.194945e-06 || Log 1.712168e+00 
[GF] Functional :: 0.132705879698143

[TIMER] elapsed :: 7.481105e+01 s 
[IO] Writing 4D_SU3_GAUGE binary data

[TIMER] elapsed :: 5.687952e-03 s 
[IO] Page size is :: 62.713287, Total malloc [More] 0.060547  [Less] 0.037110 
[IO] Using the faster/memory expensive code 

[TIMER] elapsed :: 3.758597e-02 s 
[IO] Configuration written to /home/jinchen/git/anl/IPG4Lattice/interp_gauge/../ensemble/S16T16_itpg/wilson_b6.itpg.eps0p3.10 
 
Time for config 10, epsilon 0.3: 0 hours 1 minutes 15 seconds
 
Processing configuration 11 at GF_EPSILON = 0.3
Start time for config 11, epsilon 0.3: Sun May 31 09:26:01 PM EDT 2026
[IO] Attempting to read a NERSC file 
[PAR] CONDOR_MODE selected .... 
[IO] reading file /home/jinchen/git/anl/IPG4Lattice/interp_gauge/../ensemble/S16T16/wilson_b6.11
[IO] Configuration number :: 1 
[INIT] GLU is Compiled for SU(3)

[DIMENSIONS] ( 16 x 16 x 16 x 16 )

[INIT] using 16 thread(s) 
[INIT] allocating su(2) subgroup indices
[IO] Read gauge field[IO] file offset 628
[IO] LOOP_VAR = 18
[IO] Reading gauge field (/home/jinchen/git/anl/IPG4Lattice/interp_gauge/../ensemble/S16T16/wilson_b6.11) took
[TIMER] elapsed :: 7.122040e-03 s 
[IO] Header     Trace :: -0.000046           || Plaq :: 0.593697 
[IO] Calculated Trace :: -0.000045717355199  || Plaq :: 0.593697285308720 

[GF] Using the Fourier accelerated non-linear conjugate gradient (FACG) routines
[GF] Interpolating gauge, accuracy of 1e-14 
[GF] Interpolating temporal epsilon :: 0.3 
[GF] Tuning parameter alpha :: 0.090000 
[GF] Performing AT MOST 6000 iterations before randomly restarting ... 
[GF] Allowing for 7 restarts before complaint ... 
[GF] Approximate O(a) exponential expansion, and reunitarisation in Gauge Fixing.
[GF] Plaquette :: 0.593697285308719 
[GF] Accuracy :: 8.5503e-15
[GF] Iters :: 353
[GF] Link trace :: 0.851679940133079 || Maximum :: 0.996287220713170
[GF] Temporal constance || Lin 2.999906e-05 || Log 1.799295e+00 
[GF] Functional :: 0.133491794038776

[TIMER] elapsed :: 3.999844e+00 s 
[IO] Writing 4D_SU3_GAUGE binary data

[TIMER] elapsed :: 5.729914e-03 s 
[IO] Page size is :: 62.713287, Total malloc [More] 0.060547  [Less] 0.037110 
[IO] Using the faster/memory expensive code 

[TIMER] elapsed :: 3.726006e-02 s 
[IO] Configuration written to /home/jinchen/git/anl/IPG4Lattice/interp_gauge/../ensemble/S16T16_itpg/wilson_b6.itpg.eps0p3.11 
 
Time for config 11, epsilon 0.3: 0 hours 0 minutes 4 seconds
 
Processing configuration 12 at GF_EPSILON = 0.3
Start time for config 12, epsilon 0.3: Sun May 31 09:26:05 PM EDT 2026
[IO] Attempting to read a NERSC file 
[PAR] CONDOR_MODE selected .... 
[IO] reading file /home/jinchen/git/anl/IPG4Lattice/interp_gauge/../ensemble/S16T16/wilson_b6.12
[IO] Configuration number :: 1 
[INIT] GLU is Compiled for SU(3)

[DIMENSIONS] ( 16 x 16 x 16 x 16 )

[INIT] using 16 thread(s) 
[INIT] allocating su(2) subgroup indices
[IO] Read gauge field[IO] file offset 629
[IO] LOOP_VAR = 18
[IO] Reading gauge field (/home/jinchen/git/anl/IPG4Lattice/interp_gauge/../ensemble/S16T16/wilson_b6.12) took
[TIMER] elapsed :: 6.945133e-03 s 
[IO] Header     Trace :: -0.000075           || Plaq :: 0.592770 
[IO] Calculated Trace :: -0.000074924036111  || Plaq :: 0.592770076563330 

[GF] Using the Fourier accelerated non-linear conjugate gradient (FACG) routines
[GF] Interpolating gauge, accuracy of 1e-14 
[GF] Interpolating temporal epsilon :: 0.3 
[GF] Tuning parameter alpha :: 0.090000 
[GF] Performing AT MOST 6000 iterations before randomly restarting ... 
[GF] Allowing for 7 restarts before complaint ... 
[GF] Approximate O(a) exponential expansion, and reunitarisation in Gauge Fixing.
[GF] Plaquette :: 0.592770076563328 
[GF] Accuracy :: 8.8973e-15
[GF] Iters :: 334
[GF] Link trace :: 0.851844766224356 || Maximum :: 0.996795799836166
[GF] Temporal constance || Lin 1.534357e-05 || Log 1.863075e+00 
[GF] Functional :: 0.133611960727528

[TIMER] elapsed :: 3.817509e+00 s 
[IO] Writing 4D_SU3_GAUGE binary data

[TIMER] elapsed :: 5.742073e-03 s 
[IO] Page size is :: 62.713287, Total malloc [More] 0.060547  [Less] 0.037110 
[IO] Using the faster/memory expensive code 

[TIMER] elapsed :: 3.765607e-02 s 
[IO] Configuration written to /home/jinchen/git/anl/IPG4Lattice/interp_gauge/../ensemble/S16T16_itpg/wilson_b6.itpg.eps0p3.12 
 
Time for config 12, epsilon 0.3: 0 hours 0 minutes 4 seconds
 
Processing configuration 13 at GF_EPSILON = 0.3
Start time for config 13, epsilon 0.3: Sun May 31 09:26:09 PM EDT 2026
[IO] Attempting to read a NERSC file 
[PAR] CONDOR_MODE selected .... 
[IO] reading file /home/jinchen/git/anl/IPG4Lattice/interp_gauge/../ensemble/S16T16/wilson_b6.13
[IO] Configuration number :: 1 
[INIT] GLU is Compiled for SU(3)

[DIMENSIONS] ( 16 x 16 x 16 x 16 )

[INIT] using 16 thread(s) 
[INIT] allocating su(2) subgroup indices
[IO] Read gauge field[IO] file offset 627
[IO] LOOP_VAR = 18
[IO] Reading gauge field (/home/jinchen/git/anl/IPG4Lattice/interp_gauge/../ensemble/S16T16/wilson_b6.13) took
[TIMER] elapsed :: 1.126003e-02 s 
[IO] Header     Trace :: 0.000563           || Plaq :: 0.593122 
[IO] Calculated Trace :: 0.000563240048329  || Plaq :: 0.593121916995068 

[GF] Using the Fourier accelerated non-linear conjugate gradient (FACG) routines
[GF] Interpolating gauge, accuracy of 1e-14 
[GF] Interpolating temporal epsilon :: 0.3 
[GF] Tuning parameter alpha :: 0.090000 
[GF] Performing AT MOST 6000 iterations before randomly restarting ... 
[GF] Allowing for 7 restarts before complaint ... 
[GF] Approximate O(a) exponential expansion, and reunitarisation in Gauge Fixing.
[GF] Plaquette :: 0.593121916995067 
[GF] Accuracy :: 9.7549e-15
[GF] Iters :: 188
[GF] Link trace :: 0.852520377091594 || Maximum :: 0.996712997276017
[GF] Temporal constance || Lin 5.525750e-06 || Log 2.717420e+00 
[GF] Functional :: 0.133049946647437

[TIMER] elapsed :: 2.045135e+00 s 
[IO] Writing 4D_SU3_GAUGE binary data

[TIMER] elapsed :: 1.379299e-02 s 
[IO] Page size is :: 62.713287, Total malloc [More] 0.060547  [Less] 0.037110 
[IO] Using the faster/memory expensive code 

[TIMER] elapsed :: 4.499888e-02 s 
[IO] Configuration written to /home/jinchen/git/anl/IPG4Lattice/interp_gauge/../ensemble/S16T16_itpg/wilson_b6.itpg.eps0p3.13 
 
Time for config 13, epsilon 0.3: 0 hours 0 minutes 2 seconds
 
Processing configuration 14 at GF_EPSILON = 0.3
Start time for config 14, epsilon 0.3: Sun May 31 09:26:11 PM EDT 2026
[IO] Attempting to read a NERSC file 
[PAR] CONDOR_MODE selected .... 
[IO] reading file /home/jinchen/git/anl/IPG4Lattice/interp_gauge/../ensemble/S16T16/wilson_b6.14
[IO] Configuration number :: 1 
[INIT] GLU is Compiled for SU(3)

[DIMENSIONS] ( 16 x 16 x 16 x 16 )

[INIT] using 16 thread(s) 
[INIT] allocating su(2) subgroup indices
[IO] Read gauge field[IO] file offset 628
[IO] LOOP_VAR = 18
[IO] Reading gauge field (/home/jinchen/git/anl/IPG4Lattice/interp_gauge/../ensemble/S16T16/wilson_b6.14) took
[TIMER] elapsed :: 9.549141e-03 s 
[IO] Header     Trace :: 0.000154           || Plaq :: 0.593187 
[IO] Calculated Trace :: 0.000153664637411  || Plaq :: 0.593187026863556 

[GF] Using the Fourier accelerated non-linear conjugate gradient (FACG) routines
[GF] Interpolating gauge, accuracy of 1e-14 
[GF] Interpolating temporal epsilon :: 0.3 
[GF] Tuning parameter alpha :: 0.090000 
[GF] Performing AT MOST 6000 iterations before randomly restarting ... 
[GF] Allowing for 7 restarts before complaint ... 
[GF] Approximate O(a) exponential expansion, and reunitarisation in Gauge Fixing.
[GF] Plaquette :: 0.593187026863555 
[GF] Accuracy :: 7.5729e-15
[GF] Iters :: 410
[GF] Link trace :: 0.851942315631537 || Maximum :: 0.997511745171792
[GF] Temporal constance || Lin 1.554578e-05 || Log 2.311026e+00 
[GF] Functional :: 0.133400673865420

[TIMER] elapsed :: 4.607666e+00 s 
[IO] Writing 4D_SU3_GAUGE binary data

[TIMER] elapsed :: 5.774975e-03 s 
[IO] Page size is :: 62.713287, Total malloc [More] 0.060547  [Less] 0.037110 
[IO] Using the faster/memory expensive code 

[TIMER] elapsed :: 3.735495e-02 s 
[IO] Configuration written to /home/jinchen/git/anl/IPG4Lattice/interp_gauge/../ensemble/S16T16_itpg/wilson_b6.itpg.eps0p3.14 
 
Time for config 14, epsilon 0.3: 0 hours 0 minutes 5 seconds
 
Processing configuration 15 at GF_EPSILON = 0.3
Start time for config 15, epsilon 0.3: Sun May 31 09:26:16 PM EDT 2026
[IO] Attempting to read a NERSC file 
[PAR] CONDOR_MODE selected .... 
[IO] reading file /home/jinchen/git/anl/IPG4Lattice/interp_gauge/../ensemble/S16T16/wilson_b6.15
[IO] Configuration number :: 1 
[INIT] GLU is Compiled for SU(3)

[DIMENSIONS] ( 16 x 16 x 16 x 16 )

[INIT] using 16 thread(s) 
[INIT] allocating su(2) subgroup indices
[IO] Read gauge field[IO] file offset 628
[IO] LOOP_VAR = 18
[IO] Reading gauge field (/home/jinchen/git/anl/IPG4Lattice/interp_gauge/../ensemble/S16T16/wilson_b6.15) took
[TIMER] elapsed :: 6.930113e-03 s 
[IO] Header     Trace :: 0.000336           || Plaq :: 0.593793 
[IO] Calculated Trace :: 0.000336033067570  || Plaq :: 0.593793179088433 

[GF] Using the Fourier accelerated non-linear conjugate gradient (FACG) routines
[GF] Interpolating gauge, accuracy of 1e-14 
[GF] Interpolating temporal epsilon :: 0.3 
[GF] Tuning parameter alpha :: 0.090000 
[GF] Performing AT MOST 6000 iterations before randomly restarting ... 
[GF] Allowing for 7 restarts before complaint ... 
[GF] Approximate O(a) exponential expansion, and reunitarisation in Gauge Fixing.
[GF] Plaquette :: 0.593793179088419 
[GF] Accuracy :: 9.1683e-15
[GF] Iters :: 1640
[GF] Link trace :: 0.852207041054516 || Maximum :: 0.998499962395058
[GF] Temporal constance || Lin 2.717814e-05 || Log 1.853777e+00 
[GF] Functional :: 0.132895463366258

[TIMER] elapsed :: 1.818858e+01 s 
[IO] Writing 4D_SU3_GAUGE binary data

[TIMER] elapsed :: 1.662993e-02 s 
[IO] Page size is :: 62.713287, Total malloc [More] 0.060547  [Less] 0.037110 
[IO] Using the faster/memory expensive code 

[TIMER] elapsed :: 5.328417e-02 s 
[IO] Configuration written to /home/jinchen/git/anl/IPG4Lattice/interp_gauge/../ensemble/S16T16_itpg/wilson_b6.itpg.eps0p3.15 
 
Time for config 15, epsilon 0.3: 0 hours 0 minutes 18 seconds
 
Processing configuration 16 at GF_EPSILON = 0.3
Start time for config 16, epsilon 0.3: Sun May 31 09:26:34 PM EDT 2026
[IO] Attempting to read a NERSC file 
[PAR] CONDOR_MODE selected .... 
[IO] reading file /home/jinchen/git/anl/IPG4Lattice/interp_gauge/../ensemble/S16T16/wilson_b6.16
[IO] Configuration number :: 1 
[INIT] GLU is Compiled for SU(3)

[DIMENSIONS] ( 16 x 16 x 16 x 16 )

[INIT] using 16 thread(s) 
[INIT] allocating su(2) subgroup indices
[IO] Read gauge field[IO] file offset 629
[IO] LOOP_VAR = 18
[IO] Reading gauge field (/home/jinchen/git/anl/IPG4Lattice/interp_gauge/../ensemble/S16T16/wilson_b6.16) took
[TIMER] elapsed :: 7.097960e-03 s 
[IO] Header     Trace :: -0.000059           || Plaq :: 0.593916 
[IO] Calculated Trace :: -0.000058578013127  || Plaq :: 0.593915742864257 

[GF] Using the Fourier accelerated non-linear conjugate gradient (FACG) routines
[GF] Interpolating gauge, accuracy of 1e-14 
[GF] Interpolating temporal epsilon :: 0.3 
[GF] Tuning parameter alpha :: 0.090000 
[GF] Performing AT MOST 6000 iterations before randomly restarting ... 
[GF] Allowing for 7 restarts before complaint ... 
[GF] Approximate O(a) exponential expansion, and reunitarisation in Gauge Fixing.
[GF] Plaquette :: 0.593915742864256 
[GF] Accuracy :: 8.3101e-15
[GF] Iters :: 310
[GF] Link trace :: 0.852691422685684 || Maximum :: 0.996979953001739
[GF] Temporal constance || Lin 1.767753e-05 || Log 2.310832e+00 
[GF] Functional :: 0.132752962211830

[TIMER] elapsed :: 3.622369e+00 s 
[IO] Writing 4D_SU3_GAUGE binary data

[TIMER] elapsed :: 5.676985e-03 s 
[IO] Page size is :: 62.713287, Total malloc [More] 0.060547  [Less] 0.037110 
[IO] Using the faster/memory expensive code 

[TIMER] elapsed :: 3.695202e-02 s 
[IO] Configuration written to /home/jinchen/git/anl/IPG4Lattice/interp_gauge/../ensemble/S16T16_itpg/wilson_b6.itpg.eps0p3.16 
 
Time for config 16, epsilon 0.3: 0 hours 0 minutes 4 seconds
 
Processing configuration 17 at GF_EPSILON = 0.3
Start time for config 17, epsilon 0.3: Sun May 31 09:26:38 PM EDT 2026
[IO] Attempting to read a NERSC file 
[PAR] CONDOR_MODE selected .... 
[IO] reading file /home/jinchen/git/anl/IPG4Lattice/interp_gauge/../ensemble/S16T16/wilson_b6.17
[IO] Configuration number :: 1 
[INIT] GLU is Compiled for SU(3)

[DIMENSIONS] ( 16 x 16 x 16 x 16 )

[INIT] using 16 thread(s) 
[INIT] allocating su(2) subgroup indices
[IO] Read gauge field[IO] file offset 628
[IO] LOOP_VAR = 18
[IO] Reading gauge field (/home/jinchen/git/anl/IPG4Lattice/interp_gauge/../ensemble/S16T16/wilson_b6.17) took
[TIMER] elapsed :: 6.954193e-03 s 
[IO] Header     Trace :: 0.000415           || Plaq :: 0.594094 
[IO] Calculated Trace :: 0.000415141917171  || Plaq :: 0.594094393334066 

[GF] Using the Fourier accelerated non-linear conjugate gradient (FACG) routines
[GF] Interpolating gauge, accuracy of 1e-14 
[GF] Interpolating temporal epsilon :: 0.3 
[GF] Tuning parameter alpha :: 0.090000 
[GF] Performing AT MOST 6000 iterations before randomly restarting ... 
[GF] Allowing for 7 restarts before complaint ... 
[GF] Approximate O(a) exponential expansion, and reunitarisation in Gauge Fixing.
[GF] Plaquette :: 0.594094393334064 
[GF] Accuracy :: 7.3491e-15
[GF] Iters :: 282
[GF] Link trace :: 0.852622257558021 || Maximum :: 0.996375760806382
[GF] Temporal constance || Lin 2.816131e-05 || Log 2.537742e+00 
[GF] Functional :: 0.132424128342362

[TIMER] elapsed :: 3.257843e+00 s 
[IO] Writing 4D_SU3_GAUGE binary data

[TIMER] elapsed :: 5.757093e-03 s 
[IO] Page size is :: 62.713287, Total malloc [More] 0.060547  [Less] 0.037110 
[IO] Using the faster/memory expensive code 

[TIMER] elapsed :: 3.677511e-02 s 
[IO] Configuration written to /home/jinchen/git/anl/IPG4Lattice/interp_gauge/../ensemble/S16T16_itpg/wilson_b6.itpg.eps0p3.17 
 
Time for config 17, epsilon 0.3: 0 hours 0 minutes 3 seconds
 
Processing configuration 18 at GF_EPSILON = 0.3
Start time for config 18, epsilon 0.3: Sun May 31 09:26:41 PM EDT 2026
[IO] Attempting to read a NERSC file 
[PAR] CONDOR_MODE selected .... 
[IO] reading file /home/jinchen/git/anl/IPG4Lattice/interp_gauge/../ensemble/S16T16/wilson_b6.18
[IO] Configuration number :: 1 
[INIT] GLU is Compiled for SU(3)

[DIMENSIONS] ( 16 x 16 x 16 x 16 )

[INIT] using 16 thread(s) 
[INIT] allocating su(2) subgroup indices
[IO] Read gauge field[IO] file offset 628
[IO] LOOP_VAR = 18
[IO] Reading gauge field (/home/jinchen/git/anl/IPG4Lattice/interp_gauge/../ensemble/S16T16/wilson_b6.18) took
[TIMER] elapsed :: 6.979942e-03 s 
[IO] Header     Trace :: 0.000461           || Plaq :: 0.593966 
[IO] Calculated Trace :: 0.000461158927699  || Plaq :: 0.593966119332622 

[GF] Using the Fourier accelerated non-linear conjugate gradient (FACG) routines
[GF] Interpolating gauge, accuracy of 1e-14 
[GF] Interpolating temporal epsilon :: 0.3 
[GF] Tuning parameter alpha :: 0.090000 
[GF] Performing AT MOST 6000 iterations before randomly restarting ... 
[GF] Allowing for 7 restarts before complaint ... 
[GF] Approximate O(a) exponential expansion, and reunitarisation in Gauge Fixing.
[GF] Plaquette :: 0.593966119332613 
[GF] Accuracy :: 8.2019e-15
[GF] Iters :: 1116
[GF] Link trace :: 0.852403058929527 || Maximum :: 0.997174381704094
[GF] Temporal constance || Lin 1.744182e-05 || Log 1.754211e+00 
[GF] Functional :: 0.132900759761764

[TIMER] elapsed :: 1.266030e+01 s 
[IO] Writing 4D_SU3_GAUGE binary data

[TIMER] elapsed :: 5.659103e-03 s 
[IO] Page size is :: 62.713287, Total malloc [More] 0.060547  [Less] 0.037110 
[IO] Using the faster/memory expensive code 

[TIMER] elapsed :: 3.865695e-02 s 
[IO] Configuration written to /home/jinchen/git/anl/IPG4Lattice/interp_gauge/../ensemble/S16T16_itpg/wilson_b6.itpg.eps0p3.18 
 
Time for config 18, epsilon 0.3: 0 hours 0 minutes 13 seconds
 
Processing configuration 19 at GF_EPSILON = 0.3
Start time for config 19, epsilon 0.3: Sun May 31 09:26:54 PM EDT 2026
[IO] Attempting to read a NERSC file 
[PAR] CONDOR_MODE selected .... 
[IO] reading file /home/jinchen/git/anl/IPG4Lattice/interp_gauge/../ensemble/S16T16/wilson_b6.19
[IO] Configuration number :: 1 
[INIT] GLU is Compiled for SU(3)

[DIMENSIONS] ( 16 x 16 x 16 x 16 )

[INIT] using 16 thread(s) 
[INIT] allocating su(2) subgroup indices
[IO] Read gauge field[IO] file offset 628
[IO] LOOP_VAR = 18
[IO] Reading gauge field (/home/jinchen/git/anl/IPG4Lattice/interp_gauge/../ensemble/S16T16/wilson_b6.19) took
[TIMER] elapsed :: 7.392168e-03 s 
[IO] Header     Trace :: 0.000391           || Plaq :: 0.593388 
[IO] Calculated Trace :: 0.000391131672095  || Plaq :: 0.593388118495758 

[GF] Using the Fourier accelerated non-linear conjugate gradient (FACG) routines
[GF] Interpolating gauge, accuracy of 1e-14 
[GF] Interpolating temporal epsilon :: 0.3 
[GF] Tuning parameter alpha :: 0.090000 
[GF] Performing AT MOST 6000 iterations before randomly restarting ... 
[GF] Allowing for 7 restarts before complaint ... 
[GF] Approximate O(a) exponential expansion, and reunitarisation in Gauge Fixing.
[GF] Plaquette :: 0.593388118495757 
[GF] Accuracy :: 6.7947e-15
[GF] Iters :: 310
[GF] Link trace :: 0.852531607390255 || Maximum :: 0.996850099525752
[GF] Temporal constance || Lin 3.454701e-05 || Log 1.783298e+00 
[GF] Functional :: 0.132735046976896

[TIMER] elapsed :: 3.447144e+00 s 
[IO] Writing 4D_SU3_GAUGE binary data

[TIMER] elapsed :: 5.707979e-03 s 
[IO] Page size is :: 62.713287, Total malloc [More] 0.060547  [Less] 0.037110 
[IO] Using the faster/memory expensive code 

[TIMER] elapsed :: 3.672409e-02 s 
[IO] Configuration written to /home/jinchen/git/anl/IPG4Lattice/interp_gauge/../ensemble/S16T16_itpg/wilson_b6.itpg.eps0p3.19 
 
Time for config 19, epsilon 0.3: 0 hours 0 minutes 4 seconds
 
Processing configuration 20 at GF_EPSILON = 0.3
Start time for config 20, epsilon 0.3: Sun May 31 09:26:58 PM EDT 2026
[IO] Attempting to read a NERSC file 
[PAR] CONDOR_MODE selected .... 
[IO] reading file /home/jinchen/git/anl/IPG4Lattice/interp_gauge/../ensemble/S16T16/wilson_b6.20
[IO] Configuration number :: 1 
[INIT] GLU is Compiled for SU(3)

[DIMENSIONS] ( 16 x 16 x 16 x 16 )

[INIT] using 16 thread(s) 
[INIT] allocating su(2) subgroup indices
[IO] Read gauge field[IO] file offset 626
[IO] LOOP_VAR = 18
[IO] Reading gauge field (/home/jinchen/git/anl/IPG4Lattice/interp_gauge/../ensemble/S16T16/wilson_b6.20) took
[TIMER] elapsed :: 9.617090e-03 s 
[IO] Header     Trace :: 0.000449           || Plaq :: 0.593942 
[IO] Calculated Trace :: 0.000448920480264  || Plaq :: 0.593941509961677 

[GF] Using the Fourier accelerated non-linear conjugate gradient (FACG) routines
[GF] Interpolating gauge, accuracy of 1e-14 
[GF] Interpolating temporal epsilon :: 0.3 
[GF] Tuning parameter alpha :: 0.090000 
[GF] Performing AT MOST 6000 iterations before randomly restarting ... 
[GF] Allowing for 7 restarts before complaint ... 
[GF] Approximate O(a) exponential expansion, and reunitarisation in Gauge Fixing.
[GF] Plaquette :: 0.593941509961673 
[GF] Accuracy :: 8.3160e-15
[GF] Iters :: 514
[GF] Link trace :: 0.851233747933948 || Maximum :: 0.996900214561341
[GF] Temporal constance || Lin 2.944570e-05 || Log 2.164465e+00 
[GF] Functional :: 0.133979415312249

[TIMER] elapsed :: 6.133733e+00 s 
[IO] Writing 4D_SU3_GAUGE binary data

[TIMER] elapsed :: 5.650997e-03 s 
[IO] Page size is :: 62.713287, Total malloc [More] 0.060547  [Less] 0.037110 
[IO] Using the faster/memory expensive code 

[TIMER] elapsed :: 3.816581e-02 s 
[IO] Configuration written to /home/jinchen/git/anl/IPG4Lattice/interp_gauge/../ensemble/S16T16_itpg/wilson_b6.itpg.eps0p3.20 
 
Time for config 20, epsilon 0.3: 0 hours 0 minutes 6 seconds
 
Processing configuration 21 at GF_EPSILON = 0.3
Start time for config 21, epsilon 0.3: Sun May 31 09:27:04 PM EDT 2026
[IO] Attempting to read a NERSC file 
[PAR] CONDOR_MODE selected .... 
[IO] reading file /home/jinchen/git/anl/IPG4Lattice/interp_gauge/../ensemble/S16T16/wilson_b6.21
[IO] Configuration number :: 1 
[INIT] GLU is Compiled for SU(3)

[DIMENSIONS] ( 16 x 16 x 16 x 16 )

[INIT] using 16 thread(s) 
[INIT] allocating su(2) subgroup indices
[IO] Read gauge field[IO] file offset 628
[IO] LOOP_VAR = 18
[IO] Reading gauge field (/home/jinchen/git/anl/IPG4Lattice/interp_gauge/../ensemble/S16T16/wilson_b6.21) took
[TIMER] elapsed :: 7.176161e-03 s 
[IO] Header     Trace :: 0.000384           || Plaq :: 0.593582 
[IO] Calculated Trace :: 0.000383655035544  || Plaq :: 0.593582226778187 

[GF] Using the Fourier accelerated non-linear conjugate gradient (FACG) routines
[GF] Interpolating gauge, accuracy of 1e-14 
[GF] Interpolating temporal epsilon :: 0.3 
[GF] Tuning parameter alpha :: 0.090000 
[GF] Performing AT MOST 6000 iterations before randomly restarting ... 
[GF] Allowing for 7 restarts before complaint ... 
[GF] Approximate O(a) exponential expansion, and reunitarisation in Gauge Fixing.
[GF] Plaquette :: 0.593582226778186 
[GF] Accuracy :: 7.5300e-15
[GF] Iters :: 637
[GF] Link trace :: 0.852513408124781 || Maximum :: 0.998423054648414
[GF] Temporal constance || Lin 3.665793e-05 || Log 1.770082e+00 
[GF] Functional :: 0.132959616763124

[TIMER] elapsed :: 7.350738e+00 s 
[IO] Writing 4D_SU3_GAUGE binary data

[TIMER] elapsed :: 5.720854e-03 s 
[IO] Page size is :: 62.713287, Total malloc [More] 0.060547  [Less] 0.037110 
[IO] Using the faster/memory expensive code 

[TIMER] elapsed :: 3.858995e-02 s 
[IO] Configuration written to /home/jinchen/git/anl/IPG4Lattice/interp_gauge/../ensemble/S16T16_itpg/wilson_b6.itpg.eps0p3.21 
 
Time for config 21, epsilon 0.3: 0 hours 0 minutes 7 seconds
 
Processing configuration 22 at GF_EPSILON = 0.3
Start time for config 22, epsilon 0.3: Sun May 31 09:27:11 PM EDT 2026
[IO] Attempting to read a NERSC file 
[PAR] CONDOR_MODE selected .... 
[IO] reading file /home/jinchen/git/anl/IPG4Lattice/interp_gauge/../ensemble/S16T16/wilson_b6.22
[IO] Configuration number :: 1 
[INIT] GLU is Compiled for SU(3)

[DIMENSIONS] ( 16 x 16 x 16 x 16 )

[INIT] using 16 thread(s) 
[INIT] allocating su(2) subgroup indices
[IO] Read gauge field[IO] file offset 626
[IO] LOOP_VAR = 18
[IO] Reading gauge field (/home/jinchen/git/anl/IPG4Lattice/interp_gauge/../ensemble/S16T16/wilson_b6.22) took
[TIMER] elapsed :: 6.923914e-03 s 
[IO] Header     Trace :: 0.000005           || Plaq :: 0.593564 
[IO] Calculated Trace :: 0.000004654203719  || Plaq :: 0.593564090041696 

[GF] Using the Fourier accelerated non-linear conjugate gradient (FACG) routines
[GF] Interpolating gauge, accuracy of 1e-14 
[GF] Interpolating temporal epsilon :: 0.3 
[GF] Tuning parameter alpha :: 0.090000 
[GF] Performing AT MOST 6000 iterations before randomly restarting ... 
[GF] Allowing for 7 restarts before complaint ... 
[GF] Approximate O(a) exponential expansion, and reunitarisation in Gauge Fixing.
[GF] Plaquette :: 0.593564090041695 
[GF] Accuracy :: 7.9012e-15
[GF] Iters :: 290
[GF] Link trace :: 0.852730101750314 || Maximum :: 0.996633297487082
[GF] Temporal constance || Lin 9.455168e-06 || Log 1.684714e+00 
[GF] Functional :: 0.132786085452170

[TIMER] elapsed :: 3.212209e+00 s 
[IO] Writing 4D_SU3_GAUGE binary data

[TIMER] elapsed :: 5.769014e-03 s 
[IO] Page size is :: 62.713287, Total malloc [More] 0.060547  [Less] 0.037110 
[IO] Using the faster/memory expensive code 

[TIMER] elapsed :: 3.675508e-02 s 
[IO] Configuration written to /home/jinchen/git/anl/IPG4Lattice/interp_gauge/../ensemble/S16T16_itpg/wilson_b6.itpg.eps0p3.22 
 
Time for config 22, epsilon 0.3: 0 hours 0 minutes 4 seconds
 
Processing configuration 23 at GF_EPSILON = 0.3
Start time for config 23, epsilon 0.3: Sun May 31 09:27:15 PM EDT 2026
[IO] Attempting to read a NERSC file 
[PAR] CONDOR_MODE selected .... 
[IO] reading file /home/jinchen/git/anl/IPG4Lattice/interp_gauge/../ensemble/S16T16/wilson_b6.23
[IO] Configuration number :: 1 
[INIT] GLU is Compiled for SU(3)

[DIMENSIONS] ( 16 x 16 x 16 x 16 )

[INIT] using 16 thread(s) 
[INIT] allocating su(2) subgroup indices
[IO] Read gauge field[IO] file offset 629
[IO] LOOP_VAR = 18
[IO] Reading gauge field (/home/jinchen/git/anl/IPG4Lattice/interp_gauge/../ensemble/S16T16/wilson_b6.23) took
[TIMER] elapsed :: 1.136708e-02 s 
[IO] Header     Trace :: -0.000546           || Plaq :: 0.592823 
[IO] Calculated Trace :: -0.000546026009163  || Plaq :: 0.592822583876793 

[GF] Using the Fourier accelerated non-linear conjugate gradient (FACG) routines
[GF] Interpolating gauge, accuracy of 1e-14 
[GF] Interpolating temporal epsilon :: 0.3 
[GF] Tuning parameter alpha :: 0.090000 
[GF] Performing AT MOST 6000 iterations before randomly restarting ... 
[GF] Allowing for 7 restarts before complaint ... 
[GF] Approximate O(a) exponential expansion, and reunitarisation in Gauge Fixing.
[GF] Plaquette :: 0.592822583876791 
[GF] Accuracy :: 9.8093e-15
[GF] Iters :: 477
[GF] Link trace :: 0.851949418390726 || Maximum :: 0.996542285946200
[GF] Temporal constance || Lin 3.116006e-05 || Log 1.523327e+00 
[GF] Functional :: 0.133318452605320

[TIMER] elapsed :: 5.404953e+00 s 
[IO] Writing 4D_SU3_GAUGE binary data

[TIMER] elapsed :: 5.707979e-03 s 
[IO] Page size is :: 62.713287, Total malloc [More] 0.060547  [Less] 0.037110 
[IO] Using the faster/memory expensive code 

[TIMER] elapsed :: 3.725815e-02 s 
[IO] Configuration written to /home/jinchen/git/anl/IPG4Lattice/interp_gauge/../ensemble/S16T16_itpg/wilson_b6.itpg.eps0p3.23 
 
Time for config 23, epsilon 0.3: 0 hours 0 minutes 5 seconds
 
Processing configuration 24 at GF_EPSILON = 0.3
Start time for config 24, epsilon 0.3: Sun May 31 09:27:20 PM EDT 2026
[IO] Attempting to read a NERSC file 
[PAR] CONDOR_MODE selected .... 
[IO] reading file /home/jinchen/git/anl/IPG4Lattice/interp_gauge/../ensemble/S16T16/wilson_b6.24
[IO] Configuration number :: 1 
[INIT] GLU is Compiled for SU(3)

[DIMENSIONS] ( 16 x 16 x 16 x 16 )

[INIT] using 16 thread(s) 
[INIT] allocating su(2) subgroup indices
[IO] Read gauge field[IO] file offset 629
[IO] LOOP_VAR = 18
[IO] Reading gauge field (/home/jinchen/git/anl/IPG4Lattice/interp_gauge/../ensemble/S16T16/wilson_b6.24) took
[TIMER] elapsed :: 6.952047e-03 s 
[IO] Header     Trace :: -0.000619           || Plaq :: 0.593879 
[IO] Calculated Trace :: -0.000619472838589  || Plaq :: 0.593879209581096 

[GF] Using the Fourier accelerated non-linear conjugate gradient (FACG) routines
[GF] Interpolating gauge, accuracy of 1e-14 
[GF] Interpolating temporal epsilon :: 0.3 
[GF] Tuning parameter alpha :: 0.090000 
[GF] Performing AT MOST 6000 iterations before randomly restarting ... 
[GF] Allowing for 7 restarts before complaint ... 
[GF] Approximate O(a) exponential expansion, and reunitarisation in Gauge Fixing.
[GF] Plaquette :: 0.593879209581094 
[GF] Accuracy :: 9.8109e-15
[GF] Iters :: 296
[GF] Link trace :: 0.852287680100404 || Maximum :: 0.996361776975619
[GF] Temporal constance || Lin 1.493052e-05 || Log 1.723792e+00 
[GF] Functional :: 0.132891309457291

[TIMER] elapsed :: 3.300536e+00 s 
[IO] Writing 4D_SU3_GAUGE binary data

[TIMER] elapsed :: 5.614996e-03 s 
[IO] Page size is :: 62.713287, Total malloc [More] 0.060547  [Less] 0.037110 
[IO] Using the faster/memory expensive code 

[TIMER] elapsed :: 3.810406e-02 s 
[IO] Configuration written to /home/jinchen/git/anl/IPG4Lattice/interp_gauge/../ensemble/S16T16_itpg/wilson_b6.itpg.eps0p3.24 
 
Time for config 24, epsilon 0.3: 0 hours 0 minutes 4 seconds
 
Processing configuration 25 at GF_EPSILON = 0.3
Start time for config 25, epsilon 0.3: Sun May 31 09:27:24 PM EDT 2026
[IO] Attempting to read a NERSC file 
[PAR] CONDOR_MODE selected .... 
[IO] reading file /home/jinchen/git/anl/IPG4Lattice/interp_gauge/../ensemble/S16T16/wilson_b6.25
[IO] Configuration number :: 1 
[INIT] GLU is Compiled for SU(3)

[DIMENSIONS] ( 16 x 16 x 16 x 16 )

[INIT] using 16 thread(s) 
[INIT] allocating su(2) subgroup indices
[IO] Read gauge field[IO] file offset 629
[IO] LOOP_VAR = 18
[IO] Reading gauge field (/home/jinchen/git/anl/IPG4Lattice/interp_gauge/../ensemble/S16T16/wilson_b6.25) took
[TIMER] elapsed :: 9.841919e-03 s 
[IO] Header     Trace :: -0.000247           || Plaq :: 0.593455 
[IO] Calculated Trace :: -0.000247462499682  || Plaq :: 0.593454938518504 

[GF] Using the Fourier accelerated non-linear conjugate gradient (FACG) routines
[GF] Interpolating gauge, accuracy of 1e-14 
[GF] Interpolating temporal epsilon :: 0.3 
[GF] Tuning parameter alpha :: 0.090000 
[GF] Performing AT MOST 6000 iterations before randomly restarting ... 
[GF] Allowing for 7 restarts before complaint ... 
[GF] Approximate O(a) exponential expansion, and reunitarisation in Gauge Fixing.
[GF] Plaquette :: 0.593454938518501 
[GF] Accuracy :: 9.1468e-15
[GF] Iters :: 969
[GF] Link trace :: 0.850979185638263 || Maximum :: 0.998060182972096
[GF] Temporal constance || Lin 4.967479e-05 || Log 1.612657e+00 
[GF] Functional :: 0.133741945786939

[TIMER] elapsed :: 1.105320e+01 s 
[IO] Writing 4D_SU3_GAUGE binary data

[TIMER] elapsed :: 5.710125e-03 s 
[IO] Page size is :: 62.713287, Total malloc [More] 0.060547  [Less] 0.037110 
[IO] Using the faster/memory expensive code 

[TIMER] elapsed :: 3.826499e-02 s 
[IO] Configuration written to /home/jinchen/git/anl/IPG4Lattice/interp_gauge/../ensemble/S16T16_itpg/wilson_b6.itpg.eps0p3.25 
 
Time for config 25, epsilon 0.3: 0 hours 0 minutes 11 seconds
 
Processing configuration 26 at GF_EPSILON = 0.3
Start time for config 26, epsilon 0.3: Sun May 31 09:27:35 PM EDT 2026
[IO] Attempting to read a NERSC file 
[PAR] CONDOR_MODE selected .... 
[IO] reading file /home/jinchen/git/anl/IPG4Lattice/interp_gauge/../ensemble/S16T16/wilson_b6.26
[IO] Configuration number :: 1 
[INIT] GLU is Compiled for SU(3)

[DIMENSIONS] ( 16 x 16 x 16 x 16 )

[INIT] using 16 thread(s) 
[INIT] allocating su(2) subgroup indices
[IO] Read gauge field[IO] file offset 628
[IO] LOOP_VAR = 18
[IO] Reading gauge field (/home/jinchen/git/anl/IPG4Lattice/interp_gauge/../ensemble/S16T16/wilson_b6.26) took
[TIMER] elapsed :: 6.988049e-03 s 
[IO] Header     Trace :: 0.000021           || Plaq :: 0.594287 
[IO] Calculated Trace :: 0.000020601789758  || Plaq :: 0.594287427340294 

[GF] Using the Fourier accelerated non-linear conjugate gradient (FACG) routines
[GF] Interpolating gauge, accuracy of 1e-14 
[GF] Interpolating temporal epsilon :: 0.3 
[GF] Tuning parameter alpha :: 0.090000 
[GF] Performing AT MOST 6000 iterations before randomly restarting ... 
[GF] Allowing for 7 restarts before complaint ... 
[GF] Approximate O(a) exponential expansion, and reunitarisation in Gauge Fixing.
[GF] Plaquette :: 0.594287427340292 
[GF] Accuracy :: 7.0544e-15
[GF] Iters :: 279
[GF] Link trace :: 0.852174373431098 || Maximum :: 0.997221607760783
[GF] Temporal constance || Lin 2.234100e-05 || Log 2.051613e+00 
[GF] Functional :: 0.133001312591166

[TIMER] elapsed :: 3.006065e+00 s 
[IO] Writing 4D_SU3_GAUGE binary data

[TIMER] elapsed :: 5.723000e-03 s 
[IO] Page size is :: 62.713287, Total malloc [More] 0.060547  [Less] 0.037110 
[IO] Using the faster/memory expensive code 

[TIMER] elapsed :: 3.705215e-02 s 
[IO] Configuration written to /home/jinchen/git/anl/IPG4Lattice/interp_gauge/../ensemble/S16T16_itpg/wilson_b6.itpg.eps0p3.26 
 
Time for config 26, epsilon 0.3: 0 hours 0 minutes 3 seconds
 
Processing configuration 27 at GF_EPSILON = 0.3
Start time for config 27, epsilon 0.3: Sun May 31 09:27:38 PM EDT 2026
[IO] Attempting to read a NERSC file 
[PAR] CONDOR_MODE selected .... 
[IO] reading file /home/jinchen/git/anl/IPG4Lattice/interp_gauge/../ensemble/S16T16/wilson_b6.27
[IO] Configuration number :: 1 
[INIT] GLU is Compiled for SU(3)

[DIMENSIONS] ( 16 x 16 x 16 x 16 )

[INIT] using 16 thread(s) 
[INIT] allocating su(2) subgroup indices
[IO] Read gauge field[IO] file offset 628
[IO] LOOP_VAR = 18
[IO] Reading gauge field (/home/jinchen/git/anl/IPG4Lattice/interp_gauge/../ensemble/S16T16/wilson_b6.27) took
[TIMER] elapsed :: 7.407904e-03 s 
[IO] Header     Trace :: 0.000169           || Plaq :: 0.593710 
[IO] Calculated Trace :: 0.000169296854289  || Plaq :: 0.593710037128226 

[GF] Using the Fourier accelerated non-linear conjugate gradient (FACG) routines
[GF] Interpolating gauge, accuracy of 1e-14 
[GF] Interpolating temporal epsilon :: 0.3 
[GF] Tuning parameter alpha :: 0.090000 
[GF] Performing AT MOST 6000 iterations before randomly restarting ... 
[GF] Allowing for 7 restarts before complaint ... 
[GF] Approximate O(a) exponential expansion, and reunitarisation in Gauge Fixing.
[GF] Plaquette :: 0.593710037128225 
[GF] Accuracy :: 8.0107e-15
[GF] Iters :: 483
[GF] Link trace :: 0.853230556977791 || Maximum :: 0.997815408385507
[GF] Temporal constance || Lin 6.908770e-05 || Log 1.922546e+00 
[GF] Functional :: 0.132306797398711

[TIMER] elapsed :: 5.763114e+00 s 
[IO] Writing 4D_SU3_GAUGE binary data

[TIMER] elapsed :: 5.640984e-03 s 
[IO] Page size is :: 62.713287, Total malloc [More] 0.060547  [Less] 0.037110 
[IO] Using the faster/memory expensive code 

[TIMER] elapsed :: 3.841400e-02 s 
[IO] Configuration written to /home/jinchen/git/anl/IPG4Lattice/interp_gauge/../ensemble/S16T16_itpg/wilson_b6.itpg.eps0p3.27 
 
Time for config 27, epsilon 0.3: 0 hours 0 minutes 6 seconds
 
Processing configuration 28 at GF_EPSILON = 0.3
Start time for config 28, epsilon 0.3: Sun May 31 09:27:44 PM EDT 2026
[IO] Attempting to read a NERSC file 
[PAR] CONDOR_MODE selected .... 
[IO] reading file /home/jinchen/git/anl/IPG4Lattice/interp_gauge/../ensemble/S16T16/wilson_b6.28
[IO] Configuration number :: 1 
[INIT] GLU is Compiled for SU(3)

[DIMENSIONS] ( 16 x 16 x 16 x 16 )

[INIT] using 16 thread(s) 
[INIT] allocating su(2) subgroup indices
[IO] Read gauge field[IO] file offset 628
[IO] LOOP_VAR = 18
[IO] Reading gauge field (/home/jinchen/git/anl/IPG4Lattice/interp_gauge/../ensemble/S16T16/wilson_b6.28) took
[TIMER] elapsed :: 7.071018e-03 s 
[IO] Header     Trace :: -0.000042           || Plaq :: 0.593218 
[IO] Calculated Trace :: -0.000042409115731  || Plaq :: 0.593218314985147 

[GF] Using the Fourier accelerated non-linear conjugate gradient (FACG) routines
[GF] Interpolating gauge, accuracy of 1e-14 
[GF] Interpolating temporal epsilon :: 0.3 
[GF] Tuning parameter alpha :: 0.090000 
[GF] Performing AT MOST 6000 iterations before randomly restarting ... 
[GF] Allowing for 7 restarts before complaint ... 
[GF] Approximate O(a) exponential expansion, and reunitarisation in Gauge Fixing.
[GF] Plaquette :: 0.593218314985142 
[GF] Accuracy :: 7.4157e-15
[GF] Iters :: 872
[GF] Link trace :: 0.854096873364919 || Maximum :: 0.997327694506037
[GF] Temporal constance || Lin 5.935460e-05 || Log 2.157627e+00 
[GF] Functional :: 0.131420056770780

[TIMER] elapsed :: 9.962384e+00 s 
[IO] Writing 4D_SU3_GAUGE binary data

[TIMER] elapsed :: 1.396704e-02 s 
[IO] Page size is :: 62.713287, Total malloc [More] 0.060547  [Less] 0.037110 
[IO] Using the faster/memory expensive code 

[TIMER] elapsed :: 4.411697e-02 s 
[IO] Configuration written to /home/jinchen/git/anl/IPG4Lattice/interp_gauge/../ensemble/S16T16_itpg/wilson_b6.itpg.eps0p3.28 
 
Time for config 28, epsilon 0.3: 0 hours 0 minutes 10 seconds
 
Processing configuration 29 at GF_EPSILON = 0.3
Start time for config 29, epsilon 0.3: Sun May 31 09:27:54 PM EDT 2026
[IO] Attempting to read a NERSC file 
[PAR] CONDOR_MODE selected .... 
[IO] reading file /home/jinchen/git/anl/IPG4Lattice/interp_gauge/../ensemble/S16T16/wilson_b6.29
[IO] Configuration number :: 1 
[INIT] GLU is Compiled for SU(3)

[DIMENSIONS] ( 16 x 16 x 16 x 16 )

[INIT] using 16 thread(s) 
[INIT] allocating su(2) subgroup indices
[IO] Read gauge field[IO] file offset 629
[IO] LOOP_VAR = 18
[IO] Reading gauge field (/home/jinchen/git/anl/IPG4Lattice/interp_gauge/../ensemble/S16T16/wilson_b6.29) took
[TIMER] elapsed :: 6.865025e-03 s 
[IO] Header     Trace :: -0.000679           || Plaq :: 0.593431 
[IO] Calculated Trace :: -0.000678620913100  || Plaq :: 0.593431423654438 

[GF] Using the Fourier accelerated non-linear conjugate gradient (FACG) routines
[GF] Interpolating gauge, accuracy of 1e-14 
[GF] Interpolating temporal epsilon :: 0.3 
[GF] Tuning parameter alpha :: 0.090000 
[GF] Performing AT MOST 6000 iterations before randomly restarting ... 
[GF] Allowing for 7 restarts before complaint ... 
[GF] Approximate O(a) exponential expansion, and reunitarisation in Gauge Fixing.
[GF] Plaquette :: 0.593431423654438 
[GF] Accuracy :: 8.3021e-15
[GF] Iters :: 315
[GF] Link trace :: 0.853757063536207 || Maximum :: 0.997318578633140
[GF] Temporal constance || Lin 2.491267e-05 || Log 1.771119e+00 
[GF] Functional :: 0.131918033468600

[TIMER] elapsed :: 3.493596e+00 s 
[IO] Writing 4D_SU3_GAUGE binary data

[TIMER] elapsed :: 5.789995e-03 s 
[IO] Page size is :: 62.713287, Total malloc [More] 0.060547  [Less] 0.037110 
[IO] Using the faster/memory expensive code 

[TIMER] elapsed :: 4.147220e-02 s 
[IO] Configuration written to /home/jinchen/git/anl/IPG4Lattice/interp_gauge/../ensemble/S16T16_itpg/wilson_b6.itpg.eps0p3.29 
 
Time for config 29, epsilon 0.3: 0 hours 0 minutes 4 seconds
 
Processing configuration 30 at GF_EPSILON = 0.3
Start time for config 30, epsilon 0.3: Sun May 31 09:27:58 PM EDT 2026
[IO] Attempting to read a NERSC file 
[PAR] CONDOR_MODE selected .... 
[IO] reading file /home/jinchen/git/anl/IPG4Lattice/interp_gauge/../ensemble/S16T16/wilson_b6.30
[IO] Configuration number :: 1 
[INIT] GLU is Compiled for SU(3)

[DIMENSIONS] ( 16 x 16 x 16 x 16 )

[INIT] using 16 thread(s) 
[INIT] allocating su(2) subgroup indices
[IO] Read gauge field[IO] file offset 628
[IO] LOOP_VAR = 18
[IO] Reading gauge field (/home/jinchen/git/anl/IPG4Lattice/interp_gauge/../ensemble/S16T16/wilson_b6.30) took
[TIMER] elapsed :: 9.135008e-03 s 
[IO] Header     Trace :: 0.000136           || Plaq :: 0.594504 
[IO] Calculated Trace :: 0.000135910870245  || Plaq :: 0.594504172286412 

[GF] Using the Fourier accelerated non-linear conjugate gradient (FACG) routines
[GF] Interpolating gauge, accuracy of 1e-14 
[GF] Interpolating temporal epsilon :: 0.3 
[GF] Tuning parameter alpha :: 0.090000 
[GF] Performing AT MOST 6000 iterations before randomly restarting ... 
[GF] Allowing for 7 restarts before complaint ... 
[GF] Approximate O(a) exponential expansion, and reunitarisation in Gauge Fixing.
[GF] Plaquette :: 0.594504172286410 
[GF] Accuracy :: 8.7767e-15
[GF] Iters :: 408
[GF] Link trace :: 0.853678288888801 || Maximum :: 0.997775954063465
[GF] Temporal constance || Lin 1.843833e-05 || Log 1.583069e+00 
[GF] Functional :: 0.131653249091873

[TIMER] elapsed :: 4.570805e+00 s 
[IO] Writing 4D_SU3_GAUGE binary data

[TIMER] elapsed :: 5.748034e-03 s 
[IO] Page size is :: 62.713287, Total malloc [More] 0.060547  [Less] 0.037110 
[IO] Using the faster/memory expensive code 

[TIMER] elapsed :: 3.791595e-02 s 
[IO] Configuration written to /home/jinchen/git/anl/IPG4Lattice/interp_gauge/../ensemble/S16T16_itpg/wilson_b6.itpg.eps0p3.30 
 
Time for config 30, epsilon 0.3: 0 hours 0 minutes 4 seconds
 
Processing configuration 31 at GF_EPSILON = 0.3
Start time for config 31, epsilon 0.3: Sun May 31 09:28:02 PM EDT 2026
[IO] Attempting to read a NERSC file 
[PAR] CONDOR_MODE selected .... 
[IO] reading file /home/jinchen/git/anl/IPG4Lattice/interp_gauge/../ensemble/S16T16/wilson_b6.31
[IO] Configuration number :: 1 
[INIT] GLU is Compiled for SU(3)

[DIMENSIONS] ( 16 x 16 x 16 x 16 )

[INIT] using 16 thread(s) 
[INIT] allocating su(2) subgroup indices
[IO] Read gauge field[IO] file offset 629
[IO] LOOP_VAR = 18
[IO] Reading gauge field (/home/jinchen/git/anl/IPG4Lattice/interp_gauge/../ensemble/S16T16/wilson_b6.31) took
[TIMER] elapsed :: 6.839037e-03 s 
[IO] Header     Trace :: -0.000768           || Plaq :: 0.593750 
[IO] Calculated Trace :: -0.000768075073610  || Plaq :: 0.593750157612507 

[GF] Using the Fourier accelerated non-linear conjugate gradient (FACG) routines
[GF] Interpolating gauge, accuracy of 1e-14 
[GF] Interpolating temporal epsilon :: 0.3 
[GF] Tuning parameter alpha :: 0.090000 
[GF] Performing AT MOST 6000 iterations before randomly restarting ... 
[GF] Allowing for 7 restarts before complaint ... 
[GF] Approximate O(a) exponential expansion, and reunitarisation in Gauge Fixing.
[IO] file offset 629
[IO] LOOP_VAR = 18
[PAR_RNG] MWC_4096
[PAR_RNG] Entropy read Seed 495138455
[PAR_RNG] warmed up
[IO] file offset 629
[IO] LOOP_VAR = 18
[GF] Plaquette :: 0.593750157612505 
[GF] Accuracy :: 8.9266e-15
[GF] Iters :: 123463069
[GF] Link trace :: 0.852564023799902 || Maximum :: 0.997194208816975
[GF] Temporal constance || Lin 5.008236e-05 || Log 2.110043e+00 
[GF] Functional :: 0.132933668473990

[TIMER] elapsed :: 1.383645e+02 s 
[IO] Writing 4D_SU3_GAUGE binary data

[TIMER] elapsed :: 5.609035e-03 s 
[IO] Page size is :: 62.713287, Total malloc [More] 0.060547  [Less] 0.037110 
[IO] Using the faster/memory expensive code 

[TIMER] elapsed :: 3.919315e-02 s 
[IO] Configuration written to /home/jinchen/git/anl/IPG4Lattice/interp_gauge/../ensemble/S16T16_itpg/wilson_b6.itpg.eps0p3.31 
 
Time for config 31, epsilon 0.3: 0 hours 2 minutes 19 seconds
 
Processing configuration 32 at GF_EPSILON = 0.3
Start time for config 32, epsilon 0.3: Sun May 31 09:30:21 PM EDT 2026
[IO] Attempting to read a NERSC file 
[PAR] CONDOR_MODE selected .... 
[IO] reading file /home/jinchen/git/anl/IPG4Lattice/interp_gauge/../ensemble/S16T16/wilson_b6.32
[IO] Configuration number :: 1 
[INIT] GLU is Compiled for SU(3)

[DIMENSIONS] ( 16 x 16 x 16 x 16 )

[INIT] using 16 thread(s) 
[INIT] allocating su(2) subgroup indices
[IO] Read gauge field[IO] file offset 628
[IO] LOOP_VAR = 18
[IO] Reading gauge field (/home/jinchen/git/anl/IPG4Lattice/interp_gauge/../ensemble/S16T16/wilson_b6.32) took
[TIMER] elapsed :: 7.154942e-03 s 
[IO] Header     Trace :: 0.000778           || Plaq :: 0.594221 
[IO] Calculated Trace :: 0.000777863748686  || Plaq :: 0.594221106612361 

[GF] Using the Fourier accelerated non-linear conjugate gradient (FACG) routines
[GF] Interpolating gauge, accuracy of 1e-14 
[GF] Interpolating temporal epsilon :: 0.3 
[GF] Tuning parameter alpha :: 0.090000 
[GF] Performing AT MOST 6000 iterations before randomly restarting ... 
[GF] Allowing for 7 restarts before complaint ... 
[GF] Approximate O(a) exponential expansion, and reunitarisation in Gauge Fixing.
[GF] Plaquette :: 0.594221106612360 
[GF] Accuracy :: 7.3629e-15
[GF] Iters :: 276
[GF] Link trace :: 0.853037560388526 || Maximum :: 0.996009852410764
[GF] Temporal constance || Lin 6.366158e-05 || Log 2.599576e+00 
[GF] Functional :: 0.132461175680780

[TIMER] elapsed :: 3.121525e+00 s 
[IO] Writing 4D_SU3_GAUGE binary data

[TIMER] elapsed :: 5.791903e-03 s 
[IO] Page size is :: 62.713287, Total malloc [More] 0.060547  [Less] 0.037110 
[IO] Using the faster/memory expensive code 

[TIMER] elapsed :: 3.800392e-02 s 
[IO] Configuration written to /home/jinchen/git/anl/IPG4Lattice/interp_gauge/../ensemble/S16T16_itpg/wilson_b6.itpg.eps0p3.32 
 
Time for config 32, epsilon 0.3: 0 hours 0 minutes 3 seconds
 
Processing configuration 33 at GF_EPSILON = 0.3
Start time for config 33, epsilon 0.3: Sun May 31 09:30:24 PM EDT 2026
[IO] Attempting to read a NERSC file 
[PAR] CONDOR_MODE selected .... 
[IO] reading file /home/jinchen/git/anl/IPG4Lattice/interp_gauge/../ensemble/S16T16/wilson_b6.33
[IO] Configuration number :: 1 
[INIT] GLU is Compiled for SU(3)

[DIMENSIONS] ( 16 x 16 x 16 x 16 )

[INIT] using 16 thread(s) 
[INIT] allocating su(2) subgroup indices
[IO] Read gauge field[IO] file offset 628
[IO] LOOP_VAR = 18
[IO] Reading gauge field (/home/jinchen/git/anl/IPG4Lattice/interp_gauge/../ensemble/S16T16/wilson_b6.33) took
[TIMER] elapsed :: 6.875038e-03 s 
[IO] Header     Trace :: 0.000812           || Plaq :: 0.593971 
[IO] Calculated Trace :: 0.000811930349594  || Plaq :: 0.593970953336855 

[GF] Using the Fourier accelerated non-linear conjugate gradient (FACG) routines
[GF] Interpolating gauge, accuracy of 1e-14 
[GF] Interpolating temporal epsilon :: 0.3 
[GF] Tuning parameter alpha :: 0.090000 
[GF] Performing AT MOST 6000 iterations before randomly restarting ... 
[GF] Allowing for 7 restarts before complaint ... 
[GF] Approximate O(a) exponential expansion, and reunitarisation in Gauge Fixing.
[GF] Plaquette :: 0.593970953336854 
[GF] Accuracy :: 9.1169e-15
[GF] Iters :: 300
[GF] Link trace :: 0.852077959646721 || Maximum :: 0.998772935384137
[GF] Temporal constance || Lin 4.513939e-05 || Log 1.773719e+00 
[GF] Functional :: 0.132889068532397

[TIMER] elapsed :: 3.461815e+00 s 
[IO] Writing 4D_SU3_GAUGE binary data

[TIMER] elapsed :: 5.718946e-03 s 
[IO] Page size is :: 62.713287, Total malloc [More] 0.060547  [Less] 0.037110 
[IO] Using the faster/memory expensive code 

[TIMER] elapsed :: 3.921318e-02 s 
[IO] Configuration written to /home/jinchen/git/anl/IPG4Lattice/interp_gauge/../ensemble/S16T16_itpg/wilson_b6.itpg.eps0p3.33 
 
Time for config 33, epsilon 0.3: 0 hours 0 minutes 3 seconds
 
Processing configuration 34 at GF_EPSILON = 0.3
Start time for config 34, epsilon 0.3: Sun May 31 09:30:27 PM EDT 2026
[IO] Attempting to read a NERSC file 
[PAR] CONDOR_MODE selected .... 
[IO] reading file /home/jinchen/git/anl/IPG4Lattice/interp_gauge/../ensemble/S16T16/wilson_b6.34
[IO] Configuration number :: 1 
[INIT] GLU is Compiled for SU(3)

[DIMENSIONS] ( 16 x 16 x 16 x 16 )

[INIT] using 16 thread(s) 
[INIT] allocating su(2) subgroup indices
[IO] Read gauge field[IO] file offset 628
[IO] LOOP_VAR = 18
[IO] Reading gauge field (/home/jinchen/git/anl/IPG4Lattice/interp_gauge/../ensemble/S16T16/wilson_b6.34) took
[TIMER] elapsed :: 6.943226e-03 s 
[IO] Header     Trace :: 0.000015           || Plaq :: 0.593045 
[IO] Calculated Trace :: 0.000015129044838  || Plaq :: 0.593044920860260 

[GF] Using the Fourier accelerated non-linear conjugate gradient (FACG) routines
[GF] Interpolating gauge, accuracy of 1e-14 
[GF] Interpolating temporal epsilon :: 0.3 
[GF] Tuning parameter alpha :: 0.090000 
[GF] Performing AT MOST 6000 iterations before randomly restarting ... 
[GF] Allowing for 7 restarts before complaint ... 
[GF] Approximate O(a) exponential expansion, and reunitarisation in Gauge Fixing.
[GF] Plaquette :: 0.593044920860256 
[GF] Accuracy :: 9.0424e-15
[GF] Iters :: 508
[GF] Link trace :: 0.851210804094635 || Maximum :: 0.997706727064955
[GF] Temporal constance || Lin 9.378685e-06 || Log 2.308821e+00 
[GF] Functional :: 0.134022753002245

[TIMER] elapsed :: 5.861733e+00 s 
[IO] Writing 4D_SU3_GAUGE binary data

[TIMER] elapsed :: 5.693913e-03 s 
[IO] Page size is :: 62.713287, Total malloc [More] 0.060547  [Less] 0.037110 
[IO] Using the faster/memory expensive code 

[TIMER] elapsed :: 3.803992e-02 s 
[IO] Configuration written to /home/jinchen/git/anl/IPG4Lattice/interp_gauge/../ensemble/S16T16_itpg/wilson_b6.itpg.eps0p3.34 
 
Time for config 34, epsilon 0.3: 0 hours 0 minutes 6 seconds
 
Processing configuration 35 at GF_EPSILON = 0.3
Start time for config 35, epsilon 0.3: Sun May 31 09:30:33 PM EDT 2026
[IO] Attempting to read a NERSC file 
[PAR] CONDOR_MODE selected .... 
[IO] reading file /home/jinchen/git/anl/IPG4Lattice/interp_gauge/../ensemble/S16T16/wilson_b6.35
[IO] Configuration number :: 1 
[INIT] GLU is Compiled for SU(3)

[DIMENSIONS] ( 16 x 16 x 16 x 16 )

[INIT] using 16 thread(s) 
[INIT] allocating su(2) subgroup indices
[IO] Read gauge field[IO] file offset 629
[IO] LOOP_VAR = 18
[IO] Reading gauge field (/home/jinchen/git/anl/IPG4Lattice/interp_gauge/../ensemble/S16T16/wilson_b6.35) took
[TIMER] elapsed :: 6.938934e-03 s 
[IO] Header     Trace :: -0.000380           || Plaq :: 0.592635 
[IO] Calculated Trace :: -0.000380059658616  || Plaq :: 0.592634562252212 

[GF] Using the Fourier accelerated non-linear conjugate gradient (FACG) routines
[GF] Interpolating gauge, accuracy of 1e-14 
[GF] Interpolating temporal epsilon :: 0.3 
[GF] Tuning parameter alpha :: 0.090000 
[GF] Performing AT MOST 6000 iterations before randomly restarting ... 
[GF] Allowing for 7 restarts before complaint ... 
[GF] Approximate O(a) exponential expansion, and reunitarisation in Gauge Fixing.
[GF] Plaquette :: 0.592634562252210 
[GF] Accuracy :: 8.5031e-15
[GF] Iters :: 344
[GF] Link trace :: 0.851371391540786 || Maximum :: 0.996998718671707
[GF] Temporal constance || Lin 1.352982e-05 || Log 1.845870e+00 
[GF] Functional :: 0.133473162778675

[TIMER] elapsed :: 3.788531e+00 s 
[IO] Writing 4D_SU3_GAUGE binary data

[TIMER] elapsed :: 5.800009e-03 s 
[IO] Page size is :: 62.713287, Total malloc [More] 0.060547  [Less] 0.037110 
[IO] Using the faster/memory expensive code 

[TIMER] elapsed :: 3.684902e-02 s 
[IO] Configuration written to /home/jinchen/git/anl/IPG4Lattice/interp_gauge/../ensemble/S16T16_itpg/wilson_b6.itpg.eps0p3.35 
 
Time for config 35, epsilon 0.3: 0 hours 0 minutes 4 seconds
 
Processing configuration 36 at GF_EPSILON = 0.3
Start time for config 36, epsilon 0.3: Sun May 31 09:30:37 PM EDT 2026
[IO] Attempting to read a NERSC file 
[PAR] CONDOR_MODE selected .... 
[IO] reading file /home/jinchen/git/anl/IPG4Lattice/interp_gauge/../ensemble/S16T16/wilson_b6.36
[IO] Configuration number :: 1 
[INIT] GLU is Compiled for SU(3)

[DIMENSIONS] ( 16 x 16 x 16 x 16 )

[INIT] using 16 thread(s) 
[INIT] allocating su(2) subgroup indices
[IO] Read gauge field[IO] file offset 628
[IO] LOOP_VAR = 18
[IO] Reading gauge field (/home/jinchen/git/anl/IPG4Lattice/interp_gauge/../ensemble/S16T16/wilson_b6.36) took
[TIMER] elapsed :: 7.112980e-03 s 
[IO] Header     Trace :: 0.000174           || Plaq :: 0.594456 
[IO] Calculated Trace :: 0.000174313556461  || Plaq :: 0.594455575337383 

[GF] Using the Fourier accelerated non-linear conjugate gradient (FACG) routines
[GF] Interpolating gauge, accuracy of 1e-14 
[GF] Interpolating temporal epsilon :: 0.3 
[GF] Tuning parameter alpha :: 0.090000 
[GF] Performing AT MOST 6000 iterations before randomly restarting ... 
[GF] Allowing for 7 restarts before complaint ... 
[GF] Approximate O(a) exponential expansion, and reunitarisation in Gauge Fixing.
[IO] file offset 628
[IO] LOOP_VAR = 18
[PAR_RNG] MWC_4096
[PAR_RNG] Entropy read Seed 1815330623
[PAR_RNG] warmed up
[IO] file offset 628
[IO] LOOP_VAR = 18
[GF] Plaquette :: 0.594455575337377 
[GF] Accuracy :: 9.0351e-15
[GF] Iters :: 123463620
[GF] Link trace :: 0.851437757342616 || Maximum :: 0.995592190072096
[GF] Temporal constance || Lin 4.423466e-05 || Log 1.517411e+00 
[GF] Functional :: 0.133404870403467

[TIMER] elapsed :: 1.437446e+02 s 
[IO] Writing 4D_SU3_GAUGE binary data

[TIMER] elapsed :: 5.596876e-03 s 
[IO] Page size is :: 62.713287, Total malloc [More] 0.060547  [Less] 0.037110 
[IO] Using the faster/memory expensive code 

[TIMER] elapsed :: 3.706622e-02 s 
[IO] Configuration written to /home/jinchen/git/anl/IPG4Lattice/interp_gauge/../ensemble/S16T16_itpg/wilson_b6.itpg.eps0p3.36 
 
Time for config 36, epsilon 0.3: 0 hours 2 minutes 24 seconds
 
Processing configuration 37 at GF_EPSILON = 0.3
Start time for config 37, epsilon 0.3: Sun May 31 09:33:01 PM EDT 2026
[IO] Attempting to read a NERSC file 
[PAR] CONDOR_MODE selected .... 
[IO] reading file /home/jinchen/git/anl/IPG4Lattice/interp_gauge/../ensemble/S16T16/wilson_b6.37
[IO] Configuration number :: 1 
[INIT] GLU is Compiled for SU(3)

[DIMENSIONS] ( 16 x 16 x 16 x 16 )

[INIT] using 16 thread(s) 
[INIT] allocating su(2) subgroup indices
[IO] Read gauge field[IO] file offset 627
[IO] LOOP_VAR = 18
[IO] Reading gauge field (/home/jinchen/git/anl/IPG4Lattice/interp_gauge/../ensemble/S16T16/wilson_b6.37) took
[TIMER] elapsed :: 8.616924e-03 s 
[IO] Header     Trace :: 0.000074           || Plaq :: 0.593678 
[IO] Calculated Trace :: 0.000074444202601  || Plaq :: 0.593677799528188 

[GF] Using the Fourier accelerated non-linear conjugate gradient (FACG) routines
[GF] Interpolating gauge, accuracy of 1e-14 
[GF] Interpolating temporal epsilon :: 0.3 
[GF] Tuning parameter alpha :: 0.090000 
[GF] Performing AT MOST 6000 iterations before randomly restarting ... 
[GF] Allowing for 7 restarts before complaint ... 
[GF] Approximate O(a) exponential expansion, and reunitarisation in Gauge Fixing.
[GF] Plaquette :: 0.593677799528187 
[GF] Accuracy :: 9.1581e-15
[GF] Iters :: 262
[GF] Link trace :: 0.852021533715965 || Maximum :: 0.998097430169045
[GF] Temporal constance || Lin 1.862212e-05 || Log 1.649152e+00 
[GF] Functional :: 0.132664621076554

[TIMER] elapsed :: 2.790272e+00 s 
[IO] Writing 4D_SU3_GAUGE binary data

[TIMER] elapsed :: 5.728960e-03 s 
[IO] Page size is :: 62.713287, Total malloc [More] 0.060547  [Less] 0.037110 
[IO] Using the faster/memory expensive code 

[TIMER] elapsed :: 3.785610e-02 s 
[IO] Configuration written to /home/jinchen/git/anl/IPG4Lattice/interp_gauge/../ensemble/S16T16_itpg/wilson_b6.itpg.eps0p3.37 
 
Time for config 37, epsilon 0.3: 0 hours 0 minutes 3 seconds
 
Processing configuration 38 at GF_EPSILON = 0.3
Start time for config 38, epsilon 0.3: Sun May 31 09:33:04 PM EDT 2026
[IO] Attempting to read a NERSC file 
[PAR] CONDOR_MODE selected .... 
[IO] reading file /home/jinchen/git/anl/IPG4Lattice/interp_gauge/../ensemble/S16T16/wilson_b6.38
[IO] Configuration number :: 1 
[INIT] GLU is Compiled for SU(3)

[DIMENSIONS] ( 16 x 16 x 16 x 16 )

[INIT] using 16 thread(s) 
[INIT] allocating su(2) subgroup indices
[IO] Read gauge field[IO] file offset 629
[IO] LOOP_VAR = 18
[IO] Reading gauge field (/home/jinchen/git/anl/IPG4Lattice/interp_gauge/../ensemble/S16T16/wilson_b6.38) took
[TIMER] elapsed :: 8.512020e-03 s 
[IO] Header     Trace :: -0.000416           || Plaq :: 0.593069 
[IO] Calculated Trace :: -0.000415862845724  || Plaq :: 0.593069367253601 

[GF] Using the Fourier accelerated non-linear conjugate gradient (FACG) routines
[GF] Interpolating gauge, accuracy of 1e-14 
[GF] Interpolating temporal epsilon :: 0.3 
[GF] Tuning parameter alpha :: 0.090000 
[GF] Performing AT MOST 6000 iterations before randomly restarting ... 
[GF] Allowing for 7 restarts before complaint ... 
[GF] Approximate O(a) exponential expansion, and reunitarisation in Gauge Fixing.
[GF] Plaquette :: 0.593069367253600 
[GF] Accuracy :: 7.1804e-15
[GF] Iters :: 186
[GF] Link trace :: 0.852426832959862 || Maximum :: 0.997136582618654
[GF] Temporal constance || Lin 1.192211e-05 || Log 1.942926e+00 
[GF] Functional :: 0.133059067958379

[TIMER] elapsed :: 2.108909e+00 s 
[IO] Writing 4D_SU3_GAUGE binary data

[TIMER] elapsed :: 5.709887e-03 s 
[IO] Page size is :: 62.713287, Total malloc [More] 0.060547  [Less] 0.037110 
[IO] Using the faster/memory expensive code 

[TIMER] elapsed :: 3.861690e-02 s 
[IO] Configuration written to /home/jinchen/git/anl/IPG4Lattice/interp_gauge/../ensemble/S16T16_itpg/wilson_b6.itpg.eps0p3.38 
 
Time for config 38, epsilon 0.3: 0 hours 0 minutes 2 seconds
 
Processing configuration 39 at GF_EPSILON = 0.3
Start time for config 39, epsilon 0.3: Sun May 31 09:33:06 PM EDT 2026
[IO] Attempting to read a NERSC file 
[PAR] CONDOR_MODE selected .... 
[IO] reading file /home/jinchen/git/anl/IPG4Lattice/interp_gauge/../ensemble/S16T16/wilson_b6.39
[IO] Configuration number :: 1 
[INIT] GLU is Compiled for SU(3)

[DIMENSIONS] ( 16 x 16 x 16 x 16 )

[INIT] using 16 thread(s) 
[INIT] allocating su(2) subgroup indices
[IO] Read gauge field[IO] file offset 629
[IO] LOOP_VAR = 18
[IO] Reading gauge field (/home/jinchen/git/anl/IPG4Lattice/interp_gauge/../ensemble/S16T16/wilson_b6.39) took
[TIMER] elapsed :: 6.973982e-03 s 
[IO] Header     Trace :: -0.000088           || Plaq :: 0.593962 
[IO] Calculated Trace :: -0.000088264313590  || Plaq :: 0.593962455329587 

[GF] Using the Fourier accelerated non-linear conjugate gradient (FACG) routines
[GF] Interpolating gauge, accuracy of 1e-14 
[GF] Interpolating temporal epsilon :: 0.3 
[GF] Tuning parameter alpha :: 0.090000 
[GF] Performing AT MOST 6000 iterations before randomly restarting ... 
[GF] Allowing for 7 restarts before complaint ... 
[GF] Approximate O(a) exponential expansion, and reunitarisation in Gauge Fixing.
[GF] Plaquette :: 0.593962455329586 
[GF] Accuracy :: 9.9947e-15
[GF] Iters :: 159
[GF] Link trace :: 0.852652889099994 || Maximum :: 0.996761679963815
[GF] Temporal constance || Lin 1.845059e-05 || Log 1.870067e+00 
[GF] Functional :: 0.132631080440060

[TIMER] elapsed :: 1.790999e+00 s 
[IO] Writing 4D_SU3_GAUGE binary data

[TIMER] elapsed :: 5.742073e-03 s 
[IO] Page size is :: 62.713287, Total malloc [More] 0.060547  [Less] 0.037110 
[IO] Using the faster/memory expensive code 

[TIMER] elapsed :: 3.668594e-02 s 
[IO] Configuration written to /home/jinchen/git/anl/IPG4Lattice/interp_gauge/../ensemble/S16T16_itpg/wilson_b6.itpg.eps0p3.39 
 
Time for config 39, epsilon 0.3: 0 hours 0 minutes 2 seconds
 
Processing configuration 40 at GF_EPSILON = 0.3
Start time for config 40, epsilon 0.3: Sun May 31 09:33:08 PM EDT 2026
[IO] Attempting to read a NERSC file 
[PAR] CONDOR_MODE selected .... 
[IO] reading file /home/jinchen/git/anl/IPG4Lattice/interp_gauge/../ensemble/S16T16/wilson_b6.40
[IO] Configuration number :: 1 
[INIT] GLU is Compiled for SU(3)

[DIMENSIONS] ( 16 x 16 x 16 x 16 )

[INIT] using 16 thread(s) 
[INIT] allocating su(2) subgroup indices
[IO] Read gauge field[IO] file offset 628
[IO] LOOP_VAR = 18
[IO] Reading gauge field (/home/jinchen/git/anl/IPG4Lattice/interp_gauge/../ensemble/S16T16/wilson_b6.40) took
[TIMER] elapsed :: 6.742001e-03 s 
[IO] Header     Trace :: -0.000473           || Plaq :: 0.594541 
[IO] Calculated Trace :: -0.000473018058692  || Plaq :: 0.594541056038175 

[GF] Using the Fourier accelerated non-linear conjugate gradient (FACG) routines
[GF] Interpolating gauge, accuracy of 1e-14 
[GF] Interpolating temporal epsilon :: 0.3 
[GF] Tuning parameter alpha :: 0.090000 
[GF] Performing AT MOST 6000 iterations before randomly restarting ... 
[GF] Allowing for 7 restarts before complaint ... 
[GF] Approximate O(a) exponential expansion, and reunitarisation in Gauge Fixing.
[IO] file offset 628
[IO] LOOP_VAR = 18
[PAR_RNG] MWC_4096
[PAR_RNG] Entropy read Seed 4138627476
[PAR_RNG] warmed up
[GF] Plaquette :: 0.594541056038174 
[GF] Accuracy :: 7.4829e-15
[GF] Iters :: 123457036
[GF] Link trace :: 0.852426323242758 || Maximum :: 0.996974239215714
[GF] Temporal constance || Lin 9.989879e-06 || Log 1.672032e+00 
[GF] Functional :: 0.132679127973515

[TIMER] elapsed :: 7.027299e+01 s 
[IO] Writing 4D_SU3_GAUGE binary data

[TIMER] elapsed :: 5.702972e-03 s 
[IO] Page size is :: 62.713287, Total malloc [More] 0.060547  [Less] 0.037110 
[IO] Using the faster/memory expensive code 

[TIMER] elapsed :: 3.711104e-02 s 
[IO] Configuration written to /home/jinchen/git/anl/IPG4Lattice/interp_gauge/../ensemble/S16T16_itpg/wilson_b6.itpg.eps0p3.40 
 
Time for config 40, epsilon 0.3: 0 hours 1 minutes 11 seconds
 
Processing configuration 41 at GF_EPSILON = 0.3
Start time for config 41, epsilon 0.3: Sun May 31 09:34:19 PM EDT 2026
[IO] Attempting to read a NERSC file 
[PAR] CONDOR_MODE selected .... 
[IO] reading file /home/jinchen/git/anl/IPG4Lattice/interp_gauge/../ensemble/S16T16/wilson_b6.41
[IO] Configuration number :: 1 
[INIT] GLU is Compiled for SU(3)

[DIMENSIONS] ( 16 x 16 x 16 x 16 )

[INIT] using 16 thread(s) 
[INIT] allocating su(2) subgroup indices
[IO] Read gauge field[IO] file offset 629
[IO] LOOP_VAR = 18
[IO] Reading gauge field (/home/jinchen/git/anl/IPG4Lattice/interp_gauge/../ensemble/S16T16/wilson_b6.41) took
[TIMER] elapsed :: 7.565022e-03 s 
[IO] Header     Trace :: -0.000251           || Plaq :: 0.594036 
[IO] Calculated Trace :: -0.000250531912339  || Plaq :: 0.594036457795016 

[GF] Using the Fourier accelerated non-linear conjugate gradient (FACG) routines
[GF] Interpolating gauge, accuracy of 1e-14 
[GF] Interpolating temporal epsilon :: 0.3 
[GF] Tuning parameter alpha :: 0.090000 
[GF] Performing AT MOST 6000 iterations before randomly restarting ... 
[GF] Allowing for 7 restarts before complaint ... 
[GF] Approximate O(a) exponential expansion, and reunitarisation in Gauge Fixing.
[IO] file offset 629
[IO] LOOP_VAR = 18
[PAR_RNG] MWC_4096
[PAR_RNG] Entropy read Seed 2229719111
[PAR_RNG] warmed up
[GF] Plaquette :: 0.594036457795014 
[GF] Accuracy :: 9.3111e-15
[GF] Iters :: 123457052
[GF] Link trace :: 0.852377910747488 || Maximum :: 0.996620586198161
[GF] Temporal constance || Lin 1.511998e-05 || Log 1.756063e+00 
[GF] Functional :: 0.132963449024925

[TIMER] elapsed :: 7.057114e+01 s 
[IO] Writing 4D_SU3_GAUGE binary data

[TIMER] elapsed :: 5.623102e-03 s 
[IO] Page size is :: 62.713287, Total malloc [More] 0.060547  [Less] 0.037110 
[IO] Using the faster/memory expensive code 

[TIMER] elapsed :: 3.764105e-02 s 
[IO] Configuration written to /home/jinchen/git/anl/IPG4Lattice/interp_gauge/../ensemble/S16T16_itpg/wilson_b6.itpg.eps0p3.41 
 
Time for config 41, epsilon 0.3: 0 hours 1 minutes 10 seconds
 
Processing configuration 42 at GF_EPSILON = 0.3
Start time for config 42, epsilon 0.3: Sun May 31 09:35:29 PM EDT 2026
[IO] Attempting to read a NERSC file 
[PAR] CONDOR_MODE selected .... 
[IO] reading file /home/jinchen/git/anl/IPG4Lattice/interp_gauge/../ensemble/S16T16/wilson_b6.42
[IO] Configuration number :: 1 
[INIT] GLU is Compiled for SU(3)

[DIMENSIONS] ( 16 x 16 x 16 x 16 )

[INIT] using 16 thread(s) 
[INIT] allocating su(2) subgroup indices
[IO] Read gauge field[IO] file offset 628
[IO] LOOP_VAR = 18
[IO] Reading gauge field (/home/jinchen/git/anl/IPG4Lattice/interp_gauge/../ensemble/S16T16/wilson_b6.42) took
[TIMER] elapsed :: 7.056952e-03 s 
[IO] Header     Trace :: 0.000002           || Plaq :: 0.594289 
[IO] Calculated Trace :: 0.000001508201372  || Plaq :: 0.594288920496526 

[GF] Using the Fourier accelerated non-linear conjugate gradient (FACG) routines
[GF] Interpolating gauge, accuracy of 1e-14 
[GF] Interpolating temporal epsilon :: 0.3 
[GF] Tuning parameter alpha :: 0.090000 
[GF] Performing AT MOST 6000 iterations before randomly restarting ... 
[GF] Allowing for 7 restarts before complaint ... 
[GF] Approximate O(a) exponential expansion, and reunitarisation in Gauge Fixing.
[GF] Plaquette :: 0.594288920496525 
[GF] Accuracy :: 8.9837e-15
[GF] Iters :: 181
[GF] Link trace :: 0.853511304993450 || Maximum :: 0.996281378479316
[GF] Temporal constance || Lin 8.466369e-06 || Log 1.759484e+00 
[GF] Functional :: 0.132381692337878

[TIMER] elapsed :: 1.957220e+00 s 
[IO] Writing 4D_SU3_GAUGE binary data

[TIMER] elapsed :: 5.779982e-03 s 
[IO] Page size is :: 62.713287, Total malloc [More] 0.060547  [Less] 0.037110 
[IO] Using the faster/memory expensive code 

[TIMER] elapsed :: 3.824496e-02 s 
[IO] Configuration written to /home/jinchen/git/anl/IPG4Lattice/interp_gauge/../ensemble/S16T16_itpg/wilson_b6.itpg.eps0p3.42 
 
Time for config 42, epsilon 0.3: 0 hours 0 minutes 2 seconds
 
Processing configuration 43 at GF_EPSILON = 0.3
Start time for config 43, epsilon 0.3: Sun May 31 09:35:31 PM EDT 2026
[IO] Attempting to read a NERSC file 
[PAR] CONDOR_MODE selected .... 
[IO] reading file /home/jinchen/git/anl/IPG4Lattice/interp_gauge/../ensemble/S16T16/wilson_b6.43
[IO] Configuration number :: 1 
[INIT] GLU is Compiled for SU(3)

[DIMENSIONS] ( 16 x 16 x 16 x 16 )

[INIT] using 16 thread(s) 
[INIT] allocating su(2) subgroup indices
[IO] Read gauge field[IO] file offset 628
[IO] LOOP_VAR = 18
[IO] Reading gauge field (/home/jinchen/git/anl/IPG4Lattice/interp_gauge/../ensemble/S16T16/wilson_b6.43) took
[TIMER] elapsed :: 7.266045e-03 s 
[IO] Header     Trace :: 0.000497           || Plaq :: 0.593198 
[IO] Calculated Trace :: 0.000496944693622  || Plaq :: 0.593198482648228 

[GF] Using the Fourier accelerated non-linear conjugate gradient (FACG) routines
[GF] Interpolating gauge, accuracy of 1e-14 
[GF] Interpolating temporal epsilon :: 0.3 
[GF] Tuning parameter alpha :: 0.090000 
[GF] Performing AT MOST 6000 iterations before randomly restarting ... 
[GF] Allowing for 7 restarts before complaint ... 
[GF] Approximate O(a) exponential expansion, and reunitarisation in Gauge Fixing.
[GF] Plaquette :: 0.593198482648226 
[GF] Accuracy :: 9.4636e-15
[GF] Iters :: 259
[GF] Link trace :: 0.851336654403794 || Maximum :: 0.995749566807743
[GF] Temporal constance || Lin 1.956167e-05 || Log 1.631555e+00 
[GF] Functional :: 0.133829000595221

[TIMER] elapsed :: 2.910289e+00 s 
[IO] Writing 4D_SU3_GAUGE binary data

[TIMER] elapsed :: 1.387000e-02 s 
[IO] Page size is :: 62.713287, Total malloc [More] 0.060547  [Less] 0.037110 
[IO] Using the faster/memory expensive code 

[TIMER] elapsed :: 4.532194e-02 s 
[IO] Configuration written to /home/jinchen/git/anl/IPG4Lattice/interp_gauge/../ensemble/S16T16_itpg/wilson_b6.itpg.eps0p3.43 
 
Time for config 43, epsilon 0.3: 0 hours 0 minutes 3 seconds
 
Processing configuration 44 at GF_EPSILON = 0.3
Start time for config 44, epsilon 0.3: Sun May 31 09:35:34 PM EDT 2026
[IO] Attempting to read a NERSC file 
[PAR] CONDOR_MODE selected .... 
[IO] reading file /home/jinchen/git/anl/IPG4Lattice/interp_gauge/../ensemble/S16T16/wilson_b6.44
[IO] Configuration number :: 1 
[INIT] GLU is Compiled for SU(3)

[DIMENSIONS] ( 16 x 16 x 16 x 16 )

[INIT] using 16 thread(s) 
[INIT] allocating su(2) subgroup indices
[IO] Read gauge field[IO] file offset 626
[IO] LOOP_VAR = 18
[IO] Reading gauge field (/home/jinchen/git/anl/IPG4Lattice/interp_gauge/../ensemble/S16T16/wilson_b6.44) took
[TIMER] elapsed :: 6.934881e-03 s 
[IO] Header     Trace :: 0.000043           || Plaq :: 0.593620 
[IO] Calculated Trace :: 0.000042774470867  || Plaq :: 0.593620179962881 

[GF] Using the Fourier accelerated non-linear conjugate gradient (FACG) routines
[GF] Interpolating gauge, accuracy of 1e-14 
[GF] Interpolating temporal epsilon :: 0.3 
[GF] Tuning parameter alpha :: 0.090000 
[GF] Performing AT MOST 6000 iterations before randomly restarting ... 
[GF] Allowing for 7 restarts before complaint ... 
[GF] Approximate O(a) exponential expansion, and reunitarisation in Gauge Fixing.
[IO] file offset 626
[IO] LOOP_VAR = 18
[PAR_RNG] MWC_4096
[PAR_RNG] Entropy read Seed 453505713
[PAR_RNG] warmed up
[GF] Plaquette :: 0.593620179962880 
[GF] Accuracy :: 7.3534e-15
[GF] Iters :: 123457023
[GF] Link trace :: 0.852266030467610 || Maximum :: 0.996339595067715
[GF] Temporal constance || Lin 1.298484e-05 || Log 1.550000e+00 
[GF] Functional :: 0.132931346575717

[TIMER] elapsed :: 7.008081e+01 s 
[IO] Writing 4D_SU3_GAUGE binary data

[TIMER] elapsed :: 5.686045e-03 s 
[IO] Page size is :: 62.713287, Total malloc [More] 0.060547  [Less] 0.037110 
[IO] Using the faster/memory expensive code 

[TIMER] elapsed :: 4.756999e-02 s 
[IO] Configuration written to /home/jinchen/git/anl/IPG4Lattice/interp_gauge/../ensemble/S16T16_itpg/wilson_b6.itpg.eps0p3.44 
 
Time for config 44, epsilon 0.3: 0 hours 1 minutes 11 seconds
 
Processing configuration 45 at GF_EPSILON = 0.3
Start time for config 45, epsilon 0.3: Sun May 31 09:36:45 PM EDT 2026
[IO] Attempting to read a NERSC file 
[PAR] CONDOR_MODE selected .... 
[IO] reading file /home/jinchen/git/anl/IPG4Lattice/interp_gauge/../ensemble/S16T16/wilson_b6.45
[IO] Configuration number :: 1 
[INIT] GLU is Compiled for SU(3)

[DIMENSIONS] ( 16 x 16 x 16 x 16 )

[INIT] using 16 thread(s) 
[INIT] allocating su(2) subgroup indices
[IO] Read gauge field[IO] file offset 626
[IO] LOOP_VAR = 18
[IO] Reading gauge field (/home/jinchen/git/anl/IPG4Lattice/interp_gauge/../ensemble/S16T16/wilson_b6.45) took
[TIMER] elapsed :: 8.464098e-03 s 
[IO] Header     Trace :: 0.001395           || Plaq :: 0.594068 
[IO] Calculated Trace :: 0.001394514190466  || Plaq :: 0.594068255789063 

[GF] Using the Fourier accelerated non-linear conjugate gradient (FACG) routines
[GF] Interpolating gauge, accuracy of 1e-14 
[GF] Interpolating temporal epsilon :: 0.3 
[GF] Tuning parameter alpha :: 0.090000 
[GF] Performing AT MOST 6000 iterations before randomly restarting ... 
[GF] Allowing for 7 restarts before complaint ... 
[GF] Approximate O(a) exponential expansion, and reunitarisation in Gauge Fixing.
[GF] Plaquette :: 0.594068255789062 
[GF] Accuracy :: 9.8041e-15
[GF] Iters :: 157
[GF] Link trace :: 0.853332850313298 || Maximum :: 0.996161874480858
[GF] Temporal constance || Lin 7.618654e-06 || Log 2.266349e+00 
[GF] Functional :: 0.132266344104238

[TIMER] elapsed :: 1.662418e+00 s 
[IO] Writing 4D_SU3_GAUGE binary data

[TIMER] elapsed :: 5.661964e-03 s 
[IO] Page size is :: 62.713287, Total malloc [More] 0.060547  [Less] 0.037110 
[IO] Using the faster/memory expensive code 

[TIMER] elapsed :: 3.714800e-02 s 
[IO] Configuration written to /home/jinchen/git/anl/IPG4Lattice/interp_gauge/../ensemble/S16T16_itpg/wilson_b6.itpg.eps0p3.45 
 
Time for config 45, epsilon 0.3: 0 hours 0 minutes 1 seconds
 
Processing configuration 46 at GF_EPSILON = 0.3
Start time for config 46, epsilon 0.3: Sun May 31 09:36:46 PM EDT 2026
[IO] Attempting to read a NERSC file 
[PAR] CONDOR_MODE selected .... 
[IO] reading file /home/jinchen/git/anl/IPG4Lattice/interp_gauge/../ensemble/S16T16/wilson_b6.46
[IO] Configuration number :: 1 
[INIT] GLU is Compiled for SU(3)

[DIMENSIONS] ( 16 x 16 x 16 x 16 )

[INIT] using 16 thread(s) 
[INIT] allocating su(2) subgroup indices
[IO] Read gauge field[IO] file offset 628
[IO] LOOP_VAR = 18
[IO] Reading gauge field (/home/jinchen/git/anl/IPG4Lattice/interp_gauge/../ensemble/S16T16/wilson_b6.46) took
[TIMER] elapsed :: 7.401943e-03 s 
[IO] Header     Trace :: 0.000096           || Plaq :: 0.593359 
[IO] Calculated Trace :: 0.000096410478253  || Plaq :: 0.593358816210688 

[GF] Using the Fourier accelerated non-linear conjugate gradient (FACG) routines
[GF] Interpolating gauge, accuracy of 1e-14 
[GF] Interpolating temporal epsilon :: 0.3 
[GF] Tuning parameter alpha :: 0.090000 
[GF] Performing AT MOST 6000 iterations before randomly restarting ... 
[GF] Allowing for 7 restarts before complaint ... 
[GF] Approximate O(a) exponential expansion, and reunitarisation in Gauge Fixing.
[IO] file offset 628
[IO] LOOP_VAR = 18
[PAR_RNG] MWC_4096
[PAR_RNG] Entropy read Seed 4160198747
[PAR_RNG] warmed up
[GF] Plaquette :: 0.593358816210687 
[GF] Accuracy :: 8.1367e-15
[GF] Iters :: 123457046
[GF] Link trace :: 0.852085925052699 || Maximum :: 0.995676258213556
[GF] Temporal constance || Lin 1.722559e-05 || Log 1.499505e+00 
[GF] Functional :: 0.133173447754372

[TIMER] elapsed :: 7.061673e+01 s 
[IO] Writing 4D_SU3_GAUGE binary data

[TIMER] elapsed :: 1.264715e-02 s 
[IO] Page size is :: 62.713287, Total malloc [More] 0.060547  [Less] 0.037110 
[IO] Using the faster/memory expensive code 

[TIMER] elapsed :: 4.351997e-02 s 
[IO] Configuration written to /home/jinchen/git/anl/IPG4Lattice/interp_gauge/../ensemble/S16T16_itpg/wilson_b6.itpg.eps0p3.46 
 
Time for config 46, epsilon 0.3: 0 hours 1 minutes 11 seconds
 
Processing configuration 47 at GF_EPSILON = 0.3
Start time for config 47, epsilon 0.3: Sun May 31 09:37:57 PM EDT 2026
[IO] Attempting to read a NERSC file 
[PAR] CONDOR_MODE selected .... 
[IO] reading file /home/jinchen/git/anl/IPG4Lattice/interp_gauge/../ensemble/S16T16/wilson_b6.47
[IO] Configuration number :: 1 
[INIT] GLU is Compiled for SU(3)

[DIMENSIONS] ( 16 x 16 x 16 x 16 )

[INIT] using 16 thread(s) 
[INIT] allocating su(2) subgroup indices
[IO] Read gauge field[IO] file offset 629
[IO] LOOP_VAR = 18
[IO] Reading gauge field (/home/jinchen/git/anl/IPG4Lattice/interp_gauge/../ensemble/S16T16/wilson_b6.47) took
[TIMER] elapsed :: 7.044077e-03 s 
[IO] Header     Trace :: -0.000658           || Plaq :: 0.594025 
[IO] Calculated Trace :: -0.000657819325306  || Plaq :: 0.594025450842068 

[GF] Using the Fourier accelerated non-linear conjugate gradient (FACG) routines
[GF] Interpolating gauge, accuracy of 1e-14 
[GF] Interpolating temporal epsilon :: 0.3 
[GF] Tuning parameter alpha :: 0.090000 
[GF] Performing AT MOST 6000 iterations before randomly restarting ... 
[GF] Allowing for 7 restarts before complaint ... 
[GF] Approximate O(a) exponential expansion, and reunitarisation in Gauge Fixing.
[GF] Plaquette :: 0.594025450842066 
[GF] Accuracy :: 7.8151e-15
[GF] Iters :: 504
[GF] Link trace :: 0.853380414883597 || Maximum :: 0.997264784392031
[GF] Temporal constance || Lin 3.766494e-05 || Log 1.890254e+00 
[GF] Functional :: 0.132186146883003

[TIMER] elapsed :: 5.539520e+00 s 
[IO] Writing 4D_SU3_GAUGE binary data

[TIMER] elapsed :: 5.709887e-03 s 
[IO] Page size is :: 62.713287, Total malloc [More] 0.060547  [Less] 0.037110 
[IO] Using the faster/memory expensive code 

[TIMER] elapsed :: 3.746104e-02 s 
[IO] Configuration written to /home/jinchen/git/anl/IPG4Lattice/interp_gauge/../ensemble/S16T16_itpg/wilson_b6.itpg.eps0p3.47 
 
Time for config 47, epsilon 0.3: 0 hours 0 minutes 6 seconds
 
Processing configuration 48 at GF_EPSILON = 0.3
Start time for config 48, epsilon 0.3: Sun May 31 09:38:03 PM EDT 2026
[IO] Attempting to read a NERSC file 
[PAR] CONDOR_MODE selected .... 
[IO] reading file /home/jinchen/git/anl/IPG4Lattice/interp_gauge/../ensemble/S16T16/wilson_b6.48
[IO] Configuration number :: 1 
[INIT] GLU is Compiled for SU(3)

[DIMENSIONS] ( 16 x 16 x 16 x 16 )

[INIT] using 16 thread(s) 
[INIT] allocating su(2) subgroup indices
[IO] Read gauge field[IO] file offset 628
[IO] LOOP_VAR = 18
[IO] Reading gauge field (/home/jinchen/git/anl/IPG4Lattice/interp_gauge/../ensemble/S16T16/wilson_b6.48) took
[TIMER] elapsed :: 6.952047e-03 s 
[IO] Header     Trace :: 0.000242           || Plaq :: 0.593621 
[IO] Calculated Trace :: 0.000242486766589  || Plaq :: 0.593621172559305 

[GF] Using the Fourier accelerated non-linear conjugate gradient (FACG) routines
[GF] Interpolating gauge, accuracy of 1e-14 
[GF] Interpolating temporal epsilon :: 0.3 
[GF] Tuning parameter alpha :: 0.090000 
[GF] Performing AT MOST 6000 iterations before randomly restarting ... 
[GF] Allowing for 7 restarts before complaint ... 
[GF] Approximate O(a) exponential expansion, and reunitarisation in Gauge Fixing.
[GF] Plaquette :: 0.593621172559304 
[GF] Accuracy :: 8.3329e-15
[GF] Iters :: 254
[GF] Link trace :: 0.852849331916323 || Maximum :: 0.997591418223454
[GF] Temporal constance || Lin 6.404557e-05 || Log 1.533026e+00 
[GF] Functional :: 0.132605348831972

[TIMER] elapsed :: 3.018818e+00 s 
[IO] Writing 4D_SU3_GAUGE binary data

[TIMER] elapsed :: 5.610943e-03 s 
[IO] Page size is :: 62.713287, Total malloc [More] 0.060547  [Less] 0.037110 
[IO] Using the faster/memory expensive code 

[TIMER] elapsed :: 3.716898e-02 s 
[IO] Configuration written to /home/jinchen/git/anl/IPG4Lattice/interp_gauge/../ensemble/S16T16_itpg/wilson_b6.itpg.eps0p3.48 
 
Time for config 48, epsilon 0.3: 0 hours 0 minutes 3 seconds
 
Processing configuration 49 at GF_EPSILON = 0.3
Start time for config 49, epsilon 0.3: Sun May 31 09:38:06 PM EDT 2026
[IO] Attempting to read a NERSC file 
[PAR] CONDOR_MODE selected .... 
[IO] reading file /home/jinchen/git/anl/IPG4Lattice/interp_gauge/../ensemble/S16T16/wilson_b6.49
[IO] Configuration number :: 1 
[INIT] GLU is Compiled for SU(3)

[DIMENSIONS] ( 16 x 16 x 16 x 16 )

[INIT] using 16 thread(s) 
[INIT] allocating su(2) subgroup indices
[IO] Read gauge field[IO] file offset 628
[IO] LOOP_VAR = 18
[IO] Reading gauge field (/home/jinchen/git/anl/IPG4Lattice/interp_gauge/../ensemble/S16T16/wilson_b6.49) took
[TIMER] elapsed :: 6.803036e-03 s 
[IO] Header     Trace :: -0.000228           || Plaq :: 0.594408 
[IO] Calculated Trace :: -0.000227934875986  || Plaq :: 0.594408435347543 

[GF] Using the Fourier accelerated non-linear conjugate gradient (FACG) routines
[GF] Interpolating gauge, accuracy of 1e-14 
[GF] Interpolating temporal epsilon :: 0.3 
[GF] Tuning parameter alpha :: 0.090000 
[GF] Performing AT MOST 6000 iterations before randomly restarting ... 
[GF] Allowing for 7 restarts before complaint ... 
[GF] Approximate O(a) exponential expansion, and reunitarisation in Gauge Fixing.
[GF] Plaquette :: 0.594408435347542 
[GF] Accuracy :: 7.1015e-15
[GF] Iters :: 388
[GF] Link trace :: 0.853976803695045 || Maximum :: 0.997442155902288
[GF] Temporal constance || Lin 1.461854e-05 || Log 1.406830e+00 
[GF] Functional :: 0.131604228684396

[TIMER] elapsed :: 4.311375e+00 s 
[IO] Writing 4D_SU3_GAUGE binary data

[TIMER] elapsed :: 5.603075e-03 s 
[IO] Page size is :: 62.713287, Total malloc [More] 0.060547  [Less] 0.037110 
[IO] Using the faster/memory expensive code 

[TIMER] elapsed :: 3.733516e-02 s 
[IO] Configuration written to /home/jinchen/git/anl/IPG4Lattice/interp_gauge/../ensemble/S16T16_itpg/wilson_b6.itpg.eps0p3.49 
 
Time for config 49, epsilon 0.3: 0 hours 0 minutes 4 seconds
 
Processing GF_EPSILON = 0.1
 
Processing configuration 0 at GF_EPSILON = 0.1
Start time for config 0, epsilon 0.1: Sun May 31 09:38:10 PM EDT 2026
[IO] Attempting to read a NERSC file 
[PAR] CONDOR_MODE selected .... 
[IO] reading file /home/jinchen/git/anl/IPG4Lattice/interp_gauge/../ensemble/S16T16/wilson_b6.0
[IO] Configuration number :: 1 
[INIT] GLU is Compiled for SU(3)

[DIMENSIONS] ( 16 x 16 x 16 x 16 )

[INIT] using 16 thread(s) 
[INIT] allocating su(2) subgroup indices
[IO] Read gauge field[IO] file offset 628
[IO] LOOP_VAR = 18
[IO] Reading gauge field (/home/jinchen/git/anl/IPG4Lattice/interp_gauge/../ensemble/S16T16/wilson_b6.0) took
[TIMER] elapsed :: 1.296997e-02 s 
[IO] Header     Trace :: 0.000586           || Plaq :: 0.595230 
[IO] Calculated Trace :: 0.000586432207598  || Plaq :: 0.595230154055087 

[GF] Using the Fourier accelerated non-linear conjugate gradient (FACG) routines
[GF] Interpolating gauge, accuracy of 1e-14 
[GF] Interpolating temporal epsilon :: 0.1 
[GF] Tuning parameter alpha :: 0.090000 
[GF] Performing AT MOST 6000 iterations before randomly restarting ... 
[GF] Allowing for 7 restarts before complaint ... 
[GF] Approximate O(a) exponential expansion, and reunitarisation in Gauge Fixing.
[GF] Plaquette :: 0.595230154055101 
[GF] Accuracy :: 8.9953e-15
[GF] Iters :: 202
[GF] Link trace :: 0.848670919141040 || Maximum :: 0.995695898044155
[GF] Temporal constance || Lin 7.820720e-06 || Log 1.999261e+00 
[GF] Functional :: 0.121077565139611

[TIMER] elapsed :: 2.274888e+00 s 
[IO] Writing 4D_SU3_GAUGE binary data

[TIMER] elapsed :: 5.646944e-03 s 
[IO] Page size is :: 62.713287, Total malloc [More] 0.060547  [Less] 0.037110 
[IO] Using the faster/memory expensive code 

[TIMER] elapsed :: 3.744602e-02 s 
[IO] Configuration written to /home/jinchen/git/anl/IPG4Lattice/interp_gauge/../ensemble/S16T16_itpg/wilson_b6.itpg.eps0p1.0 
 
Time for config 0, epsilon 0.1: 0 hours 0 minutes 3 seconds
 
Processing configuration 1 at GF_EPSILON = 0.1
Start time for config 1, epsilon 0.1: Sun May 31 09:38:13 PM EDT 2026
[IO] Attempting to read a NERSC file 
[PAR] CONDOR_MODE selected .... 
[IO] reading file /home/jinchen/git/anl/IPG4Lattice/interp_gauge/../ensemble/S16T16/wilson_b6.1
[IO] Configuration number :: 1 
[INIT] GLU is Compiled for SU(3)

[DIMENSIONS] ( 16 x 16 x 16 x 16 )

[INIT] using 16 thread(s) 
[INIT] allocating su(2) subgroup indices
[IO] Read gauge field[IO] file offset 627
[IO] LOOP_VAR = 18
[IO] Reading gauge field (/home/jinchen/git/anl/IPG4Lattice/interp_gauge/../ensemble/S16T16/wilson_b6.1) took
[TIMER] elapsed :: 7.663012e-03 s 
[IO] Header     Trace :: 0.000400           || Plaq :: 0.593764 
[IO] Calculated Trace :: 0.000400249920519  || Plaq :: 0.593763816990767 

[GF] Using the Fourier accelerated non-linear conjugate gradient (FACG) routines
[GF] Interpolating gauge, accuracy of 1e-14 
[GF] Interpolating temporal epsilon :: 0.1 
[GF] Tuning parameter alpha :: 0.090000 
[GF] Performing AT MOST 6000 iterations before randomly restarting ... 
[GF] Allowing for 7 restarts before complaint ... 
[GF] Approximate O(a) exponential expansion, and reunitarisation in Gauge Fixing.
[GF] Plaquette :: 0.593763816990765 
[GF] Accuracy :: 7.1114e-15
[GF] Iters :: 157
[GF] Link trace :: 0.846622168615388 || Maximum :: 0.998640853019308
[GF] Temporal constance || Lin 2.879755e-06 || Log 2.227318e+00 
[GF] Functional :: 0.122540283406392

[TIMER] elapsed :: 1.829130e+00 s 
[IO] Writing 4D_SU3_GAUGE binary data

[TIMER] elapsed :: 5.735874e-03 s 
[IO] Page size is :: 62.713287, Total malloc [More] 0.060547  [Less] 0.037110 
[IO] Using the faster/memory expensive code 

[TIMER] elapsed :: 3.656292e-02 s 
[IO] Configuration written to /home/jinchen/git/anl/IPG4Lattice/interp_gauge/../ensemble/S16T16_itpg/wilson_b6.itpg.eps0p1.1 
 
Time for config 1, epsilon 0.1: 0 hours 0 minutes 2 seconds
 
Processing configuration 2 at GF_EPSILON = 0.1
Start time for config 2, epsilon 0.1: Sun May 31 09:38:15 PM EDT 2026
[IO] Attempting to read a NERSC file 
[PAR] CONDOR_MODE selected .... 
[IO] reading file /home/jinchen/git/anl/IPG4Lattice/interp_gauge/../ensemble/S16T16/wilson_b6.2
[IO] Configuration number :: 1 
[INIT] GLU is Compiled for SU(3)

[DIMENSIONS] ( 16 x 16 x 16 x 16 )

[INIT] using 16 thread(s) 
[INIT] allocating su(2) subgroup indices
[IO] Read gauge field[IO] file offset 628
[IO] LOOP_VAR = 18
[IO] Reading gauge field (/home/jinchen/git/anl/IPG4Lattice/interp_gauge/../ensemble/S16T16/wilson_b6.2) took
[TIMER] elapsed :: 7.710218e-03 s 
[IO] Header     Trace :: 0.000832           || Plaq :: 0.594363 
[IO] Calculated Trace :: 0.000832153266088  || Plaq :: 0.594363147084071 

[GF] Using the Fourier accelerated non-linear conjugate gradient (FACG) routines
[GF] Interpolating gauge, accuracy of 1e-14 
[GF] Interpolating temporal epsilon :: 0.1 
[GF] Tuning parameter alpha :: 0.090000 
[GF] Performing AT MOST 6000 iterations before randomly restarting ... 
[GF] Allowing for 7 restarts before complaint ... 
[GF] Approximate O(a) exponential expansion, and reunitarisation in Gauge Fixing.
[GF] Plaquette :: 0.594363147084071 
[GF] Accuracy :: 6.3332e-15
[GF] Iters :: 102
[GF] Link trace :: 0.846004777547512 || Maximum :: 0.997613119890719
[GF] Temporal constance || Lin 4.348315e-06 || Log 2.867510e+00 
[GF] Functional :: 0.122700324183349

[TIMER] elapsed :: 1.035558e+00 s 
[IO] Writing 4D_SU3_GAUGE binary data

[TIMER] elapsed :: 5.731821e-03 s 
[IO] Page size is :: 62.713287, Total malloc [More] 0.060547  [Less] 0.037110 
[IO] Using the faster/memory expensive code 

[TIMER] elapsed :: 3.683805e-02 s 
[IO] Configuration written to /home/jinchen/git/anl/IPG4Lattice/interp_gauge/../ensemble/S16T16_itpg/wilson_b6.itpg.eps0p1.2 
 
Time for config 2, epsilon 0.1: 0 hours 0 minutes 1 seconds
 
Processing configuration 3 at GF_EPSILON = 0.1
Start time for config 3, epsilon 0.1: Sun May 31 09:38:16 PM EDT 2026
[IO] Attempting to read a NERSC file 
[PAR] CONDOR_MODE selected .... 
[IO] reading file /home/jinchen/git/anl/IPG4Lattice/interp_gauge/../ensemble/S16T16/wilson_b6.3
[IO] Configuration number :: 1 
[INIT] GLU is Compiled for SU(3)

[DIMENSIONS] ( 16 x 16 x 16 x 16 )

[INIT] using 16 thread(s) 
[INIT] allocating su(2) subgroup indices
[IO] Read gauge field[IO] file offset 628
[IO] LOOP_VAR = 18
[IO] Reading gauge field (/home/jinchen/git/anl/IPG4Lattice/interp_gauge/../ensemble/S16T16/wilson_b6.3) took
[TIMER] elapsed :: 7.822037e-03 s 
[IO] Header     Trace :: 0.000305           || Plaq :: 0.593920 
[IO] Calculated Trace :: 0.000305043316917  || Plaq :: 0.593919624623353 

[GF] Using the Fourier accelerated non-linear conjugate gradient (FACG) routines
[GF] Interpolating gauge, accuracy of 1e-14 
[GF] Interpolating temporal epsilon :: 0.1 
[GF] Tuning parameter alpha :: 0.090000 
[GF] Performing AT MOST 6000 iterations before randomly restarting ... 
[GF] Allowing for 7 restarts before complaint ... 
[GF] Approximate O(a) exponential expansion, and reunitarisation in Gauge Fixing.
[GF] Plaquette :: 0.593919624623352 
[GF] Accuracy :: 8.7404e-15
[GF] Iters :: 262
[GF] Link trace :: 0.844025334108737 || Maximum :: 0.997011530164987
[GF] Temporal constance || Lin 8.575738e-06 || Log 2.322919e+00 
[GF] Functional :: 0.123490015765111

[TIMER] elapsed :: 3.134725e+00 s 
[IO] Writing 4D_SU3_GAUGE binary data

[TIMER] elapsed :: 5.636930e-03 s 
[IO] Page size is :: 62.713287, Total malloc [More] 0.060547  [Less] 0.037110 
[IO] Using the faster/memory expensive code 

[TIMER] elapsed :: 3.670096e-02 s 
[IO] Configuration written to /home/jinchen/git/anl/IPG4Lattice/interp_gauge/../ensemble/S16T16_itpg/wilson_b6.itpg.eps0p1.3 
 
Time for config 3, epsilon 0.1: 0 hours 0 minutes 3 seconds
 
Processing configuration 4 at GF_EPSILON = 0.1
Start time for config 4, epsilon 0.1: Sun May 31 09:38:19 PM EDT 2026
[IO] Attempting to read a NERSC file 
[PAR] CONDOR_MODE selected .... 
[IO] reading file /home/jinchen/git/anl/IPG4Lattice/interp_gauge/../ensemble/S16T16/wilson_b6.4
[IO] Configuration number :: 1 
[INIT] GLU is Compiled for SU(3)

[DIMENSIONS] ( 16 x 16 x 16 x 16 )

[INIT] using 16 thread(s) 
[INIT] allocating su(2) subgroup indices
[IO] Read gauge field[IO] file offset 629
[IO] LOOP_VAR = 18
[IO] Reading gauge field (/home/jinchen/git/anl/IPG4Lattice/interp_gauge/../ensemble/S16T16/wilson_b6.4) took
[TIMER] elapsed :: 7.616997e-03 s 
[IO] Header     Trace :: -0.000521           || Plaq :: 0.593793 
[IO] Calculated Trace :: -0.000521065458333  || Plaq :: 0.593792888569615 

[GF] Using the Fourier accelerated non-linear conjugate gradient (FACG) routines
[GF] Interpolating gauge, accuracy of 1e-14 
[GF] Interpolating temporal epsilon :: 0.1 
[GF] Tuning parameter alpha :: 0.090000 
[GF] Performing AT MOST 6000 iterations before randomly restarting ... 
[GF] Allowing for 7 restarts before complaint ... 
[GF] Approximate O(a) exponential expansion, and reunitarisation in Gauge Fixing.
[GF] Plaquette :: 0.593792888569614 
[GF] Accuracy :: 7.6973e-15
[GF] Iters :: 217
[GF] Link trace :: 0.843579470759703 || Maximum :: 0.996137201260352
[GF] Temporal constance || Lin 2.190653e-05 || Log 2.274146e+00 
[GF] Functional :: 0.124022616457302

[TIMER] elapsed :: 2.495827e+00 s 
[IO] Writing 4D_SU3_GAUGE binary data

[TIMER] elapsed :: 5.866051e-03 s 
[IO] Page size is :: 62.713287, Total malloc [More] 0.060547  [Less] 0.037110 
[IO] Using the faster/memory expensive code 

[TIMER] elapsed :: 3.861380e-02 s 
[IO] Configuration written to /home/jinchen/git/anl/IPG4Lattice/interp_gauge/../ensemble/S16T16_itpg/wilson_b6.itpg.eps0p1.4 
 
Time for config 4, epsilon 0.1: 0 hours 0 minutes 3 seconds
 
Processing configuration 5 at GF_EPSILON = 0.1
Start time for config 5, epsilon 0.1: Sun May 31 09:38:22 PM EDT 2026
[IO] Attempting to read a NERSC file 
[PAR] CONDOR_MODE selected .... 
[IO] reading file /home/jinchen/git/anl/IPG4Lattice/interp_gauge/../ensemble/S16T16/wilson_b6.5
[IO] Configuration number :: 1 
[INIT] GLU is Compiled for SU(3)

[DIMENSIONS] ( 16 x 16 x 16 x 16 )

[INIT] using 16 thread(s) 
[INIT] allocating su(2) subgroup indices
[IO] Read gauge field[IO] file offset 628
[IO] LOOP_VAR = 18
[IO] Reading gauge field (/home/jinchen/git/anl/IPG4Lattice/interp_gauge/../ensemble/S16T16/wilson_b6.5) took
[TIMER] elapsed :: 7.453918e-03 s 
[IO] Header     Trace :: 0.000262           || Plaq :: 0.595189 
[IO] Calculated Trace :: 0.000262161386738  || Plaq :: 0.595189412509691 

[GF] Using the Fourier accelerated non-linear conjugate gradient (FACG) routines
[GF] Interpolating gauge, accuracy of 1e-14 
[GF] Interpolating temporal epsilon :: 0.1 
[GF] Tuning parameter alpha :: 0.090000 
[GF] Performing AT MOST 6000 iterations before randomly restarting ... 
[GF] Allowing for 7 restarts before complaint ... 
[GF] Approximate O(a) exponential expansion, and reunitarisation in Gauge Fixing.
[GF] Plaquette :: 0.595189412509690 
[GF] Accuracy :: 8.6924e-15
[GF] Iters :: 192
[GF] Link trace :: 0.844332149400787 || Maximum :: 0.995376931910653
[GF] Temporal constance || Lin 2.642815e-05 || Log 2.640172e+00 
[GF] Functional :: 0.123468258960471

[TIMER] elapsed :: 2.176476e+00 s 
[IO] Writing 4D_SU3_GAUGE binary data

[TIMER] elapsed :: 5.661011e-03 s 
[IO] Page size is :: 62.713287, Total malloc [More] 0.060547  [Less] 0.037110 
[IO] Using the faster/memory expensive code 

[TIMER] elapsed :: 3.638196e-02 s 
[IO] Configuration written to /home/jinchen/git/anl/IPG4Lattice/interp_gauge/../ensemble/S16T16_itpg/wilson_b6.itpg.eps0p1.5 
 
Time for config 5, epsilon 0.1: 0 hours 0 minutes 2 seconds
 
Processing configuration 6 at GF_EPSILON = 0.1
Start time for config 6, epsilon 0.1: Sun May 31 09:38:24 PM EDT 2026
[IO] Attempting to read a NERSC file 
[PAR] CONDOR_MODE selected .... 
[IO] reading file /home/jinchen/git/anl/IPG4Lattice/interp_gauge/../ensemble/S16T16/wilson_b6.6
[IO] Configuration number :: 1 
[INIT] GLU is Compiled for SU(3)

[DIMENSIONS] ( 16 x 16 x 16 x 16 )

[INIT] using 16 thread(s) 
[INIT] allocating su(2) subgroup indices
[IO] Read gauge field[IO] file offset 629
[IO] LOOP_VAR = 18
[IO] Reading gauge field (/home/jinchen/git/anl/IPG4Lattice/interp_gauge/../ensemble/S16T16/wilson_b6.6) took
[TIMER] elapsed :: 7.665873e-03 s 
[IO] Header     Trace :: -0.000063           || Plaq :: 0.593898 
[IO] Calculated Trace :: -0.000062722359870  || Plaq :: 0.593897680812195 

[GF] Using the Fourier accelerated non-linear conjugate gradient (FACG) routines
[GF] Interpolating gauge, accuracy of 1e-14 
[GF] Interpolating temporal epsilon :: 0.1 
[GF] Tuning parameter alpha :: 0.090000 
[GF] Performing AT MOST 6000 iterations before randomly restarting ... 
[GF] Allowing for 7 restarts before complaint ... 
[GF] Approximate O(a) exponential expansion, and reunitarisation in Gauge Fixing.
[IO] file offset 629
[IO] LOOP_VAR = 18
[PAR_RNG] MWC_4096
[PAR_RNG] Entropy read Seed 372378038
[PAR_RNG] warmed up
[GF] Plaquette :: 0.593897680812190 
[GF] Accuracy :: 8.6530e-15
[GF] Iters :: 123457542
[GF] Link trace :: 0.840838633353195 || Maximum :: 0.996888711039788
[GF] Temporal constance || Lin 2.581799e-05 || Log 3.448657e+00 
[GF] Functional :: 0.124865917361417

[TIMER] elapsed :: 7.760237e+01 s 
[IO] Writing 4D_SU3_GAUGE binary data

[TIMER] elapsed :: 5.548000e-03 s 
[IO] Page size is :: 62.713287, Total malloc [More] 0.060547  [Less] 0.037110 
[IO] Using the faster/memory expensive code 

[TIMER] elapsed :: 3.828907e-02 s 
[IO] Configuration written to /home/jinchen/git/anl/IPG4Lattice/interp_gauge/../ensemble/S16T16_itpg/wilson_b6.itpg.eps0p1.6 
 
Time for config 6, epsilon 0.1: 0 hours 1 minutes 18 seconds
 
Processing configuration 7 at GF_EPSILON = 0.1
Start time for config 7, epsilon 0.1: Sun May 31 09:39:42 PM EDT 2026
[IO] Attempting to read a NERSC file 
[PAR] CONDOR_MODE selected .... 
[IO] reading file /home/jinchen/git/anl/IPG4Lattice/interp_gauge/../ensemble/S16T16/wilson_b6.7
[IO] Configuration number :: 1 
[INIT] GLU is Compiled for SU(3)

[DIMENSIONS] ( 16 x 16 x 16 x 16 )

[INIT] using 16 thread(s) 
[INIT] allocating su(2) subgroup indices
[IO] Read gauge field[IO] file offset 629
[IO] LOOP_VAR = 18
[IO] Reading gauge field (/home/jinchen/git/anl/IPG4Lattice/interp_gauge/../ensemble/S16T16/wilson_b6.7) took
[TIMER] elapsed :: 9.942055e-03 s 
[IO] Header     Trace :: -0.000351           || Plaq :: 0.593812 
[IO] Calculated Trace :: -0.000351102979176  || Plaq :: 0.593812410139570 

[GF] Using the Fourier accelerated non-linear conjugate gradient (FACG) routines
[GF] Interpolating gauge, accuracy of 1e-14 
[GF] Interpolating temporal epsilon :: 0.1 
[GF] Tuning parameter alpha :: 0.090000 
[GF] Performing AT MOST 6000 iterations before randomly restarting ... 
[GF] Allowing for 7 restarts before complaint ... 
[GF] Approximate O(a) exponential expansion, and reunitarisation in Gauge Fixing.
[IO] file offset 629
[IO] LOOP_VAR = 18
[PAR_RNG] MWC_4096
[PAR_RNG] Entropy read Seed 2227109953
[PAR_RNG] warmed up
[GF] Plaquette :: 0.593812410139568 
[GF] Accuracy :: 8.4047e-15
[GF] Iters :: 123457255
[GF] Link trace :: 0.837950600598475 || Maximum :: 0.996115541118919
[GF] Temporal constance || Lin 4.040104e-05 || Log 4.483061e+00 
[GF] Functional :: 0.126337769538329

[TIMER] elapsed :: 7.252084e+01 s 
[IO] Writing 4D_SU3_GAUGE binary data

[TIMER] elapsed :: 5.579948e-03 s 
[IO] Page size is :: 62.713287, Total malloc [More] 0.060547  [Less] 0.037110 
[IO] Using the faster/memory expensive code 

[TIMER] elapsed :: 3.801394e-02 s 
[IO] Configuration written to /home/jinchen/git/anl/IPG4Lattice/interp_gauge/../ensemble/S16T16_itpg/wilson_b6.itpg.eps0p1.7 
 
Time for config 7, epsilon 0.1: 0 hours 1 minutes 12 seconds
 
Processing configuration 8 at GF_EPSILON = 0.1
Start time for config 8, epsilon 0.1: Sun May 31 09:40:54 PM EDT 2026
[IO] Attempting to read a NERSC file 
[PAR] CONDOR_MODE selected .... 
[IO] reading file /home/jinchen/git/anl/IPG4Lattice/interp_gauge/../ensemble/S16T16/wilson_b6.8
[IO] Configuration number :: 1 
[INIT] GLU is Compiled for SU(3)

[DIMENSIONS] ( 16 x 16 x 16 x 16 )

[INIT] using 16 thread(s) 
[INIT] allocating su(2) subgroup indices
[IO] Read gauge field[IO] file offset 629
[IO] LOOP_VAR = 18
[IO] Reading gauge field (/home/jinchen/git/anl/IPG4Lattice/interp_gauge/../ensemble/S16T16/wilson_b6.8) took
[TIMER] elapsed :: 7.435083e-03 s 
[IO] Header     Trace :: -0.000501           || Plaq :: 0.594006 
[IO] Calculated Trace :: -0.000501287251195  || Plaq :: 0.594006348123550 

[GF] Using the Fourier accelerated non-linear conjugate gradient (FACG) routines
[GF] Interpolating gauge, accuracy of 1e-14 
[GF] Interpolating temporal epsilon :: 0.1 
[GF] Tuning parameter alpha :: 0.090000 
[GF] Performing AT MOST 6000 iterations before randomly restarting ... 
[GF] Allowing for 7 restarts before complaint ... 
[GF] Approximate O(a) exponential expansion, and reunitarisation in Gauge Fixing.
[GF] Plaquette :: 0.594006348123548 
[GF] Accuracy :: 9.7264e-15
[GF] Iters :: 399
[GF] Link trace :: 0.839699085715519 || Maximum :: 0.998367268170968
[GF] Temporal constance || Lin 4.096635e-05 || Log 3.597737e+00 
[GF] Functional :: 0.125310189260637

[TIMER] elapsed :: 4.505590e+00 s 
[IO] Writing 4D_SU3_GAUGE binary data

[TIMER] elapsed :: 5.754948e-03 s 
[IO] Page size is :: 62.713287, Total malloc [More] 0.060547  [Less] 0.037110 
[IO] Using the faster/memory expensive code 

[TIMER] elapsed :: 3.779197e-02 s 
[IO] Configuration written to /home/jinchen/git/anl/IPG4Lattice/interp_gauge/../ensemble/S16T16_itpg/wilson_b6.itpg.eps0p1.8 
 
Time for config 8, epsilon 0.1: 0 hours 0 minutes 5 seconds
 
Processing configuration 9 at GF_EPSILON = 0.1
Start time for config 9, epsilon 0.1: Sun May 31 09:40:59 PM EDT 2026
[IO] Attempting to read a NERSC file 
[PAR] CONDOR_MODE selected .... 
[IO] reading file /home/jinchen/git/anl/IPG4Lattice/interp_gauge/../ensemble/S16T16/wilson_b6.9
[IO] Configuration number :: 1 
[INIT] GLU is Compiled for SU(3)

[DIMENSIONS] ( 16 x 16 x 16 x 16 )

[INIT] using 16 thread(s) 
[INIT] allocating su(2) subgroup indices
[IO] Read gauge field[IO] file offset 628
[IO] LOOP_VAR = 18
[IO] Reading gauge field (/home/jinchen/git/anl/IPG4Lattice/interp_gauge/../ensemble/S16T16/wilson_b6.9) took
[TIMER] elapsed :: 7.049799e-03 s 
[IO] Header     Trace :: 0.000435           || Plaq :: 0.593188 
[IO] Calculated Trace :: 0.000435419994833  || Plaq :: 0.593188206700780 

[GF] Using the Fourier accelerated non-linear conjugate gradient (FACG) routines
[GF] Interpolating gauge, accuracy of 1e-14 
[GF] Interpolating temporal epsilon :: 0.1 
[GF] Tuning parameter alpha :: 0.090000 
[GF] Performing AT MOST 6000 iterations before randomly restarting ... 
[GF] Allowing for 7 restarts before complaint ... 
[GF] Approximate O(a) exponential expansion, and reunitarisation in Gauge Fixing.
[IO] file offset 628
[IO] LOOP_VAR = 18
[PAR_RNG] MWC_4096
[PAR_RNG] Entropy read Seed 2828825850
[PAR_RNG] warmed up
[GF] Plaquette :: 0.593188206700782 
[GF] Accuracy :: 9.6949e-15
[GF] Iters :: 123457764
[GF] Link trace :: 0.839443584933577 || Maximum :: 0.997392784112889
[GF] Temporal constance || Lin 6.334670e-05 || Log 7.606819e+00 
[GF] Functional :: 0.125777281879244

[TIMER] elapsed :: 8.218252e+01 s 
[IO] Writing 4D_SU3_GAUGE binary data

[TIMER] elapsed :: 5.509853e-03 s 
[IO] Page size is :: 62.713287, Total malloc [More] 0.060547  [Less] 0.037110 
[IO] Using the faster/memory expensive code 

[TIMER] elapsed :: 3.737187e-02 s 
[IO] Configuration written to /home/jinchen/git/anl/IPG4Lattice/interp_gauge/../ensemble/S16T16_itpg/wilson_b6.itpg.eps0p1.9 
 
Time for config 9, epsilon 0.1: 0 hours 1 minutes 22 seconds
 
Processing configuration 10 at GF_EPSILON = 0.1
Start time for config 10, epsilon 0.1: Sun May 31 09:42:21 PM EDT 2026
[IO] Attempting to read a NERSC file 
[PAR] CONDOR_MODE selected .... 
[IO] reading file /home/jinchen/git/anl/IPG4Lattice/interp_gauge/../ensemble/S16T16/wilson_b6.10
[IO] Configuration number :: 1 
[INIT] GLU is Compiled for SU(3)

[DIMENSIONS] ( 16 x 16 x 16 x 16 )

[INIT] using 16 thread(s) 
[INIT] allocating su(2) subgroup indices
[IO] Read gauge field[IO] file offset 627
[IO] LOOP_VAR = 18
[IO] Reading gauge field (/home/jinchen/git/anl/IPG4Lattice/interp_gauge/../ensemble/S16T16/wilson_b6.10) took
[TIMER] elapsed :: 7.085085e-03 s 
[IO] Header     Trace :: -0.000492           || Plaq :: 0.593864 
[IO] Calculated Trace :: -0.000492318513257  || Plaq :: 0.593864420017452 

[GF] Using the Fourier accelerated non-linear conjugate gradient (FACG) routines
[GF] Interpolating gauge, accuracy of 1e-14 
[GF] Interpolating temporal epsilon :: 0.1 
[GF] Tuning parameter alpha :: 0.090000 
[GF] Performing AT MOST 6000 iterations before randomly restarting ... 
[GF] Allowing for 7 restarts before complaint ... 
[GF] Approximate O(a) exponential expansion, and reunitarisation in Gauge Fixing.
[GF] Plaquette :: 0.593864420017448 
[GF] Accuracy :: 9.2428e-15
[GF] Iters :: 728
[GF] Link trace :: 0.839715791201858 || Maximum :: 0.996474313901187
[GF] Temporal constance || Lin 9.373810e-06 || Log 4.750434e+00 
[GF] Functional :: 0.125593858734666

[TIMER] elapsed :: 8.485983e+00 s 
[IO] Writing 4D_SU3_GAUGE binary data

[TIMER] elapsed :: 6.968975e-03 s 
[IO] Page size is :: 62.713287, Total malloc [More] 0.060547  [Less] 0.037110 
[IO] Using the faster/memory expensive code 

[TIMER] elapsed :: 4.506397e-02 s 
[IO] Configuration written to /home/jinchen/git/anl/IPG4Lattice/interp_gauge/../ensemble/S16T16_itpg/wilson_b6.itpg.eps0p1.10 
 
Time for config 10, epsilon 0.1: 0 hours 0 minutes 9 seconds
 
Processing configuration 11 at GF_EPSILON = 0.1
Start time for config 11, epsilon 0.1: Sun May 31 09:42:30 PM EDT 2026
[IO] Attempting to read a NERSC file 
[PAR] CONDOR_MODE selected .... 
[IO] reading file /home/jinchen/git/anl/IPG4Lattice/interp_gauge/../ensemble/S16T16/wilson_b6.11
[IO] Configuration number :: 1 
[INIT] GLU is Compiled for SU(3)

[DIMENSIONS] ( 16 x 16 x 16 x 16 )

[INIT] using 16 thread(s) 
[INIT] allocating su(2) subgroup indices
[IO] Read gauge field[IO] file offset 628
[IO] LOOP_VAR = 18
[IO] Reading gauge field (/home/jinchen/git/anl/IPG4Lattice/interp_gauge/../ensemble/S16T16/wilson_b6.11) took
[TIMER] elapsed :: 7.034063e-03 s 
[IO] Header     Trace :: -0.000046           || Plaq :: 0.593697 
[IO] Calculated Trace :: -0.000045717355199  || Plaq :: 0.593697285308720 

[GF] Using the Fourier accelerated non-linear conjugate gradient (FACG) routines
[GF] Interpolating gauge, accuracy of 1e-14 
[GF] Interpolating temporal epsilon :: 0.1 
[GF] Tuning parameter alpha :: 0.090000 
[GF] Performing AT MOST 6000 iterations before randomly restarting ... 
[GF] Allowing for 7 restarts before complaint ... 
[GF] Approximate O(a) exponential expansion, and reunitarisation in Gauge Fixing.
[GF] Plaquette :: 0.593697285308717 
[GF] Accuracy :: 9.8094e-15
[GF] Iters :: 587
[GF] Link trace :: 0.838466969338853 || Maximum :: 0.997634546722416
[GF] Temporal constance || Lin 3.407268e-05 || Log 4.090841e+00 
[GF] Functional :: 0.126247904714452

[TIMER] elapsed :: 1.490999e+01 s 
[IO] Writing 4D_SU3_GAUGE binary data

[TIMER] elapsed :: 1.401186e-02 s 
[IO] Page size is :: 62.713287, Total malloc [More] 0.060547  [Less] 0.037110 
[IO] Using the faster/memory expensive code 

[TIMER] elapsed :: 4.646993e-02 s 
[IO] Configuration written to /home/jinchen/git/anl/IPG4Lattice/interp_gauge/../ensemble/S16T16_itpg/wilson_b6.itpg.eps0p1.11 
 
Time for config 11, epsilon 0.1: 0 hours 0 minutes 15 seconds
 
Processing configuration 12 at GF_EPSILON = 0.1
Start time for config 12, epsilon 0.1: Sun May 31 09:42:45 PM EDT 2026
[IO] Attempting to read a NERSC file 
[PAR] CONDOR_MODE selected .... 
[IO] reading file /home/jinchen/git/anl/IPG4Lattice/interp_gauge/../ensemble/S16T16/wilson_b6.12
[IO] Configuration number :: 1 
[INIT] GLU is Compiled for SU(3)

[DIMENSIONS] ( 16 x 16 x 16 x 16 )

[INIT] using 16 thread(s) 
[INIT] allocating su(2) subgroup indices
[IO] Read gauge field[IO] file offset 629
[IO] LOOP_VAR = 18
[IO] Reading gauge field (/home/jinchen/git/anl/IPG4Lattice/interp_gauge/../ensemble/S16T16/wilson_b6.12) took
[TIMER] elapsed :: 8.571148e-03 s 
[IO] Header     Trace :: -0.000075           || Plaq :: 0.592770 
[IO] Calculated Trace :: -0.000074924036111  || Plaq :: 0.592770076563330 

[GF] Using the Fourier accelerated non-linear conjugate gradient (FACG) routines
[GF] Interpolating gauge, accuracy of 1e-14 
[GF] Interpolating temporal epsilon :: 0.1 
[GF] Tuning parameter alpha :: 0.090000 
[GF] Performing AT MOST 6000 iterations before randomly restarting ... 
[GF] Allowing for 7 restarts before complaint ... 
[GF] Approximate O(a) exponential expansion, and reunitarisation in Gauge Fixing.
[GF] Plaquette :: 0.592770076563327 
[GF] Accuracy :: 9.4918e-15
[GF] Iters :: 477
[GF] Link trace :: 0.838045739948233 || Maximum :: 0.996434526537173
[GF] Temporal constance || Lin 9.241789e-05 || Log 7.254984e+00 
[GF] Functional :: 0.126555634097611

[TIMER] elapsed :: 1.373137e+01 s 
[IO] Writing 4D_SU3_GAUGE binary data

[TIMER] elapsed :: 1.374984e-02 s 
[IO] Page size is :: 62.713287, Total malloc [More] 0.060547  [Less] 0.037110 
[IO] Using the faster/memory expensive code 

[TIMER] elapsed :: 4.663110e-02 s 
[IO] Configuration written to /home/jinchen/git/anl/IPG4Lattice/interp_gauge/../ensemble/S16T16_itpg/wilson_b6.itpg.eps0p1.12 
 
Time for config 12, epsilon 0.1: 0 hours 0 minutes 14 seconds
 
Processing configuration 13 at GF_EPSILON = 0.1
Start time for config 13, epsilon 0.1: Sun May 31 09:42:59 PM EDT 2026
[IO] Attempting to read a NERSC file 
[PAR] CONDOR_MODE selected .... 
[IO] reading file /home/jinchen/git/anl/IPG4Lattice/interp_gauge/../ensemble/S16T16/wilson_b6.13
[IO] Configuration number :: 1 
[INIT] GLU is Compiled for SU(3)

[DIMENSIONS] ( 16 x 16 x 16 x 16 )

[INIT] using 16 thread(s) 
[INIT] allocating su(2) subgroup indices
[IO] Read gauge field[IO] file offset 627
[IO] LOOP_VAR = 18
[IO] Reading gauge field (/home/jinchen/git/anl/IPG4Lattice/interp_gauge/../ensemble/S16T16/wilson_b6.13) took
[TIMER] elapsed :: 8.516073e-03 s 
[IO] Header     Trace :: 0.000563           || Plaq :: 0.593122 
[IO] Calculated Trace :: 0.000563240048329  || Plaq :: 0.593121916995068 

[GF] Using the Fourier accelerated non-linear conjugate gradient (FACG) routines
[GF] Interpolating gauge, accuracy of 1e-14 
[GF] Interpolating temporal epsilon :: 0.1 
[GF] Tuning parameter alpha :: 0.090000 
[GF] Performing AT MOST 6000 iterations before randomly restarting ... 
[GF] Allowing for 7 restarts before complaint ... 
[GF] Approximate O(a) exponential expansion, and reunitarisation in Gauge Fixing.
[GF] Plaquette :: 0.593121916995068 
[GF] Accuracy :: 8.9579e-15
[GF] Iters :: 296
[GF] Link trace :: 0.839977420304190 || Maximum :: 0.996538140461086
[GF] Temporal constance || Lin 4.181842e-05 || Log 4.941354e+00 
[GF] Functional :: 0.126080737322247

[TIMER] elapsed :: 8.487799e+00 s 
[IO] Writing 4D_SU3_GAUGE binary data

[TIMER] elapsed :: 1.580405e-02 s 
[IO] Page size is :: 62.713287, Total malloc [More] 0.060547  [Less] 0.037110 
[IO] Using the faster/memory expensive code 

[TIMER] elapsed :: 4.892588e-02 s 
[IO] Configuration written to /home/jinchen/git/anl/IPG4Lattice/interp_gauge/../ensemble/S16T16_itpg/wilson_b6.itpg.eps0p1.13 
 
Time for config 13, epsilon 0.1: 0 hours 0 minutes 8 seconds
 
Processing configuration 14 at GF_EPSILON = 0.1
Start time for config 14, epsilon 0.1: Sun May 31 09:43:07 PM EDT 2026
[IO] Attempting to read a NERSC file 
[PAR] CONDOR_MODE selected .... 
[IO] reading file /home/jinchen/git/anl/IPG4Lattice/interp_gauge/../ensemble/S16T16/wilson_b6.14
[IO] Configuration number :: 1 
[INIT] GLU is Compiled for SU(3)

[DIMENSIONS] ( 16 x 16 x 16 x 16 )

[INIT] using 16 thread(s) 
[INIT] allocating su(2) subgroup indices
[IO] Read gauge field[IO] file offset 628
[IO] LOOP_VAR = 18
[IO] Reading gauge field (/home/jinchen/git/anl/IPG4Lattice/interp_gauge/../ensemble/S16T16/wilson_b6.14) took
[TIMER] elapsed :: 1.428485e-02 s 
[IO] Header     Trace :: 0.000154           || Plaq :: 0.593187 
[IO] Calculated Trace :: 0.000153664637411  || Plaq :: 0.593187026863556 

[GF] Using the Fourier accelerated non-linear conjugate gradient (FACG) routines
[GF] Interpolating gauge, accuracy of 1e-14 
[GF] Interpolating temporal epsilon :: 0.1 
[GF] Tuning parameter alpha :: 0.090000 
[GF] Performing AT MOST 6000 iterations before randomly restarting ... 
[GF] Allowing for 7 restarts before complaint ... 
[GF] Approximate O(a) exponential expansion, and reunitarisation in Gauge Fixing.
[IO] file offset 628
[IO] LOOP_VAR = 18
[PAR_RNG] MWC_4096
[PAR_RNG] Entropy read Seed 4207815743
[PAR_RNG] warmed up
[IO] file offset 628
[IO] LOOP_VAR = 18
[GF] Plaquette :: 0.593187026863556 
[GF] Accuracy :: 7.1755e-15
[GF] Iters :: 123463195
[GF] Link trace :: 0.837525039641577 || Maximum :: 0.998586135283634
[GF] Temporal constance || Lin 3.570722e-05 || Log 3.307990e+00 
[GF] Functional :: 0.126225308488474

[TIMER] elapsed :: 1.630591e+02 s 
[IO] Writing 4D_SU3_GAUGE binary data

[TIMER] elapsed :: 5.756140e-03 s 
[IO] Page size is :: 62.713287, Total malloc [More] 0.060547  [Less] 0.037110 
[IO] Using the faster/memory expensive code 

[TIMER] elapsed :: 3.968811e-02 s 
[IO] Configuration written to /home/jinchen/git/anl/IPG4Lattice/interp_gauge/../ensemble/S16T16_itpg/wilson_b6.itpg.eps0p1.14 
 
Time for config 14, epsilon 0.1: 0 hours 2 minutes 43 seconds
 
Processing configuration 15 at GF_EPSILON = 0.1
Start time for config 15, epsilon 0.1: Sun May 31 09:45:50 PM EDT 2026
[IO] Attempting to read a NERSC file 
[PAR] CONDOR_MODE selected .... 
[IO] reading file /home/jinchen/git/anl/IPG4Lattice/interp_gauge/../ensemble/S16T16/wilson_b6.15
[IO] Configuration number :: 1 
[INIT] GLU is Compiled for SU(3)

[DIMENSIONS] ( 16 x 16 x 16 x 16 )

[INIT] using 16 thread(s) 
[INIT] allocating su(2) subgroup indices
[IO] Read gauge field[IO] file offset 628
[IO] LOOP_VAR = 18
[IO] Reading gauge field (/home/jinchen/git/anl/IPG4Lattice/interp_gauge/../ensemble/S16T16/wilson_b6.15) took
[TIMER] elapsed :: 7.204056e-03 s 
[IO] Header     Trace :: 0.000336           || Plaq :: 0.593793 
[IO] Calculated Trace :: 0.000336033067570  || Plaq :: 0.593793179088433 

[GF] Using the Fourier accelerated non-linear conjugate gradient (FACG) routines
[GF] Interpolating gauge, accuracy of 1e-14 
[GF] Interpolating temporal epsilon :: 0.1 
[GF] Tuning parameter alpha :: 0.090000 
[GF] Performing AT MOST 6000 iterations before randomly restarting ... 
[GF] Allowing for 7 restarts before complaint ... 
[GF] Approximate O(a) exponential expansion, and reunitarisation in Gauge Fixing.
[GF] Plaquette :: 0.593793179088431 
[GF] Accuracy :: 8.7595e-15
[GF] Iters :: 401
[GF] Link trace :: 0.838082612337925 || Maximum :: 0.997949229359349
[GF] Temporal constance || Lin 3.073052e-05 || Log 4.919360e+00 
[GF] Functional :: 0.125694554913968

[TIMER] elapsed :: 4.504663e+00 s 
[IO] Writing 4D_SU3_GAUGE binary data

[TIMER] elapsed :: 5.717039e-03 s 
[IO] Page size is :: 62.713287, Total malloc [More] 0.060547  [Less] 0.037110 
[IO] Using the faster/memory expensive code 

[TIMER] elapsed :: 3.826809e-02 s 
[IO] Configuration written to /home/jinchen/git/anl/IPG4Lattice/interp_gauge/../ensemble/S16T16_itpg/wilson_b6.itpg.eps0p1.15 
 
Time for config 15, epsilon 0.1: 0 hours 0 minutes 5 seconds
 
Processing configuration 16 at GF_EPSILON = 0.1
Start time for config 16, epsilon 0.1: Sun May 31 09:45:55 PM EDT 2026
[IO] Attempting to read a NERSC file 
[PAR] CONDOR_MODE selected .... 
[IO] reading file /home/jinchen/git/anl/IPG4Lattice/interp_gauge/../ensemble/S16T16/wilson_b6.16
[IO] Configuration number :: 1 
[INIT] GLU is Compiled for SU(3)

[DIMENSIONS] ( 16 x 16 x 16 x 16 )

[INIT] using 16 thread(s) 
[INIT] allocating su(2) subgroup indices
[IO] Read gauge field[IO] file offset 629
[IO] LOOP_VAR = 18
[IO] Reading gauge field (/home/jinchen/git/anl/IPG4Lattice/interp_gauge/../ensemble/S16T16/wilson_b6.16) took
[TIMER] elapsed :: 7.138014e-03 s 
[IO] Header     Trace :: -0.000059           || Plaq :: 0.593916 
[IO] Calculated Trace :: -0.000058578013127  || Plaq :: 0.593915742864257 

[GF] Using the Fourier accelerated non-linear conjugate gradient (FACG) routines
[GF] Interpolating gauge, accuracy of 1e-14 
[GF] Interpolating temporal epsilon :: 0.1 
[GF] Tuning parameter alpha :: 0.090000 
[GF] Performing AT MOST 6000 iterations before randomly restarting ... 
[GF] Allowing for 7 restarts before complaint ... 
[GF] Approximate O(a) exponential expansion, and reunitarisation in Gauge Fixing.
[IO] file offset 629
[IO] LOOP_VAR = 18
[PAR_RNG] MWC_4096
[PAR_RNG] Entropy read Seed 583476368
[PAR_RNG] warmed up
[GF] Plaquette :: 0.593915742864252 
[GF] Accuracy :: 9.8982e-15
[GF] Iters :: 123457301
[GF] Link trace :: 0.839952640690319 || Maximum :: 0.997137509145198
[GF] Temporal constance || Lin 7.648384e-06 || Log 3.242542e+00 
[GF] Functional :: 0.125659144547468

[TIMER] elapsed :: 7.539448e+01 s 
[IO] Writing 4D_SU3_GAUGE binary data

[TIMER] elapsed :: 5.680084e-03 s 
[IO] Page size is :: 62.713287, Total malloc [More] 0.060547  [Less] 0.037110 
[IO] Using the faster/memory expensive code 

[TIMER] elapsed :: 3.932619e-02 s 
[IO] Configuration written to /home/jinchen/git/anl/IPG4Lattice/interp_gauge/../ensemble/S16T16_itpg/wilson_b6.itpg.eps0p1.16 
 
Time for config 16, epsilon 0.1: 0 hours 1 minutes 15 seconds
 
Processing configuration 17 at GF_EPSILON = 0.1
Start time for config 17, epsilon 0.1: Sun May 31 09:47:10 PM EDT 2026
[IO] Attempting to read a NERSC file 
[PAR] CONDOR_MODE selected .... 
[IO] reading file /home/jinchen/git/anl/IPG4Lattice/interp_gauge/../ensemble/S16T16/wilson_b6.17
[IO] Configuration number :: 1 
[INIT] GLU is Compiled for SU(3)

[DIMENSIONS] ( 16 x 16 x 16 x 16 )

[INIT] using 16 thread(s) 
[INIT] allocating su(2) subgroup indices
[IO] Read gauge field[IO] file offset 628
[IO] LOOP_VAR = 18
[IO] Reading gauge field (/home/jinchen/git/anl/IPG4Lattice/interp_gauge/../ensemble/S16T16/wilson_b6.17) took
[TIMER] elapsed :: 6.996870e-03 s 
[IO] Header     Trace :: 0.000415           || Plaq :: 0.594094 
[IO] Calculated Trace :: 0.000415141917171  || Plaq :: 0.594094393334066 

[GF] Using the Fourier accelerated non-linear conjugate gradient (FACG) routines
[GF] Interpolating gauge, accuracy of 1e-14 
[GF] Interpolating temporal epsilon :: 0.1 
[GF] Tuning parameter alpha :: 0.090000 
[GF] Performing AT MOST 6000 iterations before randomly restarting ... 
[GF] Allowing for 7 restarts before complaint ... 
[GF] Approximate O(a) exponential expansion, and reunitarisation in Gauge Fixing.
[GF] Plaquette :: 0.594094393334064 
[GF] Accuracy :: 8.4472e-15
[GF] Iters :: 462
[GF] Link trace :: 0.839453191682630 || Maximum :: 0.996737818939483
[GF] Temporal constance || Lin 1.100975e-04 || Log 4.272861e+00 
[GF] Functional :: 0.125130618821074

[TIMER] elapsed :: 5.237072e+00 s 
[IO] Writing 4D_SU3_GAUGE binary data

[TIMER] elapsed :: 5.618095e-03 s 
[IO] Page size is :: 62.713287, Total malloc [More] 0.060547  [Less] 0.037110 
[IO] Using the faster/memory expensive code 

[TIMER] elapsed :: 3.839016e-02 s 
[IO] Configuration written to /home/jinchen/git/anl/IPG4Lattice/interp_gauge/../ensemble/S16T16_itpg/wilson_b6.itpg.eps0p1.17 
 
Time for config 17, epsilon 0.1: 0 hours 0 minutes 6 seconds
 
Processing configuration 18 at GF_EPSILON = 0.1
Start time for config 18, epsilon 0.1: Sun May 31 09:47:16 PM EDT 2026
[IO] Attempting to read a NERSC file 
[PAR] CONDOR_MODE selected .... 
[IO] reading file /home/jinchen/git/anl/IPG4Lattice/interp_gauge/../ensemble/S16T16/wilson_b6.18
[IO] Configuration number :: 1 
[INIT] GLU is Compiled for SU(3)

[DIMENSIONS] ( 16 x 16 x 16 x 16 )

[INIT] using 16 thread(s) 
[INIT] allocating su(2) subgroup indices
[IO] Read gauge field[IO] file offset 628
[IO] LOOP_VAR = 18
[IO] Reading gauge field (/home/jinchen/git/anl/IPG4Lattice/interp_gauge/../ensemble/S16T16/wilson_b6.18) took
[TIMER] elapsed :: 6.791115e-03 s 
[IO] Header     Trace :: 0.000461           || Plaq :: 0.593966 
[IO] Calculated Trace :: 0.000461158927699  || Plaq :: 0.593966119332622 

[GF] Using the Fourier accelerated non-linear conjugate gradient (FACG) routines
[GF] Interpolating gauge, accuracy of 1e-14 
[GF] Interpolating temporal epsilon :: 0.1 
[GF] Tuning parameter alpha :: 0.090000 
[GF] Performing AT MOST 6000 iterations before randomly restarting ... 
[GF] Allowing for 7 restarts before complaint ... 
[GF] Approximate O(a) exponential expansion, and reunitarisation in Gauge Fixing.
[GF] Plaquette :: 0.593966119332620 
[GF] Accuracy :: 7.9135e-15
[GF] Iters :: 494
[GF] Link trace :: 0.839611126905457 || Maximum :: 0.998168449374582
[GF] Temporal constance || Lin 2.471696e-05 || Log 3.206992e+00 
[GF] Functional :: 0.125772402165459

[TIMER] elapsed :: 5.663588e+00 s 
[IO] Writing 4D_SU3_GAUGE binary data

[TIMER] elapsed :: 5.716085e-03 s 
[IO] Page size is :: 62.713287, Total malloc [More] 0.060547  [Less] 0.037110 
[IO] Using the faster/memory expensive code 

[TIMER] elapsed :: 3.800011e-02 s 
[IO] Configuration written to /home/jinchen/git/anl/IPG4Lattice/interp_gauge/../ensemble/S16T16_itpg/wilson_b6.itpg.eps0p1.18 
 
Time for config 18, epsilon 0.1: 0 hours 0 minutes 6 seconds
 
Processing configuration 19 at GF_EPSILON = 0.1
Start time for config 19, epsilon 0.1: Sun May 31 09:47:22 PM EDT 2026
[IO] Attempting to read a NERSC file 
[PAR] CONDOR_MODE selected .... 
[IO] reading file /home/jinchen/git/anl/IPG4Lattice/interp_gauge/../ensemble/S16T16/wilson_b6.19
[IO] Configuration number :: 1 
[INIT] GLU is Compiled for SU(3)

[DIMENSIONS] ( 16 x 16 x 16 x 16 )

[INIT] using 16 thread(s) 
[INIT] allocating su(2) subgroup indices
[IO] Read gauge field[IO] file offset 628
[IO] LOOP_VAR = 18
[IO] Reading gauge field (/home/jinchen/git/anl/IPG4Lattice/interp_gauge/../ensemble/S16T16/wilson_b6.19) took
[TIMER] elapsed :: 6.870031e-03 s 
[IO] Header     Trace :: 0.000391           || Plaq :: 0.593388 
[IO] Calculated Trace :: 0.000391131672095  || Plaq :: 0.593388118495758 

[GF] Using the Fourier accelerated non-linear conjugate gradient (FACG) routines
[GF] Interpolating gauge, accuracy of 1e-14 
[GF] Interpolating temporal epsilon :: 0.1 
[GF] Tuning parameter alpha :: 0.090000 
[GF] Performing AT MOST 6000 iterations before randomly restarting ... 
[GF] Allowing for 7 restarts before complaint ... 
[GF] Approximate O(a) exponential expansion, and reunitarisation in Gauge Fixing.
[GF] Plaquette :: 0.593388118495756 
[GF] Accuracy :: 9.5053e-15
[GF] Iters :: 299
[GF] Link trace :: 0.839992968172177 || Maximum :: 0.997202525370332
[GF] Temporal constance || Lin 1.269284e-05 || Log 4.036930e+00 
[GF] Functional :: 0.125665887366762

[TIMER] elapsed :: 3.399091e+00 s 
[IO] Writing 4D_SU3_GAUGE binary data

[TIMER] elapsed :: 5.563974e-03 s 
[IO] Page size is :: 62.713287, Total malloc [More] 0.060547  [Less] 0.037110 
[IO] Using the faster/memory expensive code 

[TIMER] elapsed :: 4.589105e-02 s 
[IO] Configuration written to /home/jinchen/git/anl/IPG4Lattice/interp_gauge/../ensemble/S16T16_itpg/wilson_b6.itpg.eps0p1.19 
 
Time for config 19, epsilon 0.1: 0 hours 0 minutes 3 seconds
 
Processing configuration 20 at GF_EPSILON = 0.1
Start time for config 20, epsilon 0.1: Sun May 31 09:47:25 PM EDT 2026
[IO] Attempting to read a NERSC file 
[PAR] CONDOR_MODE selected .... 
[IO] reading file /home/jinchen/git/anl/IPG4Lattice/interp_gauge/../ensemble/S16T16/wilson_b6.20
[IO] Configuration number :: 1 
[INIT] GLU is Compiled for SU(3)

[DIMENSIONS] ( 16 x 16 x 16 x 16 )

[INIT] using 16 thread(s) 
[INIT] allocating su(2) subgroup indices
[IO] Read gauge field[IO] file offset 626
[IO] LOOP_VAR = 18
[IO] Reading gauge field (/home/jinchen/git/anl/IPG4Lattice/interp_gauge/../ensemble/S16T16/wilson_b6.20) took
[TIMER] elapsed :: 9.943962e-03 s 
[IO] Header     Trace :: 0.000449           || Plaq :: 0.593942 
[IO] Calculated Trace :: 0.000448920480264  || Plaq :: 0.593941509961677 

[GF] Using the Fourier accelerated non-linear conjugate gradient (FACG) routines
[GF] Interpolating gauge, accuracy of 1e-14 
[GF] Interpolating temporal epsilon :: 0.1 
[GF] Tuning parameter alpha :: 0.090000 
[GF] Performing AT MOST 6000 iterations before randomly restarting ... 
[GF] Allowing for 7 restarts before complaint ... 
[GF] Approximate O(a) exponential expansion, and reunitarisation in Gauge Fixing.
[GF] Plaquette :: 0.593941509961675 
[GF] Accuracy :: 9.4970e-15
[GF] Iters :: 548
[GF] Link trace :: 0.838152359928534 || Maximum :: 0.997219043603119
[GF] Temporal constance || Lin 4.472504e-05 || Log 3.217655e+00 
[GF] Functional :: 0.126130524298708

[TIMER] elapsed :: 6.231975e+00 s 
[IO] Writing 4D_SU3_GAUGE binary data

[TIMER] elapsed :: 5.758047e-03 s 
[IO] Page size is :: 62.713287, Total malloc [More] 0.060547  [Less] 0.037110 
[IO] Using the faster/memory expensive code 

[TIMER] elapsed :: 3.884315e-02 s 
[IO] Configuration written to /home/jinchen/git/anl/IPG4Lattice/interp_gauge/../ensemble/S16T16_itpg/wilson_b6.itpg.eps0p1.20 
 
Time for config 20, epsilon 0.1: 0 hours 0 minutes 6 seconds
 
Processing configuration 21 at GF_EPSILON = 0.1
Start time for config 21, epsilon 0.1: Sun May 31 09:47:31 PM EDT 2026
[IO] Attempting to read a NERSC file 
[PAR] CONDOR_MODE selected .... 
[IO] reading file /home/jinchen/git/anl/IPG4Lattice/interp_gauge/../ensemble/S16T16/wilson_b6.21
[IO] Configuration number :: 1 
[INIT] GLU is Compiled for SU(3)

[DIMENSIONS] ( 16 x 16 x 16 x 16 )

[INIT] using 16 thread(s) 
[INIT] allocating su(2) subgroup indices
[IO] Read gauge field[IO] file offset 628
[IO] LOOP_VAR = 18
[IO] Reading gauge field (/home/jinchen/git/anl/IPG4Lattice/interp_gauge/../ensemble/S16T16/wilson_b6.21) took
[TIMER] elapsed :: 1.188779e-02 s 
[IO] Header     Trace :: 0.000384           || Plaq :: 0.593582 
[IO] Calculated Trace :: 0.000383655035544  || Plaq :: 0.593582226778187 

[GF] Using the Fourier accelerated non-linear conjugate gradient (FACG) routines
[GF] Interpolating gauge, accuracy of 1e-14 
[GF] Interpolating temporal epsilon :: 0.1 
[GF] Tuning parameter alpha :: 0.090000 
[GF] Performing AT MOST 6000 iterations before randomly restarting ... 
[GF] Allowing for 7 restarts before complaint ... 
[GF] Approximate O(a) exponential expansion, and reunitarisation in Gauge Fixing.
[GF] Plaquette :: 0.593582226778186 
[GF] Accuracy :: 9.2735e-15
[GF] Iters :: 343
[GF] Link trace :: 0.839524064321751 || Maximum :: 0.997849942062820
[GF] Temporal constance || Lin 5.171073e-05 || Log 3.818955e+00 
[GF] Functional :: 0.125972420293100

[TIMER] elapsed :: 4.077545e+00 s 
[IO] Writing 4D_SU3_GAUGE binary data

[TIMER] elapsed :: 5.729914e-03 s 
[IO] Page size is :: 62.713287, Total malloc [More] 0.060547  [Less] 0.037110 
[IO] Using the faster/memory expensive code 

[TIMER] elapsed :: 3.718805e-02 s 
[IO] Configuration written to /home/jinchen/git/anl/IPG4Lattice/interp_gauge/../ensemble/S16T16_itpg/wilson_b6.itpg.eps0p1.21 
 
Time for config 21, epsilon 0.1: 0 hours 0 minutes 5 seconds
 
Processing configuration 22 at GF_EPSILON = 0.1
Start time for config 22, epsilon 0.1: Sun May 31 09:47:36 PM EDT 2026
[IO] Attempting to read a NERSC file 
[PAR] CONDOR_MODE selected .... 
[IO] reading file /home/jinchen/git/anl/IPG4Lattice/interp_gauge/../ensemble/S16T16/wilson_b6.22
[IO] Configuration number :: 1 
[INIT] GLU is Compiled for SU(3)

[DIMENSIONS] ( 16 x 16 x 16 x 16 )

[INIT] using 16 thread(s) 
[INIT] allocating su(2) subgroup indices
[IO] Read gauge field[IO] file offset 626
[IO] LOOP_VAR = 18
[IO] Reading gauge field (/home/jinchen/git/anl/IPG4Lattice/interp_gauge/../ensemble/S16T16/wilson_b6.22) took
[TIMER] elapsed :: 7.084131e-03 s 
[IO] Header     Trace :: 0.000005           || Plaq :: 0.593564 
[IO] Calculated Trace :: 0.000004654203719  || Plaq :: 0.593564090041696 

[GF] Using the Fourier accelerated non-linear conjugate gradient (FACG) routines
[GF] Interpolating gauge, accuracy of 1e-14 
[GF] Interpolating temporal epsilon :: 0.1 
[GF] Tuning parameter alpha :: 0.090000 
[GF] Performing AT MOST 6000 iterations before randomly restarting ... 
[GF] Allowing for 7 restarts before complaint ... 
[GF] Approximate O(a) exponential expansion, and reunitarisation in Gauge Fixing.
[GF] Plaquette :: 0.593564090041694 
[GF] Accuracy :: 7.5282e-15
[GF] Iters :: 238
[GF] Link trace :: 0.839603723391370 || Maximum :: 0.995889818587343
[GF] Temporal constance || Lin 2.287890e-05 || Log 3.212942e+00 
[GF] Functional :: 0.125787291988408

[TIMER] elapsed :: 2.856040e+00 s 
[IO] Writing 4D_SU3_GAUGE binary data

[TIMER] elapsed :: 1.380205e-02 s 
[IO] Page size is :: 62.713287, Total malloc [More] 0.060547  [Less] 0.037110 
[IO] Using the faster/memory expensive code 

[TIMER] elapsed :: 3.786302e-02 s 
[IO] Configuration written to /home/jinchen/git/anl/IPG4Lattice/interp_gauge/../ensemble/S16T16_itpg/wilson_b6.itpg.eps0p1.22 
 
Time for config 22, epsilon 0.1: 0 hours 0 minutes 3 seconds
 
Processing configuration 23 at GF_EPSILON = 0.1
Start time for config 23, epsilon 0.1: Sun May 31 09:47:39 PM EDT 2026
[IO] Attempting to read a NERSC file 
[PAR] CONDOR_MODE selected .... 
[IO] reading file /home/jinchen/git/anl/IPG4Lattice/interp_gauge/../ensemble/S16T16/wilson_b6.23
[IO] Configuration number :: 1 
[INIT] GLU is Compiled for SU(3)

[DIMENSIONS] ( 16 x 16 x 16 x 16 )

[INIT] using 16 thread(s) 
[INIT] allocating su(2) subgroup indices
[IO] Read gauge field[IO] file offset 629
[IO] LOOP_VAR = 18
[IO] Reading gauge field (/home/jinchen/git/anl/IPG4Lattice/interp_gauge/../ensemble/S16T16/wilson_b6.23) took
[TIMER] elapsed :: 6.949186e-03 s 
[IO] Header     Trace :: -0.000546           || Plaq :: 0.592823 
[IO] Calculated Trace :: -0.000546026009163  || Plaq :: 0.592822583876793 

[GF] Using the Fourier accelerated non-linear conjugate gradient (FACG) routines
[GF] Interpolating gauge, accuracy of 1e-14 
[GF] Interpolating temporal epsilon :: 0.1 
[GF] Tuning parameter alpha :: 0.090000 
[GF] Performing AT MOST 6000 iterations before randomly restarting ... 
[GF] Allowing for 7 restarts before complaint ... 
[GF] Approximate O(a) exponential expansion, and reunitarisation in Gauge Fixing.
[GF] Plaquette :: 0.592822583876797 
[GF] Accuracy :: 9.9394e-15
[GF] Iters :: 662
[GF] Link trace :: 0.838864845117735 || Maximum :: 0.996692812513663
[GF] Temporal constance || Lin 1.700830e-05 || Log 3.369378e+00 
[GF] Functional :: 0.126200105810022

[TIMER] elapsed :: 7.640214e+00 s 
[IO] Writing 4D_SU3_GAUGE binary data

[TIMER] elapsed :: 5.638838e-03 s 
[IO] Page size is :: 62.713287, Total malloc [More] 0.060547  [Less] 0.037110 
[IO] Using the faster/memory expensive code 

[TIMER] elapsed :: 3.750300e-02 s 
[IO] Configuration written to /home/jinchen/git/anl/IPG4Lattice/interp_gauge/../ensemble/S16T16_itpg/wilson_b6.itpg.eps0p1.23 
 
Time for config 23, epsilon 0.1: 0 hours 0 minutes 7 seconds
 
Processing configuration 24 at GF_EPSILON = 0.1
Start time for config 24, epsilon 0.1: Sun May 31 09:47:46 PM EDT 2026
[IO] Attempting to read a NERSC file 
[PAR] CONDOR_MODE selected .... 
[IO] reading file /home/jinchen/git/anl/IPG4Lattice/interp_gauge/../ensemble/S16T16/wilson_b6.24
[IO] Configuration number :: 1 
[INIT] GLU is Compiled for SU(3)

[DIMENSIONS] ( 16 x 16 x 16 x 16 )

[INIT] using 16 thread(s) 
[INIT] allocating su(2) subgroup indices
[IO] Read gauge field[IO] file offset 629
[IO] LOOP_VAR = 18
[IO] Reading gauge field (/home/jinchen/git/anl/IPG4Lattice/interp_gauge/../ensemble/S16T16/wilson_b6.24) took
[TIMER] elapsed :: 7.144928e-03 s 
[IO] Header     Trace :: -0.000619           || Plaq :: 0.593879 
[IO] Calculated Trace :: -0.000619472838589  || Plaq :: 0.593879209581096 

[GF] Using the Fourier accelerated non-linear conjugate gradient (FACG) routines
[GF] Interpolating gauge, accuracy of 1e-14 
[GF] Interpolating temporal epsilon :: 0.1 
[GF] Tuning parameter alpha :: 0.090000 
[GF] Performing AT MOST 6000 iterations before randomly restarting ... 
[GF] Allowing for 7 restarts before complaint ... 
[GF] Approximate O(a) exponential expansion, and reunitarisation in Gauge Fixing.
[GF] Plaquette :: 0.593879209581094 
[GF] Accuracy :: 7.2602e-15
[GF] Iters :: 435
[GF] Link trace :: 0.839589168674877 || Maximum :: 0.996276454410444
[GF] Temporal constance || Lin 2.122724e-05 || Log 3.433302e+00 
[GF] Functional :: 0.125595863406513

[TIMER] elapsed :: 5.051227e+00 s 
[IO] Writing 4D_SU3_GAUGE binary data

[TIMER] elapsed :: 5.779982e-03 s 
[IO] Page size is :: 62.713287, Total malloc [More] 0.060547  [Less] 0.037110 
[IO] Using the faster/memory expensive code 

[TIMER] elapsed :: 3.789997e-02 s 
[IO] Configuration written to /home/jinchen/git/anl/IPG4Lattice/interp_gauge/../ensemble/S16T16_itpg/wilson_b6.itpg.eps0p1.24 
 
Time for config 24, epsilon 0.1: 0 hours 0 minutes 6 seconds
 
Processing configuration 25 at GF_EPSILON = 0.1
Start time for config 25, epsilon 0.1: Sun May 31 09:47:52 PM EDT 2026
[IO] Attempting to read a NERSC file 
[PAR] CONDOR_MODE selected .... 
[IO] reading file /home/jinchen/git/anl/IPG4Lattice/interp_gauge/../ensemble/S16T16/wilson_b6.25
[IO] Configuration number :: 1 
[INIT] GLU is Compiled for SU(3)

[DIMENSIONS] ( 16 x 16 x 16 x 16 )

[INIT] using 16 thread(s) 
[INIT] allocating su(2) subgroup indices
[IO] Read gauge field[IO] file offset 629
[IO] LOOP_VAR = 18
[IO] Reading gauge field (/home/jinchen/git/anl/IPG4Lattice/interp_gauge/../ensemble/S16T16/wilson_b6.25) took
[TIMER] elapsed :: 6.953955e-03 s 
[IO] Header     Trace :: -0.000247           || Plaq :: 0.593455 
[IO] Calculated Trace :: -0.000247462499682  || Plaq :: 0.593454938518504 

[GF] Using the Fourier accelerated non-linear conjugate gradient (FACG) routines
[GF] Interpolating gauge, accuracy of 1e-14 
[GF] Interpolating temporal epsilon :: 0.1 
[GF] Tuning parameter alpha :: 0.090000 
[GF] Performing AT MOST 6000 iterations before randomly restarting ... 
[GF] Allowing for 7 restarts before complaint ... 
[GF] Approximate O(a) exponential expansion, and reunitarisation in Gauge Fixing.
[IO] file offset 629
[IO] LOOP_VAR = 18
[PAR_RNG] MWC_4096
[PAR_RNG] Entropy read Seed 554188636
[PAR_RNG] warmed up
[IO] file offset 629
[IO] LOOP_VAR = 18
[GF] Plaquette :: 0.593454938518503 
[GF] Accuracy :: 9.6411e-15
[GF] Iters :: 123463176
[GF] Link trace :: 0.837336517474532 || Maximum :: 0.996300242275092
[GF] Temporal constance || Lin 1.721794e-05 || Log 3.646992e+00 
[GF] Functional :: 0.126258436497487

[TIMER] elapsed :: 1.437832e+02 s 
[IO] Writing 4D_SU3_GAUGE binary data

[TIMER] elapsed :: 5.656004e-03 s 
[IO] Page size is :: 62.713287, Total malloc [More] 0.060547  [Less] 0.037110 
[IO] Using the faster/memory expensive code 

[TIMER] elapsed :: 3.862000e-02 s 
[IO] Configuration written to /home/jinchen/git/anl/IPG4Lattice/interp_gauge/../ensemble/S16T16_itpg/wilson_b6.itpg.eps0p1.25 
 
Time for config 25, epsilon 0.1: 0 hours 2 minutes 23 seconds
 
Processing configuration 26 at GF_EPSILON = 0.1
Start time for config 26, epsilon 0.1: Sun May 31 09:50:15 PM EDT 2026
[IO] Attempting to read a NERSC file 
[PAR] CONDOR_MODE selected .... 
[IO] reading file /home/jinchen/git/anl/IPG4Lattice/interp_gauge/../ensemble/S16T16/wilson_b6.26
[IO] Configuration number :: 1 
[INIT] GLU is Compiled for SU(3)

[DIMENSIONS] ( 16 x 16 x 16 x 16 )

[INIT] using 16 thread(s) 
[INIT] allocating su(2) subgroup indices
[IO] Read gauge field[IO] file offset 628
[IO] LOOP_VAR = 18
[IO] Reading gauge field (/home/jinchen/git/anl/IPG4Lattice/interp_gauge/../ensemble/S16T16/wilson_b6.26) took
[TIMER] elapsed :: 7.170200e-03 s 
[IO] Header     Trace :: 0.000021           || Plaq :: 0.594287 
[IO] Calculated Trace :: 0.000020601789758  || Plaq :: 0.594287427340294 

[GF] Using the Fourier accelerated non-linear conjugate gradient (FACG) routines
[GF] Interpolating gauge, accuracy of 1e-14 
[GF] Interpolating temporal epsilon :: 0.1 
[GF] Tuning parameter alpha :: 0.090000 
[GF] Performing AT MOST 6000 iterations before randomly restarting ... 
[GF] Allowing for 7 restarts before complaint ... 
[GF] Approximate O(a) exponential expansion, and reunitarisation in Gauge Fixing.
[IO] file offset 628
[IO] LOOP_VAR = 18
[PAR_RNG] MWC_4096
[PAR_RNG] Entropy read Seed 1771275664
[PAR_RNG] warmed up
[GF] Plaquette :: 0.594287427340291 
[GF] Accuracy :: 7.6441e-15
[GF] Iters :: 123457257
[GF] Link trace :: 0.838421495485231 || Maximum :: 0.997751120014583
[GF] Temporal constance || Lin 7.174332e-05 || Log 3.649526e+00 
[GF] Functional :: 0.125973827410222

[TIMER] elapsed :: 7.508867e+01 s 
[IO] Writing 4D_SU3_GAUGE binary data

[TIMER] elapsed :: 5.680084e-03 s 
[IO] Page size is :: 62.713287, Total malloc [More] 0.060547  [Less] 0.037110 
[IO] Using the faster/memory expensive code 

[TIMER] elapsed :: 3.827381e-02 s 
[IO] Configuration written to /home/jinchen/git/anl/IPG4Lattice/interp_gauge/../ensemble/S16T16_itpg/wilson_b6.itpg.eps0p1.26 
 
Time for config 26, epsilon 0.1: 0 hours 1 minutes 16 seconds
 
Processing configuration 27 at GF_EPSILON = 0.1
Start time for config 27, epsilon 0.1: Sun May 31 09:51:31 PM EDT 2026
[IO] Attempting to read a NERSC file 
[PAR] CONDOR_MODE selected .... 
[IO] reading file /home/jinchen/git/anl/IPG4Lattice/interp_gauge/../ensemble/S16T16/wilson_b6.27
[IO] Configuration number :: 1 
[INIT] GLU is Compiled for SU(3)

[DIMENSIONS] ( 16 x 16 x 16 x 16 )

[INIT] using 16 thread(s) 
[INIT] allocating su(2) subgroup indices
[IO] Read gauge field[IO] file offset 628
[IO] LOOP_VAR = 18
[IO] Reading gauge field (/home/jinchen/git/anl/IPG4Lattice/interp_gauge/../ensemble/S16T16/wilson_b6.27) took
[TIMER] elapsed :: 7.037163e-03 s 
[IO] Header     Trace :: 0.000169           || Plaq :: 0.593710 
[IO] Calculated Trace :: 0.000169296854289  || Plaq :: 0.593710037128226 

[GF] Using the Fourier accelerated non-linear conjugate gradient (FACG) routines
[GF] Interpolating gauge, accuracy of 1e-14 
[GF] Interpolating temporal epsilon :: 0.1 
[GF] Tuning parameter alpha :: 0.090000 
[GF] Performing AT MOST 6000 iterations before randomly restarting ... 
[GF] Allowing for 7 restarts before complaint ... 
[GF] Approximate O(a) exponential expansion, and reunitarisation in Gauge Fixing.
[IO] file offset 628
[IO] LOOP_VAR = 18
[PAR_RNG] MWC_4096
[PAR_RNG] Entropy read Seed 3218099844
[PAR_RNG] warmed up
[GF] Plaquette :: 0.593710037128220 
[GF] Accuracy :: 8.8508e-15
[GF] Iters :: 123457569
[GF] Link trace :: 0.839806157323733 || Maximum :: 0.998463509647782
[GF] Temporal constance || Lin 5.365737e-05 || Log 3.442937e+00 
[GF] Functional :: 0.125749634770740

[TIMER] elapsed :: 7.903252e+01 s 
[IO] Writing 4D_SU3_GAUGE binary data

[TIMER] elapsed :: 5.661964e-03 s 
[IO] Page size is :: 62.713287, Total malloc [More] 0.060547  [Less] 0.037110 
[IO] Using the faster/memory expensive code 

[TIMER] elapsed :: 3.708887e-02 s 
[IO] Configuration written to /home/jinchen/git/anl/IPG4Lattice/interp_gauge/../ensemble/S16T16_itpg/wilson_b6.itpg.eps0p1.27 
 
Time for config 27, epsilon 0.1: 0 hours 1 minutes 19 seconds
 
Processing configuration 28 at GF_EPSILON = 0.1
Start time for config 28, epsilon 0.1: Sun May 31 09:52:50 PM EDT 2026
[IO] Attempting to read a NERSC file 
[PAR] CONDOR_MODE selected .... 
[IO] reading file /home/jinchen/git/anl/IPG4Lattice/interp_gauge/../ensemble/S16T16/wilson_b6.28
[IO] Configuration number :: 1 
[INIT] GLU is Compiled for SU(3)

[DIMENSIONS] ( 16 x 16 x 16 x 16 )

[INIT] using 16 thread(s) 
[INIT] allocating su(2) subgroup indices
[IO] Read gauge field[IO] file offset 628
[IO] LOOP_VAR = 18
[IO] Reading gauge field (/home/jinchen/git/anl/IPG4Lattice/interp_gauge/../ensemble/S16T16/wilson_b6.28) took
[TIMER] elapsed :: 7.288218e-03 s 
[IO] Header     Trace :: -0.000042           || Plaq :: 0.593218 
[IO] Calculated Trace :: -0.000042409115731  || Plaq :: 0.593218314985147 

[GF] Using the Fourier accelerated non-linear conjugate gradient (FACG) routines
[GF] Interpolating gauge, accuracy of 1e-14 
[GF] Interpolating temporal epsilon :: 0.1 
[GF] Tuning parameter alpha :: 0.090000 
[GF] Performing AT MOST 6000 iterations before randomly restarting ... 
[GF] Allowing for 7 restarts before complaint ... 
[GF] Approximate O(a) exponential expansion, and reunitarisation in Gauge Fixing.
[GF] Plaquette :: 0.593218314985145 
[GF] Accuracy :: 9.9590e-15
[GF] Iters :: 336
[GF] Link trace :: 0.841763173596072 || Maximum :: 0.997705313869632
[GF] Temporal constance || Lin 8.495001e-05 || Log 6.239999e+00 
[GF] Functional :: 0.124406727588085

[TIMER] elapsed :: 3.977235e+00 s 
[IO] Writing 4D_SU3_GAUGE binary data

[TIMER] elapsed :: 5.774021e-03 s 
[IO] Page size is :: 62.713287, Total malloc [More] 0.060547  [Less] 0.037110 
[IO] Using the faster/memory expensive code 

[TIMER] elapsed :: 3.749704e-02 s 
[IO] Configuration written to /home/jinchen/git/anl/IPG4Lattice/interp_gauge/../ensemble/S16T16_itpg/wilson_b6.itpg.eps0p1.28 
 
Time for config 28, epsilon 0.1: 0 hours 0 minutes 4 seconds
 
Processing configuration 29 at GF_EPSILON = 0.1
Start time for config 29, epsilon 0.1: Sun May 31 09:52:54 PM EDT 2026
[IO] Attempting to read a NERSC file 
[PAR] CONDOR_MODE selected .... 
[IO] reading file /home/jinchen/git/anl/IPG4Lattice/interp_gauge/../ensemble/S16T16/wilson_b6.29
[IO] Configuration number :: 1 
[INIT] GLU is Compiled for SU(3)

[DIMENSIONS] ( 16 x 16 x 16 x 16 )

[INIT] using 16 thread(s) 
[INIT] allocating su(2) subgroup indices
[IO] Read gauge field[IO] file offset 629
[IO] LOOP_VAR = 18
[IO] Reading gauge field (/home/jinchen/git/anl/IPG4Lattice/interp_gauge/../ensemble/S16T16/wilson_b6.29) took
[TIMER] elapsed :: 6.989956e-03 s 
[IO] Header     Trace :: -0.000679           || Plaq :: 0.593431 
[IO] Calculated Trace :: -0.000678620913100  || Plaq :: 0.593431423654438 

[GF] Using the Fourier accelerated non-linear conjugate gradient (FACG) routines
[GF] Interpolating gauge, accuracy of 1e-14 
[GF] Interpolating temporal epsilon :: 0.1 
[GF] Tuning parameter alpha :: 0.090000 
[GF] Performing AT MOST 6000 iterations before randomly restarting ... 
[GF] Allowing for 7 restarts before complaint ... 
[GF] Approximate O(a) exponential expansion, and reunitarisation in Gauge Fixing.
[GF] Plaquette :: 0.593431423654438 
[GF] Accuracy :: 6.7059e-15
[GF] Iters :: 204
[GF] Link trace :: 0.841298905414602 || Maximum :: 0.997384647087378
[GF] Temporal constance || Lin 2.691338e-05 || Log 3.443200e+00 
[GF] Functional :: 0.124966104345408

[TIMER] elapsed :: 2.531744e+00 s 
[IO] Writing 4D_SU3_GAUGE binary data

[TIMER] elapsed :: 5.743027e-03 s 
[IO] Page size is :: 62.713287, Total malloc [More] 0.060547  [Less] 0.037110 
[IO] Using the faster/memory expensive code 

[TIMER] elapsed :: 4.066706e-02 s 
[IO] Configuration written to /home/jinchen/git/anl/IPG4Lattice/interp_gauge/../ensemble/S16T16_itpg/wilson_b6.itpg.eps0p1.29 
 
Time for config 29, epsilon 0.1: 0 hours 0 minutes 2 seconds
 
Processing configuration 30 at GF_EPSILON = 0.1
Start time for config 30, epsilon 0.1: Sun May 31 09:52:56 PM EDT 2026
[IO] Attempting to read a NERSC file 
[PAR] CONDOR_MODE selected .... 
[IO] reading file /home/jinchen/git/anl/IPG4Lattice/interp_gauge/../ensemble/S16T16/wilson_b6.30
[IO] Configuration number :: 1 
[INIT] GLU is Compiled for SU(3)

[DIMENSIONS] ( 16 x 16 x 16 x 16 )

[INIT] using 16 thread(s) 
[INIT] allocating su(2) subgroup indices
[IO] Read gauge field[IO] file offset 628
[IO] LOOP_VAR = 18
[IO] Reading gauge field (/home/jinchen/git/anl/IPG4Lattice/interp_gauge/../ensemble/S16T16/wilson_b6.30) took
[TIMER] elapsed :: 9.387016e-03 s 
[IO] Header     Trace :: 0.000136           || Plaq :: 0.594504 
[IO] Calculated Trace :: 0.000135910870245  || Plaq :: 0.594504172286412 

[GF] Using the Fourier accelerated non-linear conjugate gradient (FACG) routines
[GF] Interpolating gauge, accuracy of 1e-14 
[GF] Interpolating temporal epsilon :: 0.1 
[GF] Tuning parameter alpha :: 0.090000 
[GF] Performing AT MOST 6000 iterations before randomly restarting ... 
[GF] Allowing for 7 restarts before complaint ... 
[GF] Approximate O(a) exponential expansion, and reunitarisation in Gauge Fixing.
[GF] Plaquette :: 0.594504172286410 
[GF] Accuracy :: 7.1459e-15
[GF] Iters :: 555
[GF] Link trace :: 0.842005851465571 || Maximum :: 0.997657512675303
[GF] Temporal constance || Lin 4.653422e-05 || Log 2.974584e+00 
[GF] Functional :: 0.124374045020246

[TIMER] elapsed :: 6.605665e+00 s 
[IO] Writing 4D_SU3_GAUGE binary data

[TIMER] elapsed :: 5.717039e-03 s 
[IO] Page size is :: 62.713287, Total malloc [More] 0.060547  [Less] 0.037110 
[IO] Using the faster/memory expensive code 

[TIMER] elapsed :: 3.917909e-02 s 
[IO] Configuration written to /home/jinchen/git/anl/IPG4Lattice/interp_gauge/../ensemble/S16T16_itpg/wilson_b6.itpg.eps0p1.30 
 
Time for config 30, epsilon 0.1: 0 hours 0 minutes 7 seconds
 
Processing configuration 31 at GF_EPSILON = 0.1
Start time for config 31, epsilon 0.1: Sun May 31 09:53:03 PM EDT 2026
[IO] Attempting to read a NERSC file 
[PAR] CONDOR_MODE selected .... 
[IO] reading file /home/jinchen/git/anl/IPG4Lattice/interp_gauge/../ensemble/S16T16/wilson_b6.31
[IO] Configuration number :: 1 
[INIT] GLU is Compiled for SU(3)

[DIMENSIONS] ( 16 x 16 x 16 x 16 )

[INIT] using 16 thread(s) 
[INIT] allocating su(2) subgroup indices
[IO] Read gauge field[IO] file offset 629
[IO] LOOP_VAR = 18
[IO] Reading gauge field (/home/jinchen/git/anl/IPG4Lattice/interp_gauge/../ensemble/S16T16/wilson_b6.31) took
[TIMER] elapsed :: 6.911993e-03 s 
[IO] Header     Trace :: -0.000768           || Plaq :: 0.593750 
[IO] Calculated Trace :: -0.000768075073610  || Plaq :: 0.593750157612507 

[GF] Using the Fourier accelerated non-linear conjugate gradient (FACG) routines
[GF] Interpolating gauge, accuracy of 1e-14 
[GF] Interpolating temporal epsilon :: 0.1 
[GF] Tuning parameter alpha :: 0.090000 
[GF] Performing AT MOST 6000 iterations before randomly restarting ... 
[GF] Allowing for 7 restarts before complaint ... 
[GF] Approximate O(a) exponential expansion, and reunitarisation in Gauge Fixing.
[GF] Plaquette :: 0.593750157612504 
[GF] Accuracy :: 9.0316e-15
[GF] Iters :: 573
[GF] Link trace :: 0.839823875078702 || Maximum :: 0.996313597319749
[GF] Temporal constance || Lin 2.146512e-05 || Log 3.912677e+00 
[GF] Functional :: 0.125729707921994

[TIMER] elapsed :: 6.966324e+00 s 
[IO] Writing 4D_SU3_GAUGE binary data

[TIMER] elapsed :: 5.885124e-03 s 
[IO] Page size is :: 62.713287, Total malloc [More] 0.060547  [Less] 0.037110 
[IO] Using the faster/memory expensive code 

[TIMER] elapsed :: 3.735304e-02 s 
[IO] Configuration written to /home/jinchen/git/anl/IPG4Lattice/interp_gauge/../ensemble/S16T16_itpg/wilson_b6.itpg.eps0p1.31 
 
Time for config 31, epsilon 0.1: 0 hours 0 minutes 7 seconds
 
Processing configuration 32 at GF_EPSILON = 0.1
Start time for config 32, epsilon 0.1: Sun May 31 09:53:10 PM EDT 2026
[IO] Attempting to read a NERSC file 
[PAR] CONDOR_MODE selected .... 
[IO] reading file /home/jinchen/git/anl/IPG4Lattice/interp_gauge/../ensemble/S16T16/wilson_b6.32
[IO] Configuration number :: 1 
[INIT] GLU is Compiled for SU(3)

[DIMENSIONS] ( 16 x 16 x 16 x 16 )

[INIT] using 16 thread(s) 
[INIT] allocating su(2) subgroup indices
[IO] Read gauge field[IO] file offset 628
[IO] LOOP_VAR = 18
[IO] Reading gauge field (/home/jinchen/git/anl/IPG4Lattice/interp_gauge/../ensemble/S16T16/wilson_b6.32) took
[TIMER] elapsed :: 6.873131e-03 s 
[IO] Header     Trace :: 0.000778           || Plaq :: 0.594221 
[IO] Calculated Trace :: 0.000777863748686  || Plaq :: 0.594221106612361 

[GF] Using the Fourier accelerated non-linear conjugate gradient (FACG) routines
[GF] Interpolating gauge, accuracy of 1e-14 
[GF] Interpolating temporal epsilon :: 0.1 
[GF] Tuning parameter alpha :: 0.090000 
[GF] Performing AT MOST 6000 iterations before randomly restarting ... 
[GF] Allowing for 7 restarts before complaint ... 
[GF] Approximate O(a) exponential expansion, and reunitarisation in Gauge Fixing.
[IO] file offset 628
[IO] LOOP_VAR = 18
[PAR_RNG] MWC_4096
[PAR_RNG] Entropy read Seed 3271123336
[PAR_RNG] warmed up
[GF] Plaquette :: 0.594221106612359 
[GF] Accuracy :: 9.5796e-15
[GF] Iters :: 123457107
[GF] Link trace :: 0.838964621019787 || Maximum :: 0.998091207484877
[GF] Temporal constance || Lin 3.734380e-05 || Log 3.763592e+00 
[GF] Functional :: 0.125374135158837

[TIMER] elapsed :: 9.406558e+01 s 
[IO] Writing 4D_SU3_GAUGE binary data

[TIMER] elapsed :: 1.451492e-02 s 
[IO] Page size is :: 62.713287, Total malloc [More] 0.060547  [Less] 0.037110 
[IO] Using the faster/memory expensive code 

[TIMER] elapsed :: 4.654717e-02 s 
[IO] Configuration written to /home/jinchen/git/anl/IPG4Lattice/interp_gauge/../ensemble/S16T16_itpg/wilson_b6.itpg.eps0p1.32 
 
Time for config 32, epsilon 0.1: 0 hours 1 minutes 34 seconds
 
Processing configuration 33 at GF_EPSILON = 0.1
Start time for config 33, epsilon 0.1: Sun May 31 09:54:44 PM EDT 2026
[IO] Attempting to read a NERSC file 
[PAR] CONDOR_MODE selected .... 
[IO] reading file /home/jinchen/git/anl/IPG4Lattice/interp_gauge/../ensemble/S16T16/wilson_b6.33
[IO] Configuration number :: 1 
[INIT] GLU is Compiled for SU(3)

[DIMENSIONS] ( 16 x 16 x 16 x 16 )

[INIT] using 16 thread(s) 
[INIT] allocating su(2) subgroup indices
[IO] Read gauge field[IO] file offset 628
[IO] LOOP_VAR = 18
[IO] Reading gauge field (/home/jinchen/git/anl/IPG4Lattice/interp_gauge/../ensemble/S16T16/wilson_b6.33) took
[TIMER] elapsed :: 9.844065e-03 s 
[IO] Header     Trace :: 0.000812           || Plaq :: 0.593971 
[IO] Calculated Trace :: 0.000811930349594  || Plaq :: 0.593970953336855 

[GF] Using the Fourier accelerated non-linear conjugate gradient (FACG) routines
[GF] Interpolating gauge, accuracy of 1e-14 
[GF] Interpolating temporal epsilon :: 0.1 
[GF] Tuning parameter alpha :: 0.090000 
[GF] Performing AT MOST 6000 iterations before randomly restarting ... 
[GF] Allowing for 7 restarts before complaint ... 
[GF] Approximate O(a) exponential expansion, and reunitarisation in Gauge Fixing.
[GF] Plaquette :: 0.593970953336858 
[GF] Accuracy :: 7.9942e-15
[GF] Iters :: 652
[GF] Link trace :: 0.838420007749822 || Maximum :: 0.997683364021993
[GF] Temporal constance || Lin 6.509315e-05 || Log 5.088708e+00 
[GF] Functional :: 0.125746599153398

[TIMER] elapsed :: 2.029757e+01 s 
[IO] Writing 4D_SU3_GAUGE binary data

[TIMER] elapsed :: 1.112819e-02 s 
[IO] Page size is :: 62.713287, Total malloc [More] 0.060547  [Less] 0.037110 
[IO] Using the faster/memory expensive code 

[TIMER] elapsed :: 5.389905e-02 s 
[IO] Configuration written to /home/jinchen/git/anl/IPG4Lattice/interp_gauge/../ensemble/S16T16_itpg/wilson_b6.itpg.eps0p1.33 
 
Time for config 33, epsilon 0.1: 0 hours 0 minutes 21 seconds
 
Processing configuration 34 at GF_EPSILON = 0.1
Start time for config 34, epsilon 0.1: Sun May 31 09:55:05 PM EDT 2026
[IO] Attempting to read a NERSC file 
[PAR] CONDOR_MODE selected .... 
[IO] reading file /home/jinchen/git/anl/IPG4Lattice/interp_gauge/../ensemble/S16T16/wilson_b6.34
[IO] Configuration number :: 1 
[INIT] GLU is Compiled for SU(3)

[DIMENSIONS] ( 16 x 16 x 16 x 16 )

[INIT] using 16 thread(s) 
[INIT] allocating su(2) subgroup indices
[IO] Read gauge field[IO] file offset 628
[IO] LOOP_VAR = 18
[IO] Reading gauge field (/home/jinchen/git/anl/IPG4Lattice/interp_gauge/../ensemble/S16T16/wilson_b6.34) took
[TIMER] elapsed :: 1.689792e-02 s 
[IO] Header     Trace :: 0.000015           || Plaq :: 0.593045 
[IO] Calculated Trace :: 0.000015129044838  || Plaq :: 0.593044920860260 

[GF] Using the Fourier accelerated non-linear conjugate gradient (FACG) routines
[GF] Interpolating gauge, accuracy of 1e-14 
[GF] Interpolating temporal epsilon :: 0.1 
[GF] Tuning parameter alpha :: 0.090000 
[GF] Performing AT MOST 6000 iterations before randomly restarting ... 
[GF] Allowing for 7 restarts before complaint ... 
[GF] Approximate O(a) exponential expansion, and reunitarisation in Gauge Fixing.
[GF] Plaquette :: 0.593044920860258 
[GF] Accuracy :: 8.6351e-15
[GF] Iters :: 566
[GF] Link trace :: 0.838120308245714 || Maximum :: 0.996898078839836
[GF] Temporal constance || Lin 2.504223e-05 || Log 4.035862e+00 
[GF] Functional :: 0.126465771800300

[TIMER] elapsed :: 1.724628e+01 s 
[IO] Writing 4D_SU3_GAUGE binary data

[TIMER] elapsed :: 1.387286e-02 s 
[IO] Page size is :: 62.713287, Total malloc [More] 0.060547  [Less] 0.037110 
[IO] Using the faster/memory expensive code 

[TIMER] elapsed :: 4.617596e-02 s 
[IO] Configuration written to /home/jinchen/git/anl/IPG4Lattice/interp_gauge/../ensemble/S16T16_itpg/wilson_b6.itpg.eps0p1.34 
 
Time for config 34, epsilon 0.1: 0 hours 0 minutes 17 seconds
 
Processing configuration 35 at GF_EPSILON = 0.1
Start time for config 35, epsilon 0.1: Sun May 31 09:55:22 PM EDT 2026
[IO] Attempting to read a NERSC file 
[PAR] CONDOR_MODE selected .... 
[IO] reading file /home/jinchen/git/anl/IPG4Lattice/interp_gauge/../ensemble/S16T16/wilson_b6.35
[IO] Configuration number :: 1 
[INIT] GLU is Compiled for SU(3)

[DIMENSIONS] ( 16 x 16 x 16 x 16 )

[INIT] using 16 thread(s) 
[INIT] allocating su(2) subgroup indices
[IO] Read gauge field[IO] file offset 629
[IO] LOOP_VAR = 18
[IO] Reading gauge field (/home/jinchen/git/anl/IPG4Lattice/interp_gauge/../ensemble/S16T16/wilson_b6.35) took
[TIMER] elapsed :: 1.149106e-02 s 
[IO] Header     Trace :: -0.000380           || Plaq :: 0.592635 
[IO] Calculated Trace :: -0.000380059658616  || Plaq :: 0.592634562252212 

[GF] Using the Fourier accelerated non-linear conjugate gradient (FACG) routines
[GF] Interpolating gauge, accuracy of 1e-14 
[GF] Interpolating temporal epsilon :: 0.1 
[GF] Tuning parameter alpha :: 0.090000 
[GF] Performing AT MOST 6000 iterations before randomly restarting ... 
[GF] Allowing for 7 restarts before complaint ... 
[GF] Approximate O(a) exponential expansion, and reunitarisation in Gauge Fixing.
[GF] Plaquette :: 0.592634562252212 
[GF] Accuracy :: 9.5944e-15
[GF] Iters :: 263
[GF] Link trace :: 0.838893191697147 || Maximum :: 0.996461325242083
[GF] Temporal constance || Lin 5.343249e-05 || Log 3.192431e+00 
[GF] Functional :: 0.126117553066104

[TIMER] elapsed :: 5.744300e+00 s 
[IO] Writing 4D_SU3_GAUGE binary data

[TIMER] elapsed :: 5.610943e-03 s 
[IO] Page size is :: 62.713287, Total malloc [More] 0.060547  [Less] 0.037110 
[IO] Using the faster/memory expensive code 

[TIMER] elapsed :: 3.946114e-02 s 
[IO] Configuration written to /home/jinchen/git/anl/IPG4Lattice/interp_gauge/../ensemble/S16T16_itpg/wilson_b6.itpg.eps0p1.35 
 
Time for config 35, epsilon 0.1: 0 hours 0 minutes 6 seconds
 
Processing configuration 36 at GF_EPSILON = 0.1
Start time for config 36, epsilon 0.1: Sun May 31 09:55:28 PM EDT 2026
[IO] Attempting to read a NERSC file 
[PAR] CONDOR_MODE selected .... 
[IO] reading file /home/jinchen/git/anl/IPG4Lattice/interp_gauge/../ensemble/S16T16/wilson_b6.36
[IO] Configuration number :: 1 
[INIT] GLU is Compiled for SU(3)

[DIMENSIONS] ( 16 x 16 x 16 x 16 )

[INIT] using 16 thread(s) 
[INIT] allocating su(2) subgroup indices
[IO] Read gauge field[IO] file offset 628
[IO] LOOP_VAR = 18
[IO] Reading gauge field (/home/jinchen/git/anl/IPG4Lattice/interp_gauge/../ensemble/S16T16/wilson_b6.36) took
[TIMER] elapsed :: 6.968975e-03 s 
[IO] Header     Trace :: 0.000174           || Plaq :: 0.594456 
[IO] Calculated Trace :: 0.000174313556461  || Plaq :: 0.594455575337383 

[GF] Using the Fourier accelerated non-linear conjugate gradient (FACG) routines
[GF] Interpolating gauge, accuracy of 1e-14 
[GF] Interpolating temporal epsilon :: 0.1 
[GF] Tuning parameter alpha :: 0.090000 
[GF] Performing AT MOST 6000 iterations before randomly restarting ... 
[GF] Allowing for 7 restarts before complaint ... 
[GF] Approximate O(a) exponential expansion, and reunitarisation in Gauge Fixing.
[GF] Plaquette :: 0.594455575337382 
[GF] Accuracy :: 9.2715e-15
[GF] Iters :: 496
[GF] Link trace :: 0.838721662688210 || Maximum :: 0.997146425186911
[GF] Temporal constance || Lin 3.084548e-05 || Log 3.568865e+00 
[GF] Functional :: 0.125746362096681

[TIMER] elapsed :: 5.935002e+00 s 
[IO] Writing 4D_SU3_GAUGE binary data

[TIMER] elapsed :: 6.038904e-03 s 
[IO] Page size is :: 62.713287, Total malloc [More] 0.060547  [Less] 0.037110 
[IO] Using the faster/memory expensive code 

[TIMER] elapsed :: 3.946614e-02 s 
[IO] Configuration written to /home/jinchen/git/anl/IPG4Lattice/interp_gauge/../ensemble/S16T16_itpg/wilson_b6.itpg.eps0p1.36 
 
Time for config 36, epsilon 0.1: 0 hours 0 minutes 6 seconds
 
Processing configuration 37 at GF_EPSILON = 0.1
Start time for config 37, epsilon 0.1: Sun May 31 09:55:34 PM EDT 2026
[IO] Attempting to read a NERSC file 
[PAR] CONDOR_MODE selected .... 
[IO] reading file /home/jinchen/git/anl/IPG4Lattice/interp_gauge/../ensemble/S16T16/wilson_b6.37
[IO] Configuration number :: 1 
[INIT] GLU is Compiled for SU(3)

[DIMENSIONS] ( 16 x 16 x 16 x 16 )

[INIT] using 16 thread(s) 
[INIT] allocating su(2) subgroup indices
[IO] Read gauge field[IO] file offset 627
[IO] LOOP_VAR = 18
[IO] Reading gauge field (/home/jinchen/git/anl/IPG4Lattice/interp_gauge/../ensemble/S16T16/wilson_b6.37) took
[TIMER] elapsed :: 7.101059e-03 s 
[IO] Header     Trace :: 0.000074           || Plaq :: 0.593678 
[IO] Calculated Trace :: 0.000074444202601  || Plaq :: 0.593677799528188 

[GF] Using the Fourier accelerated non-linear conjugate gradient (FACG) routines
[GF] Interpolating gauge, accuracy of 1e-14 
[GF] Interpolating temporal epsilon :: 0.1 
[GF] Tuning parameter alpha :: 0.090000 
[GF] Performing AT MOST 6000 iterations before randomly restarting ... 
[GF] Allowing for 7 restarts before complaint ... 
[GF] Approximate O(a) exponential expansion, and reunitarisation in Gauge Fixing.
[GF] Plaquette :: 0.593677799528185 
[GF] Accuracy :: 8.3840e-15
[GF] Iters :: 444
[GF] Link trace :: 0.839150884905639 || Maximum :: 0.998216836446709
[GF] Temporal constance || Lin 4.711539e-05 || Log 3.602019e+00 
[GF] Functional :: 0.125319133321043

[TIMER] elapsed :: 5.068777e+00 s 
[IO] Writing 4D_SU3_GAUGE binary data

[TIMER] elapsed :: 5.716085e-03 s 
[IO] Page size is :: 62.713287, Total malloc [More] 0.060547  [Less] 0.037110 
[IO] Using the faster/memory expensive code 

[TIMER] elapsed :: 3.868294e-02 s 
[IO] Configuration written to /home/jinchen/git/anl/IPG4Lattice/interp_gauge/../ensemble/S16T16_itpg/wilson_b6.itpg.eps0p1.37 
 
Time for config 37, epsilon 0.1: 0 hours 0 minutes 5 seconds
 
Processing configuration 38 at GF_EPSILON = 0.1
Start time for config 38, epsilon 0.1: Sun May 31 09:55:39 PM EDT 2026
[IO] Attempting to read a NERSC file 
[PAR] CONDOR_MODE selected .... 
[IO] reading file /home/jinchen/git/anl/IPG4Lattice/interp_gauge/../ensemble/S16T16/wilson_b6.38
[IO] Configuration number :: 1 
[INIT] GLU is Compiled for SU(3)

[DIMENSIONS] ( 16 x 16 x 16 x 16 )

[INIT] using 16 thread(s) 
[INIT] allocating su(2) subgroup indices
[IO] Read gauge field[IO] file offset 629
[IO] LOOP_VAR = 18
[IO] Reading gauge field (/home/jinchen/git/anl/IPG4Lattice/interp_gauge/../ensemble/S16T16/wilson_b6.38) took
[TIMER] elapsed :: 8.085966e-03 s 
[IO] Header     Trace :: -0.000416           || Plaq :: 0.593069 
[IO] Calculated Trace :: -0.000415862845724  || Plaq :: 0.593069367253601 

[GF] Using the Fourier accelerated non-linear conjugate gradient (FACG) routines
[GF] Interpolating gauge, accuracy of 1e-14 
[GF] Interpolating temporal epsilon :: 0.1 
[GF] Tuning parameter alpha :: 0.090000 
[GF] Performing AT MOST 6000 iterations before randomly restarting ... 
[GF] Allowing for 7 restarts before complaint ... 
[GF] Approximate O(a) exponential expansion, and reunitarisation in Gauge Fixing.
[IO] file offset 629
[IO] LOOP_VAR = 18
[PAR_RNG] MWC_4096
[PAR_RNG] Entropy read Seed 608717072
[PAR_RNG] warmed up
[GF] Plaquette :: 0.593069367253600 
[GF] Accuracy :: 8.6754e-15
[GF] Iters :: 123456943
[GF] Link trace :: 0.840036695826308 || Maximum :: 0.995582981720479
[GF] Temporal constance || Lin 1.370423e-05 || Log 2.948003e+00 
[GF] Functional :: 0.126057435345077

[TIMER] elapsed :: 1.054950e+02 s 
[IO] Writing 4D_SU3_GAUGE binary data

[TIMER] elapsed :: 5.635977e-03 s 
[IO] Page size is :: 62.713287, Total malloc [More] 0.060547  [Less] 0.037110 
[IO] Using the faster/memory expensive code 

[TIMER] elapsed :: 3.835702e-02 s 
[IO] Configuration written to /home/jinchen/git/anl/IPG4Lattice/interp_gauge/../ensemble/S16T16_itpg/wilson_b6.itpg.eps0p1.38 
 
Time for config 38, epsilon 0.1: 0 hours 1 minutes 46 seconds
 
Processing configuration 39 at GF_EPSILON = 0.1
Start time for config 39, epsilon 0.1: Sun May 31 09:57:25 PM EDT 2026
[IO] Attempting to read a NERSC file 
[PAR] CONDOR_MODE selected .... 
[IO] reading file /home/jinchen/git/anl/IPG4Lattice/interp_gauge/../ensemble/S16T16/wilson_b6.39
[IO] Configuration number :: 1 
[INIT] GLU is Compiled for SU(3)

[DIMENSIONS] ( 16 x 16 x 16 x 16 )

[INIT] using 16 thread(s) 
[INIT] allocating su(2) subgroup indices
[IO] Read gauge field[IO] file offset 629
[IO] LOOP_VAR = 18
[IO] Reading gauge field (/home/jinchen/git/anl/IPG4Lattice/interp_gauge/../ensemble/S16T16/wilson_b6.39) took
[TIMER] elapsed :: 7.055044e-03 s 
[IO] Header     Trace :: -0.000088           || Plaq :: 0.593962 
[IO] Calculated Trace :: -0.000088264313590  || Plaq :: 0.593962455329587 

[GF] Using the Fourier accelerated non-linear conjugate gradient (FACG) routines
[GF] Interpolating gauge, accuracy of 1e-14 
[GF] Interpolating temporal epsilon :: 0.1 
[GF] Tuning parameter alpha :: 0.090000 
[GF] Performing AT MOST 6000 iterations before randomly restarting ... 
[GF] Allowing for 7 restarts before complaint ... 
[GF] Approximate O(a) exponential expansion, and reunitarisation in Gauge Fixing.
[GF] Plaquette :: 0.593962455329585 
[GF] Accuracy :: 8.0740e-15
[GF] Iters :: 326
[GF] Link trace :: 0.840115074729331 || Maximum :: 0.997456055342083
[GF] Temporal constance || Lin 4.690729e-05 || Log 3.128447e+00 
[GF] Functional :: 0.125552185930769

[TIMER] elapsed :: 3.853420e+00 s 
[IO] Writing 4D_SU3_GAUGE binary data

[TIMER] elapsed :: 5.712986e-03 s 
[IO] Page size is :: 62.713287, Total malloc [More] 0.060547  [Less] 0.037110 
[IO] Using the faster/memory expensive code 

[TIMER] elapsed :: 3.844500e-02 s 
[IO] Configuration written to /home/jinchen/git/anl/IPG4Lattice/interp_gauge/../ensemble/S16T16_itpg/wilson_b6.itpg.eps0p1.39 
 
Time for config 39, epsilon 0.1: 0 hours 0 minutes 4 seconds
 
Processing configuration 40 at GF_EPSILON = 0.1
Start time for config 40, epsilon 0.1: Sun May 31 09:57:29 PM EDT 2026
[IO] Attempting to read a NERSC file 
[PAR] CONDOR_MODE selected .... 
[IO] reading file /home/jinchen/git/anl/IPG4Lattice/interp_gauge/../ensemble/S16T16/wilson_b6.40
[IO] Configuration number :: 1 
[INIT] GLU is Compiled for SU(3)

[DIMENSIONS] ( 16 x 16 x 16 x 16 )

[INIT] using 16 thread(s) 
[INIT] allocating su(2) subgroup indices
[IO] Read gauge field[IO] file offset 628
[IO] LOOP_VAR = 18
[IO] Reading gauge field (/home/jinchen/git/anl/IPG4Lattice/interp_gauge/../ensemble/S16T16/wilson_b6.40) took
[TIMER] elapsed :: 1.199913e-02 s 
[IO] Header     Trace :: -0.000473           || Plaq :: 0.594541 
[IO] Calculated Trace :: -0.000473018058692  || Plaq :: 0.594541056038175 

[GF] Using the Fourier accelerated non-linear conjugate gradient (FACG) routines
[GF] Interpolating gauge, accuracy of 1e-14 
[GF] Interpolating temporal epsilon :: 0.1 
[GF] Tuning parameter alpha :: 0.090000 
[GF] Performing AT MOST 6000 iterations before randomly restarting ... 
[GF] Allowing for 7 restarts before complaint ... 
[GF] Approximate O(a) exponential expansion, and reunitarisation in Gauge Fixing.
[IO] file offset 628
[IO] LOOP_VAR = 18
[PAR_RNG] MWC_4096
[PAR_RNG] Entropy read Seed 2641351134
[PAR_RNG] warmed up
[IO] file offset 628
[IO] LOOP_VAR = 18
[GF] Plaquette :: 0.594541056038173 
[GF] Accuracy :: 8.9784e-15
[GF] Iters :: 123463458
[GF] Link trace :: 0.839243188002013 || Maximum :: 0.997201905597066
[GF] Temporal constance || Lin 2.148927e-05 || Log 3.143857e+00 
[GF] Functional :: 0.125443745666858

[TIMER] elapsed :: 1.659011e+02 s 
[IO] Writing 4D_SU3_GAUGE binary data

[TIMER] elapsed :: 1.130104e-02 s 
[IO] Page size is :: 62.713287, Total malloc [More] 0.060547  [Less] 0.037110 
[IO] Using the faster/memory expensive code 

[TIMER] elapsed :: 4.640603e-02 s 
[IO] Configuration written to /home/jinchen/git/anl/IPG4Lattice/interp_gauge/../ensemble/S16T16_itpg/wilson_b6.itpg.eps0p1.40 
 
Time for config 40, epsilon 0.1: 0 hours 2 minutes 46 seconds
 
Processing configuration 41 at GF_EPSILON = 0.1
Start time for config 41, epsilon 0.1: Sun May 31 10:00:15 PM EDT 2026
[IO] Attempting to read a NERSC file 
[PAR] CONDOR_MODE selected .... 
[IO] reading file /home/jinchen/git/anl/IPG4Lattice/interp_gauge/../ensemble/S16T16/wilson_b6.41
[IO] Configuration number :: 1 
[INIT] GLU is Compiled for SU(3)

[DIMENSIONS] ( 16 x 16 x 16 x 16 )

[INIT] using 16 thread(s) 
[INIT] allocating su(2) subgroup indices
[IO] Read gauge field[IO] file offset 629
[IO] LOOP_VAR = 18
[IO] Reading gauge field (/home/jinchen/git/anl/IPG4Lattice/interp_gauge/../ensemble/S16T16/wilson_b6.41) took
[TIMER] elapsed :: 9.906054e-03 s 
[IO] Header     Trace :: -0.000251           || Plaq :: 0.594036 
[IO] Calculated Trace :: -0.000250531912339  || Plaq :: 0.594036457795016 

[GF] Using the Fourier accelerated non-linear conjugate gradient (FACG) routines
[GF] Interpolating gauge, accuracy of 1e-14 
[GF] Interpolating temporal epsilon :: 0.1 
[GF] Tuning parameter alpha :: 0.090000 
[GF] Performing AT MOST 6000 iterations before randomly restarting ... 
[GF] Allowing for 7 restarts before complaint ... 
[GF] Approximate O(a) exponential expansion, and reunitarisation in Gauge Fixing.
[IO] file offset 629
[IO] LOOP_VAR = 18
[PAR_RNG] MWC_4096
[PAR_RNG] Entropy read Seed 54189349
[PAR_RNG] warmed up
[IO] file offset 629
[IO] LOOP_VAR = 18
[IO] file offset 629
[IO] LOOP_VAR = 18
[GF] Plaquette :: 0.594036457994816 
[GF] Accuracy :: 7.8826e-15
[GF] Iters :: 123469776
[GF] Link trace :: 0.838365966213863 || Maximum :: 0.996047073125170
[GF] Temporal constance || Lin 5.116533e-05 || Log 5.207573e+00 
[GF] Functional :: 0.125877657740874

[TIMER] elapsed :: 3.002095e+02 s 
[IO] Writing 4D_SU3_GAUGE binary data

[TIMER] elapsed :: 5.611897e-03 s 
[IO] Page size is :: 62.713287, Total malloc [More] 0.060547  [Less] 0.037110 
[IO] Using the faster/memory expensive code 

[TIMER] elapsed :: 3.890586e-02 s 
[IO] Configuration written to /home/jinchen/git/anl/IPG4Lattice/interp_gauge/../ensemble/S16T16_itpg/wilson_b6.itpg.eps0p1.41 
 
Time for config 41, epsilon 0.1: 0 hours 5 minutes 0 seconds
 
Processing configuration 42 at GF_EPSILON = 0.1
Start time for config 42, epsilon 0.1: Sun May 31 10:05:15 PM EDT 2026
[IO] Attempting to read a NERSC file 
[PAR] CONDOR_MODE selected .... 
[IO] reading file /home/jinchen/git/anl/IPG4Lattice/interp_gauge/../ensemble/S16T16/wilson_b6.42
[IO] Configuration number :: 1 
[INIT] GLU is Compiled for SU(3)

[DIMENSIONS] ( 16 x 16 x 16 x 16 )

[INIT] using 16 thread(s) 
[INIT] allocating su(2) subgroup indices
[IO] Read gauge field[IO] file offset 628
[IO] LOOP_VAR = 18
[IO] Reading gauge field (/home/jinchen/git/anl/IPG4Lattice/interp_gauge/../ensemble/S16T16/wilson_b6.42) took
[TIMER] elapsed :: 6.998062e-03 s 
[IO] Header     Trace :: 0.000002           || Plaq :: 0.594289 
[IO] Calculated Trace :: 0.000001508201372  || Plaq :: 0.594288920496526 

[GF] Using the Fourier accelerated non-linear conjugate gradient (FACG) routines
[GF] Interpolating gauge, accuracy of 1e-14 
[GF] Interpolating temporal epsilon :: 0.1 
[GF] Tuning parameter alpha :: 0.090000 
[GF] Performing AT MOST 6000 iterations before randomly restarting ... 
[GF] Allowing for 7 restarts before complaint ... 
[GF] Approximate O(a) exponential expansion, and reunitarisation in Gauge Fixing.
[IO] file offset 628
[IO] LOOP_VAR = 18
[PAR_RNG] MWC_4096
[PAR_RNG] Entropy read Seed 644503126
[PAR_RNG] warmed up
[IO] file offset 628
[IO] LOOP_VAR = 18
[GF] Plaquette :: 0.594288920496525 
[GF] Accuracy :: 9.6182e-15
[GF] Iters :: 123463172
[GF] Link trace :: 0.840311724962521 || Maximum :: 0.997183329178685
[GF] Temporal constance || Lin 1.950742e-05 || Log 4.699852e+00 
[GF] Functional :: 0.125400201331525

[TIMER] elapsed :: 1.442948e+02 s 
[IO] Writing 4D_SU3_GAUGE binary data

[TIMER] elapsed :: 5.570889e-03 s 
[IO] Page size is :: 62.713287, Total malloc [More] 0.060547  [Less] 0.037110 
[IO] Using the faster/memory expensive code 

[TIMER] elapsed :: 3.843212e-02 s 
[IO] Configuration written to /home/jinchen/git/anl/IPG4Lattice/interp_gauge/../ensemble/S16T16_itpg/wilson_b6.itpg.eps0p1.42 
 
Time for config 42, epsilon 0.1: 0 hours 2 minutes 25 seconds
 
Processing configuration 43 at GF_EPSILON = 0.1
Start time for config 43, epsilon 0.1: Sun May 31 10:07:40 PM EDT 2026
[IO] Attempting to read a NERSC file 
[PAR] CONDOR_MODE selected .... 
[IO] reading file /home/jinchen/git/anl/IPG4Lattice/interp_gauge/../ensemble/S16T16/wilson_b6.43
[IO] Configuration number :: 1 
[INIT] GLU is Compiled for SU(3)

[DIMENSIONS] ( 16 x 16 x 16 x 16 )

[INIT] using 16 thread(s) 
[INIT] allocating su(2) subgroup indices
[IO] Read gauge field[IO] file offset 628
[IO] LOOP_VAR = 18
[IO] Reading gauge field (/home/jinchen/git/anl/IPG4Lattice/interp_gauge/../ensemble/S16T16/wilson_b6.43) took
[TIMER] elapsed :: 7.155180e-03 s 
[IO] Header     Trace :: 0.000497           || Plaq :: 0.593198 
[IO] Calculated Trace :: 0.000496944693622  || Plaq :: 0.593198482648228 

[GF] Using the Fourier accelerated non-linear conjugate gradient (FACG) routines
[GF] Interpolating gauge, accuracy of 1e-14 
[GF] Interpolating temporal epsilon :: 0.1 
[GF] Tuning parameter alpha :: 0.090000 
[GF] Performing AT MOST 6000 iterations before randomly restarting ... 
[GF] Allowing for 7 restarts before complaint ... 
[GF] Approximate O(a) exponential expansion, and reunitarisation in Gauge Fixing.
[GF] Plaquette :: 0.593198482648226 
[GF] Accuracy :: 8.0173e-15
[GF] Iters :: 478
[GF] Link trace :: 0.838481197127520 || Maximum :: 0.996322129258943
[GF] Temporal constance || Lin 7.035367e-05 || Log 3.003742e+00 
[GF] Functional :: 0.126312053948379

[TIMER] elapsed :: 5.700596e+00 s 
[IO] Writing 4D_SU3_GAUGE binary data

[TIMER] elapsed :: 5.765915e-03 s 
[IO] Page size is :: 62.713287, Total malloc [More] 0.060547  [Less] 0.037110 
[IO] Using the faster/memory expensive code 

[TIMER] elapsed :: 3.787994e-02 s 
[IO] Configuration written to /home/jinchen/git/anl/IPG4Lattice/interp_gauge/../ensemble/S16T16_itpg/wilson_b6.itpg.eps0p1.43 
 
Time for config 43, epsilon 0.1: 0 hours 0 minutes 5 seconds
 
Processing configuration 44 at GF_EPSILON = 0.1
Start time for config 44, epsilon 0.1: Sun May 31 10:07:45 PM EDT 2026
[IO] Attempting to read a NERSC file 
[PAR] CONDOR_MODE selected .... 
[IO] reading file /home/jinchen/git/anl/IPG4Lattice/interp_gauge/../ensemble/S16T16/wilson_b6.44
[IO] Configuration number :: 1 
[INIT] GLU is Compiled for SU(3)

[DIMENSIONS] ( 16 x 16 x 16 x 16 )

[INIT] using 16 thread(s) 
[INIT] allocating su(2) subgroup indices
[IO] Read gauge field[IO] file offset 626
[IO] LOOP_VAR = 18
[IO] Reading gauge field (/home/jinchen/git/anl/IPG4Lattice/interp_gauge/../ensemble/S16T16/wilson_b6.44) took
[TIMER] elapsed :: 6.880045e-03 s 
[IO] Header     Trace :: 0.000043           || Plaq :: 0.593620 
[IO] Calculated Trace :: 0.000042774470867  || Plaq :: 0.593620179962881 

[GF] Using the Fourier accelerated non-linear conjugate gradient (FACG) routines
[GF] Interpolating gauge, accuracy of 1e-14 
[GF] Interpolating temporal epsilon :: 0.1 
[GF] Tuning parameter alpha :: 0.090000 
[GF] Performing AT MOST 6000 iterations before randomly restarting ... 
[GF] Allowing for 7 restarts before complaint ... 
[GF] Approximate O(a) exponential expansion, and reunitarisation in Gauge Fixing.
[GF] Plaquette :: 0.593620179962877 
[GF] Accuracy :: 9.4560e-15
[GF] Iters :: 743
[GF] Link trace :: 0.839218150562303 || Maximum :: 0.996014361808374
[GF] Temporal constance || Lin 2.249077e-05 || Log 3.676024e+00 
[GF] Functional :: 0.125707621118025

[TIMER] elapsed :: 8.862856e+00 s 
[IO] Writing 4D_SU3_GAUGE binary data

[TIMER] elapsed :: 6.206036e-03 s 
[IO] Page size is :: 62.713287, Total malloc [More] 0.060547  [Less] 0.037110 
[IO] Using the faster/memory expensive code 

[TIMER] elapsed :: 4.777217e-02 s 
[IO] Configuration written to /home/jinchen/git/anl/IPG4Lattice/interp_gauge/../ensemble/S16T16_itpg/wilson_b6.itpg.eps0p1.44 
 
Time for config 44, epsilon 0.1: 0 hours 0 minutes 9 seconds
 
Processing configuration 45 at GF_EPSILON = 0.1
Start time for config 45, epsilon 0.1: Sun May 31 10:07:54 PM EDT 2026
[IO] Attempting to read a NERSC file 
[PAR] CONDOR_MODE selected .... 
[IO] reading file /home/jinchen/git/anl/IPG4Lattice/interp_gauge/../ensemble/S16T16/wilson_b6.45
[IO] Configuration number :: 1 
[INIT] GLU is Compiled for SU(3)

[DIMENSIONS] ( 16 x 16 x 16 x 16 )

[INIT] using 16 thread(s) 
[INIT] allocating su(2) subgroup indices
[IO] Read gauge field[IO] file offset 626
[IO] LOOP_VAR = 18
[IO] Reading gauge field (/home/jinchen/git/anl/IPG4Lattice/interp_gauge/../ensemble/S16T16/wilson_b6.45) took
[TIMER] elapsed :: 6.987095e-03 s 
[IO] Header     Trace :: 0.001395           || Plaq :: 0.594068 
[IO] Calculated Trace :: 0.001394514190466  || Plaq :: 0.594068255789063 

[GF] Using the Fourier accelerated non-linear conjugate gradient (FACG) routines
[GF] Interpolating gauge, accuracy of 1e-14 
[GF] Interpolating temporal epsilon :: 0.1 
[GF] Tuning parameter alpha :: 0.090000 
[GF] Performing AT MOST 6000 iterations before randomly restarting ... 
[GF] Allowing for 7 restarts before complaint ... 
[GF] Approximate O(a) exponential expansion, and reunitarisation in Gauge Fixing.
[GF] Plaquette :: 0.594068255789062 
[GF] Accuracy :: 9.6336e-15
[GF] Iters :: 395
[GF] Link trace :: 0.840228336495054 || Maximum :: 0.996372802987273
[GF] Temporal constance || Lin 1.768598e-05 || Log 3.712316e+00 
[GF] Functional :: 0.125325515386058

[TIMER] elapsed :: 4.602041e+00 s 
[IO] Writing 4D_SU3_GAUGE binary data

[TIMER] elapsed :: 1.137209e-02 s 
[IO] Page size is :: 62.713287, Total malloc [More] 0.060547  [Less] 0.037110 
[IO] Using the faster/memory expensive code 

[TIMER] elapsed :: 4.923701e-02 s 
[IO] Configuration written to /home/jinchen/git/anl/IPG4Lattice/interp_gauge/../ensemble/S16T16_itpg/wilson_b6.itpg.eps0p1.45 
 
Time for config 45, epsilon 0.1: 0 hours 0 minutes 5 seconds
 
Processing configuration 46 at GF_EPSILON = 0.1
Start time for config 46, epsilon 0.1: Sun May 31 10:07:59 PM EDT 2026
[IO] Attempting to read a NERSC file 
[PAR] CONDOR_MODE selected .... 
[IO] reading file /home/jinchen/git/anl/IPG4Lattice/interp_gauge/../ensemble/S16T16/wilson_b6.46
[IO] Configuration number :: 1 
[INIT] GLU is Compiled for SU(3)

[DIMENSIONS] ( 16 x 16 x 16 x 16 )

[INIT] using 16 thread(s) 
[INIT] allocating su(2) subgroup indices
[IO] Read gauge field[IO] file offset 628
[IO] LOOP_VAR = 18
[IO] Reading gauge field (/home/jinchen/git/anl/IPG4Lattice/interp_gauge/../ensemble/S16T16/wilson_b6.46) took
[TIMER] elapsed :: 1.151085e-02 s 
[IO] Header     Trace :: 0.000096           || Plaq :: 0.593359 
[IO] Calculated Trace :: 0.000096410478253  || Plaq :: 0.593358816210688 

[GF] Using the Fourier accelerated non-linear conjugate gradient (FACG) routines
[GF] Interpolating gauge, accuracy of 1e-14 
[GF] Interpolating temporal epsilon :: 0.1 
[GF] Tuning parameter alpha :: 0.090000 
[GF] Performing AT MOST 6000 iterations before randomly restarting ... 
[GF] Allowing for 7 restarts before complaint ... 
[GF] Approximate O(a) exponential expansion, and reunitarisation in Gauge Fixing.
[GF] Plaquette :: 0.593358816210683 
[GF] Accuracy :: 9.3323e-15
[GF] Iters :: 596
[GF] Link trace :: 0.839383997695065 || Maximum :: 0.996306159544226
[GF] Temporal constance || Lin 1.929795e-05 || Log 2.796054e+00 
[GF] Functional :: 0.125862646955132

[TIMER] elapsed :: 7.193979e+00 s 
[IO] Writing 4D_SU3_GAUGE binary data

[TIMER] elapsed :: 5.660057e-03 s 
[IO] Page size is :: 62.713287, Total malloc [More] 0.060547  [Less] 0.037110 
[IO] Using the faster/memory expensive code 

[TIMER] elapsed :: 3.864908e-02 s 
[IO] Configuration written to /home/jinchen/git/anl/IPG4Lattice/interp_gauge/../ensemble/S16T16_itpg/wilson_b6.itpg.eps0p1.46 
 
Time for config 46, epsilon 0.1: 0 hours 0 minutes 7 seconds
 
Processing configuration 47 at GF_EPSILON = 0.1
Start time for config 47, epsilon 0.1: Sun May 31 10:08:06 PM EDT 2026
[IO] Attempting to read a NERSC file 
[PAR] CONDOR_MODE selected .... 
[IO] reading file /home/jinchen/git/anl/IPG4Lattice/interp_gauge/../ensemble/S16T16/wilson_b6.47
[IO] Configuration number :: 1 
[INIT] GLU is Compiled for SU(3)

[DIMENSIONS] ( 16 x 16 x 16 x 16 )

[INIT] using 16 thread(s) 
[INIT] allocating su(2) subgroup indices
[IO] Read gauge field[IO] file offset 629
[IO] LOOP_VAR = 18
[IO] Reading gauge field (/home/jinchen/git/anl/IPG4Lattice/interp_gauge/../ensemble/S16T16/wilson_b6.47) took
[TIMER] elapsed :: 6.861925e-03 s 
[IO] Header     Trace :: -0.000658           || Plaq :: 0.594025 
[IO] Calculated Trace :: -0.000657819325306  || Plaq :: 0.594025450842068 

[GF] Using the Fourier accelerated non-linear conjugate gradient (FACG) routines
[GF] Interpolating gauge, accuracy of 1e-14 
[GF] Interpolating temporal epsilon :: 0.1 
[GF] Tuning parameter alpha :: 0.090000 
[GF] Performing AT MOST 6000 iterations before randomly restarting ... 
[GF] Allowing for 7 restarts before complaint ... 
[GF] Approximate O(a) exponential expansion, and reunitarisation in Gauge Fixing.
[GF] Plaquette :: 0.594025450842068 
[GF] Accuracy :: 9.0040e-15
[GF] Iters :: 380
[GF] Link trace :: 0.840871610012647 || Maximum :: 0.996275938959084
[GF] Temporal constance || Lin 5.708605e-05 || Log 2.721330e+00 
[GF] Functional :: 0.124970320460746

[TIMER] elapsed :: 4.604230e+00 s 
[IO] Writing 4D_SU3_GAUGE binary data

[TIMER] elapsed :: 5.736113e-03 s 
[IO] Page size is :: 62.713287, Total malloc [More] 0.060547  [Less] 0.037110 
[IO] Using the faster/memory expensive code 

[TIMER] elapsed :: 3.801084e-02 s 
[IO] Configuration written to /home/jinchen/git/anl/IPG4Lattice/interp_gauge/../ensemble/S16T16_itpg/wilson_b6.itpg.eps0p1.47 
 
Time for config 47, epsilon 0.1: 0 hours 0 minutes 5 seconds
 
Processing configuration 48 at GF_EPSILON = 0.1
Start time for config 48, epsilon 0.1: Sun May 31 10:08:11 PM EDT 2026
[IO] Attempting to read a NERSC file 
[PAR] CONDOR_MODE selected .... 
[IO] reading file /home/jinchen/git/anl/IPG4Lattice/interp_gauge/../ensemble/S16T16/wilson_b6.48
[IO] Configuration number :: 1 
[INIT] GLU is Compiled for SU(3)

[DIMENSIONS] ( 16 x 16 x 16 x 16 )

[INIT] using 16 thread(s) 
[INIT] allocating su(2) subgroup indices
[IO] Read gauge field[IO] file offset 628
[IO] LOOP_VAR = 18
[IO] Reading gauge field (/home/jinchen/git/anl/IPG4Lattice/interp_gauge/../ensemble/S16T16/wilson_b6.48) took
[TIMER] elapsed :: 6.941080e-03 s 
[IO] Header     Trace :: 0.000242           || Plaq :: 0.593621 
[IO] Calculated Trace :: 0.000242486766589  || Plaq :: 0.593621172559305 

[GF] Using the Fourier accelerated non-linear conjugate gradient (FACG) routines
[GF] Interpolating gauge, accuracy of 1e-14 
[GF] Interpolating temporal epsilon :: 0.1 
[GF] Tuning parameter alpha :: 0.090000 
[GF] Performing AT MOST 6000 iterations before randomly restarting ... 
[GF] Allowing for 7 restarts before complaint ... 
[GF] Approximate O(a) exponential expansion, and reunitarisation in Gauge Fixing.
[GF] Plaquette :: 0.593621172559304 
[GF] Accuracy :: 9.4196e-15
[GF] Iters :: 323
[GF] Link trace :: 0.840062453296420 || Maximum :: 0.996770286286871
[GF] Temporal constance || Lin 1.045454e-04 || Log 2.768547e+00 
[GF] Functional :: 0.125558437106912

[TIMER] elapsed :: 3.743295e+00 s 
[IO] Writing 4D_SU3_GAUGE binary data

[TIMER] elapsed :: 5.774021e-03 s 
[IO] Page size is :: 62.713287, Total malloc [More] 0.060547  [Less] 0.037110 
[IO] Using the faster/memory expensive code 

[TIMER] elapsed :: 3.872108e-02 s 
[IO] Configuration written to /home/jinchen/git/anl/IPG4Lattice/interp_gauge/../ensemble/S16T16_itpg/wilson_b6.itpg.eps0p1.48 
 
Time for config 48, epsilon 0.1: 0 hours 0 minutes 4 seconds
 
Processing configuration 49 at GF_EPSILON = 0.1
Start time for config 49, epsilon 0.1: Sun May 31 10:08:15 PM EDT 2026
[IO] Attempting to read a NERSC file 
[PAR] CONDOR_MODE selected .... 
[IO] reading file /home/jinchen/git/anl/IPG4Lattice/interp_gauge/../ensemble/S16T16/wilson_b6.49
[IO] Configuration number :: 1 
[INIT] GLU is Compiled for SU(3)

[DIMENSIONS] ( 16 x 16 x 16 x 16 )

[INIT] using 16 thread(s) 
[INIT] allocating su(2) subgroup indices
[IO] Read gauge field[IO] file offset 628
[IO] LOOP_VAR = 18
[IO] Reading gauge field (/home/jinchen/git/anl/IPG4Lattice/interp_gauge/../ensemble/S16T16/wilson_b6.49) took
[TIMER] elapsed :: 1.342297e-02 s 
[IO] Header     Trace :: -0.000228           || Plaq :: 0.594408 
[IO] Calculated Trace :: -0.000227934875986  || Plaq :: 0.594408435347543 

[GF] Using the Fourier accelerated non-linear conjugate gradient (FACG) routines
[GF] Interpolating gauge, accuracy of 1e-14 
[GF] Interpolating temporal epsilon :: 0.1 
[GF] Tuning parameter alpha :: 0.090000 
[GF] Performing AT MOST 6000 iterations before randomly restarting ... 
[GF] Allowing for 7 restarts before complaint ... 
[GF] Approximate O(a) exponential expansion, and reunitarisation in Gauge Fixing.
[GF] Plaquette :: 0.594408435347541 
[GF] Accuracy :: 8.4735e-15
[GF] Iters :: 398
[GF] Link trace :: 0.841577640153721 || Maximum :: 0.997073634174983
[GF] Temporal constance || Lin 1.767601e-05 || Log 2.726832e+00 
[GF] Functional :: 0.124645488307686

[TIMER] elapsed :: 4.629495e+00 s 
[IO] Writing 4D_SU3_GAUGE binary data

[TIMER] elapsed :: 5.712032e-03 s 
[IO] Page size is :: 62.713287, Total malloc [More] 0.060547  [Less] 0.037110 
[IO] Using the faster/memory expensive code 

[TIMER] elapsed :: 3.855491e-02 s 
[IO] Configuration written to /home/jinchen/git/anl/IPG4Lattice/interp_gauge/../ensemble/S16T16_itpg/wilson_b6.itpg.eps0p1.49 
 
Time for config 49, epsilon 0.1: 0 hours 0 minutes 5 seconds
 
Total time: 3581 seconds
